Sequence Name_sanger,Genes_sanger,PR Start_sanger,PR End_sanger,RT Start_sanger,RT End_sanger,IN Start_sanger,IN End_sanger,Subtype (%)_sanger,NA Mixture Rate (%)_sanger,PI Major_sanger,PI Accessory_sanger,PR Other_sanger,NRTI_sanger,NNRTI_sanger,RT Other_sanger,INSTI Major_sanger,INSTI Accessory_sanger,IN Other_sanger,PI SDRMs_sanger,NRTI SDRMs_sanger,NNRTI SDRMs_sanger,INSTI SDRMs_sanger,PI TSMs_sanger,NRTI TSMs_sanger,NNRTI TSMs_sanger,INSTI TSMs_sanger,Num Frame Shifts_sanger,Frame Shifts_sanger,Num Insertions_sanger,Insertions_sanger,Num Deletions_sanger,Deletions_sanger,Num Stop Codons_sanger,Stop Codons_sanger,Num Ambiguous_sanger,Ambiguous_sanger,Num Apobec Mutations_sanger,Apobec Mutations_sanger,Num Unusual Mutations_sanger,Unusual Mutations_sanger,Permanent Link_sanger,bc,Sequence Name_canu,Genes_canu,PR Start_canu,PR End_canu,RT Start_canu,RT End_canu,IN Start_canu,IN End_canu,Subtype (%)_canu,NA Mixture Rate (%)_canu,PI Major_canu,PI Accessory_canu,PR Other_canu,NRTI_canu,NNRTI_canu,RT Other_canu,INSTI Major_canu,INSTI Accessory_canu,IN Other_canu,PI SDRMs_canu,NRTI SDRMs_canu,NNRTI SDRMs_canu,INSTI SDRMs_canu,PI TSMs_canu,NRTI TSMs_canu,NNRTI TSMs_canu,INSTI TSMs_canu,Num Frame Shifts_canu,Frame Shifts_canu,Num Insertions_canu,Insertions_canu,Num Deletions_canu,Deletions_canu,Num Stop Codons_canu,Stop Codons_canu,Num Ambiguous_canu,Ambiguous_canu,Num Apobec Mutations_canu,Apobec Mutations_canu,Num Unusual Mutations_canu,Unusual Mutations_canu,Permanent Link_canu,subtype_sanger,subtype_canu
BC01_ref_V24_05_010,"PR,RT",6,99,1,251,NA,NA,A1 (5.51%),0.77,None,None,"I13V,L33V,E35D,M36I,R41K,L63Q,H69K,K70R,L89M",None,"K103N,Y181YC","V10VI,K11R,V35T,T39TA,T69NS,K122E,D123Q,K173S,Q174K,V179I,I202V,Q207DE,R211K",NA,NA,NA,None,None,"K103N,Y181C",NA,None,None,"K103N,Y181C",NA,0,None,0,None,0,None,0,None,0,None,0,None,0,None,https://hivdb.stanford.edu/hivdb/by-patterns/report/?name=BC01_ref_V24_05_010&mutations=PR%3AI13V%2CPR%3AL33V%2CPR%3AE35D%2CPR%3AM36I%2CPR%3AR41K%2CPR%3AL63Q%2CPR%3AH69K%2CPR%3AK70R%2CPR%3AL89M%2CRT%3AV10VI%2CRT%3AK11R%2CRT%3AV35T%2CRT%3AT39TA%2CRT%3AT69NS%2CRT%3AK103N%2CRT%3AK122E%2CRT%3AD123Q%2CRT%3AK173S%2CRT%3AQ174K%2CRT%3AV179I%2CRT%3AY181YC%2CRT%3AI202V%2CRT%3AQ207DE%2CRT%3AR211K,1,barcode01_tig00000001 len=1130 reads=209 class=contig suggestRepeat=no suggestBubble=no suggestCircular=no trim=0-1130,"PR,RT",6,99,1,251,NA,NA,A1 (5.70%),0.00,None,None,"I13V,E35D,M36I,R41K,L63Q,H69K,K70R,L89M",None,"K103N,Y181C","K11R,V35T,T39A,T69N,K122E,D123Q,K173S,Q174K,V179I,I202V,Q207N,R211K",NA,NA,NA,None,None,"K103N,Y181C",NA,None,None,"K103N,Y181C",NA,0,None,0,None,0,None,0,None,0,None,0,None,0,None,https://hivdb.stanford.edu/hivdb/by-patterns/report/?name=barcode01_tig00000001+len%3D1130+reads%3D209+class%3Dcontig+suggestRepeat%3Dno+suggestBubble%3Dno+suggestCircular%3Dno+trim%3D0-1130&mutations=PR%3AI13V%2CPR%3AE35D%2CPR%3AM36I%2CPR%3AR41K%2CPR%3AL63Q%2CPR%3AH69K%2CPR%3AK70R%2CPR%3AL89M%2CRT%3AK11R%2CRT%3AV35T%2CRT%3AT39A%2CRT%3AT69N%2CRT%3AK103N%2CRT%3AK122E%2CRT%3AD123Q%2CRT%3AK173S%2CRT%3AQ174K%2CRT%3AV179I%2CRT%3AY181C%2CRT%3AI202V%2CRT%3AQ207N%2CRT%3AR211K,A1,A1
BC02_ref_V24_05_011,"PR,RT",6,99,1,251,NA,NA,A1 (6.09%),0.68,None,None,"I13V,I15V,E35ED,M36I,R41K,R57K,H69K,K70KR,L89M","M41L,M184V,T215Y","A98G,K101H,V108I,G190A","V21I,V35T,T39N,V60I,L109I,K122E,D123N,K173S,Q174K,N175NY,Q207E,R211K,I244IV,V245Q,E248N,D250E",NA,NA,NA,None,"M41L,M184V,T215Y",G190A,NA,None,"M41L,L109I,M184V,T215Y","A98G,K101H,V108I,G190A",NA,0,None,0,None,0,None,0,None,0,None,0,None,0,None,https://hivdb.stanford.edu/hivdb/by-patterns/report/?name=BC02_ref_V24_05_011&mutations=PR%3AI13V%2CPR%3AI15V%2CPR%3AE35ED%2CPR%3AM36I%2CPR%3AR41K%2CPR%3AR57K%2CPR%3AH69K%2CPR%3AK70KR%2CPR%3AL89M%2CRT%3AV21I%2CRT%3AV35T%2CRT%3AT39N%2CRT%3AM41L%2CRT%3AV60I%2CRT%3AA98G%2CRT%3AK101H%2CRT%3AV108I%2CRT%3AL109I%2CRT%3AK122E%2CRT%3AD123N%2CRT%3AK173S%2CRT%3AQ174K%2CRT%3AN175NY%2CRT%3AM184V%2CRT%3AG190A%2CRT%3AQ207E%2CRT%3AR211K%2CRT%3AT215Y%2CRT%3AI244IV%2CRT%3AV245Q%2CRT%3AE248N%2CRT%3AD250E,2,barcode02_tig00000001 len=1158 reads=200 class=contig suggestRepeat=no suggestBubble=no suggestCircular=no trim=0-1158,"PR,RT",6,99,1,251,NA,NA,A1 (6.28%),0.00,None,None,"I13V,I15V,M36I,R41K,R57K,H69K,L89M","M41L,M184V,T215Y","A98G,K101H,V108I,G190A","V21I,V35T,T39N,V60I,L109I,K122E,D123N,K173S,Q174K,Q207E,R211K,V245Q,E248N,D250E",NA,NA,NA,None,"M41L,M184V,T215Y",G190A,NA,None,"M41L,L109I,M184V,T215Y","A98G,K101H,V108I,G190A",NA,0,None,0,None,0,None,0,None,0,None,0,None,0,None,https://hivdb.stanford.edu/hivdb/by-patterns/report/?name=barcode02_tig00000001+len%3D1158+reads%3D200+class%3Dcontig+suggestRepeat%3Dno+suggestBubble%3Dno+suggestCircular%3Dno+trim%3D0-1158&mutations=PR%3AI13V%2CPR%3AI15V%2CPR%3AM36I%2CPR%3AR41K%2CPR%3AR57K%2CPR%3AH69K%2CPR%3AL89M%2CRT%3AV21I%2CRT%3AV35T%2CRT%3AT39N%2CRT%3AM41L%2CRT%3AV60I%2CRT%3AA98G%2CRT%3AK101H%2CRT%3AV108I%2CRT%3AL109I%2CRT%3AK122E%2CRT%3AD123N%2CRT%3AK173S%2CRT%3AQ174K%2CRT%3AM184V%2CRT%3AG190A%2CRT%3AQ207E%2CRT%3AR211K%2CRT%3AT215Y%2CRT%3AV245Q%2CRT%3AE248N%2CRT%3AD250E,A1,A1
BC03_ref_V24_05_012,"PR,RT",6,99,1,251,NA,NA,A1 (3.96%),1.26,None,None,"K14R,G16A,E35D,M36I,R41K,R57K,H69K,L89M",None,"K103N,Y181C","P4H,I5IV,K11T,K20R,V21I,V35T,T39R,K122E,D123S,T165M,I167V,K173A,Q174QK,D177E,V179I,T200A,I202V,Q207A,R211S,V245Q,S251C",NA,NA,NA,None,None,"K103N,Y181C",NA,None,None,"K103N,Y181C",NA,0,None,0,None,0,None,0,None,0,None,0,None,0,None,https://hivdb.stanford.edu/hivdb/by-patterns/report/?name=BC03_ref_V24_05_012&mutations=PR%3AK14R%2CPR%3AG16A%2CPR%3AE35D%2CPR%3AM36I%2CPR%3AR41K%2CPR%3AR57K%2CPR%3AH69K%2CPR%3AL89M%2CRT%3AP4H%2CRT%3AI5IV%2CRT%3AK11T%2CRT%3AK20R%2CRT%3AV21I%2CRT%3AV35T%2CRT%3AT39R%2CRT%3AK103N%2CRT%3AK122E%2CRT%3AD123S%2CRT%3AT165M%2CRT%3AI167V%2CRT%3AK173A%2CRT%3AQ174QK%2CRT%3AD177E%2CRT%3AV179I%2CRT%3AY181C%2CRT%3AT200A%2CRT%3AI202V%2CRT%3AQ207A%2CRT%3AR211S%2CRT%3AV245Q%2CRT%3AS251C,3,barcode03_tig00000001 len=1224 reads=209 class=contig suggestRepeat=no suggestBubble=no suggestCircular=no trim=0-1224,"PR,RT",6,99,1,251,NA,NA,A1 (4.54%),0.00,None,None,"K14R,G16A,E35D,M36I,R41K,R57K,H69K,L89M",None,"K103N,Y181C","P4H,I5V,K11T,K20R,V21I,V35T,T39R,K122E,D123S,T165M,I167V,K173A,Q174K,D177E,V179I,T200A,I202V,Q207A,R211S,V245Q,S251C",NA,NA,NA,None,None,"K103N,Y181C",NA,None,None,"K103N,Y181C",NA,0,None,0,None,0,None,0,None,0,None,0,None,0,None,https://hivdb.stanford.edu/hivdb/by-patterns/report/?name=barcode03_tig00000001+len%3D1224+reads%3D209+class%3Dcontig+suggestRepeat%3Dno+suggestBubble%3Dno+suggestCircular%3Dno+trim%3D0-1224&mutations=PR%3AK14R%2CPR%3AG16A%2CPR%3AE35D%2CPR%3AM36I%2CPR%3AR41K%2CPR%3AR57K%2CPR%3AH69K%2CPR%3AL89M%2CRT%3AP4H%2CRT%3AI5V%2CRT%3AK11T%2CRT%3AK20R%2CRT%3AV21I%2CRT%3AV35T%2CRT%3AT39R%2CRT%3AK103N%2CRT%3AK122E%2CRT%3AD123S%2CRT%3AT165M%2CRT%3AI167V%2CRT%3AK173A%2CRT%3AQ174K%2CRT%3AD177E%2CRT%3AV179I%2CRT%3AY181C%2CRT%3AT200A%2CRT%3AI202V%2CRT%3AQ207A%2CRT%3AR211S%2CRT%3AV245Q%2CRT%3AS251C,A1,A1
BC04_ref_V24_05_013,"PR,RT",6,99,1,251,NA,NA,G (4.54%),1.45,None,None,"T12S,I13V,K20I,M36I,R41K,C67E,H69K,V82I,L89M",None,None,"V35T,V60I,K122E,K173T,Q174K,D177E,I178IM,T200A,Q207E,R211K,V245Q,E248D,D250E",NA,NA,NA,None,None,None,NA,None,None,None,NA,0,None,0,None,0,None,0,None,0,None,0,None,0,None,https://hivdb.stanford.edu/hivdb/by-patterns/report/?name=BC04_ref_V24_05_013&mutations=PR%3AT12S%2CPR%3AI13V%2CPR%3AK20I%2CPR%3AM36I%2CPR%3AR41K%2CPR%3AC67E%2CPR%3AH69K%2CPR%3AV82I%2CPR%3AL89M%2CRT%3AV35T%2CRT%3AV60I%2CRT%3AK122E%2CRT%3AK173T%2CRT%3AQ174K%2CRT%3AD177E%2CRT%3AI178IM%2CRT%3AT200A%2CRT%3AQ207E%2CRT%3AR211K%2CRT%3AV245Q%2CRT%3AE248D%2CRT%3AD250E,4,barcode04_tig00000001 len=1187 reads=204 class=contig suggestRepeat=no suggestBubble=no suggestCircular=no trim=0-1187,"PR,RT",6,99,1,251,NA,NA,G (5.22%),0.00,None,None,"T12S,I13V,K20I,M36I,R41K,C67E,H69K,V82I,L89M",None,None,"V35T,V60I,K122E,K173T,Q174K,D177E,I178M,T200A,Q207E,R211K,V245Q,E248D,D250E",NA,NA,NA,None,None,None,NA,None,None,None,NA,0,None,0,None,0,None,0,None,0,None,0,None,0,None,https://hivdb.stanford.edu/hivdb/by-patterns/report/?name=barcode04_tig00000001+len%3D1187+reads%3D204+class%3Dcontig+suggestRepeat%3Dno+suggestBubble%3Dno+suggestCircular%3Dno+trim%3D0-1187&mutations=PR%3AT12S%2CPR%3AI13V%2CPR%3AK20I%2CPR%3AM36I%2CPR%3AR41K%2CPR%3AC67E%2CPR%3AH69K%2CPR%3AV82I%2CPR%3AL89M%2CRT%3AV35T%2CRT%3AV60I%2CRT%3AK122E%2CRT%3AK173T%2CRT%3AQ174K%2CRT%3AD177E%2CRT%3AI178M%2CRT%3AT200A%2CRT%3AQ207E%2CRT%3AR211K%2CRT%3AV245Q%2CRT%3AE248D%2CRT%3AD250E,G,G
BC05_ref_V24_05_014,"PR,RT",6,99,1,251,NA,NA,A1 (5.70%),1.26,None,None,"I13V,E35D,M36I,R41K,K45R,R57K,L63LP,H69K,L89M",None,K103KN,"E6EK,K11T,V21I,V35T,V60I,K122E,D123N,I135T,I142V,T165TI,K173A,Q174K,D177E,I178V,V179I,G196E,T200A,I202V,Q207A,R211S,V245Q,E248D",NA,NA,NA,None,None,K103N,NA,None,None,K103N,NA,0,None,0,None,0,None,0,None,0,None,0,None,0,None,https://hivdb.stanford.edu/hivdb/by-patterns/report/?name=BC05_ref_V24_05_014&mutations=PR%3AI13V%2CPR%3AE35D%2CPR%3AM36I%2CPR%3AR41K%2CPR%3AK45R%2CPR%3AR57K%2CPR%3AL63LP%2CPR%3AH69K%2CPR%3AL89M%2CRT%3AE6EK%2CRT%3AK11T%2CRT%3AV21I%2CRT%3AV35T%2CRT%3AV60I%2CRT%3AK103KN%2CRT%3AK122E%2CRT%3AD123N%2CRT%3AI135T%2CRT%3AI142V%2CRT%3AT165TI%2CRT%3AK173A%2CRT%3AQ174K%2CRT%3AD177E%2CRT%3AI178V%2CRT%3AV179I%2CRT%3AG196E%2CRT%3AT200A%2CRT%3AI202V%2CRT%3AQ207A%2CRT%3AR211S%2CRT%3AV245Q%2CRT%3AE248D,5,barcode05_tig00000001 len=1158 reads=213 class=contig suggestRepeat=no suggestBubble=no suggestCircular=no trim=0-1158,"PR,RT",6,99,1,251,NA,NA,A1 (5.99%),0.00,None,None,"I13V,E35D,M36I,R41K,K45R,R57K,H69K,L89M",None,K103N,"E6K,K11T,V21I,V35T,V60I,K122E,D123N,I135T,I142V,K173A,Q174K,D177E,I178V,V179I,G196E,T200A,I202V,Q207A,R211S,V245Q,E248D",NA,NA,NA,None,None,K103N,NA,None,None,K103N,NA,0,None,0,None,0,None,0,None,0,None,0,None,0,None,https://hivdb.stanford.edu/hivdb/by-patterns/report/?name=barcode05_tig00000001+len%3D1158+reads%3D213+class%3Dcontig+suggestRepeat%3Dno+suggestBubble%3Dno+suggestCircular%3Dno+trim%3D0-1158&mutations=PR%3AI13V%2CPR%3AE35D%2CPR%3AM36I%2CPR%3AR41K%2CPR%3AK45R%2CPR%3AR57K%2CPR%3AH69K%2CPR%3AL89M%2CRT%3AE6K%2CRT%3AK11T%2CRT%3AV21I%2CRT%3AV35T%2CRT%3AV60I%2CRT%3AK103N%2CRT%3AK122E%2CRT%3AD123N%2CRT%3AI135T%2CRT%3AI142V%2CRT%3AK173A%2CRT%3AQ174K%2CRT%3AD177E%2CRT%3AI178V%2CRT%3AV179I%2CRT%3AG196E%2CRT%3AT200A%2CRT%3AI202V%2CRT%3AQ207A%2CRT%3AR211S%2CRT%3AV245Q%2CRT%3AE248D,A1,A1
BC06_ref_V24_05_015,"PR,RT",6,99,1,251,NA,NA,D (4.83%),0.87,None,None,"I15IV,M36I,R41K,D60E,I62V,L63P,C67S",None,K103N,"V35T,K49R,V60I,K122E,E169K,K173E,D177E,I178M,T200A,Q207E,R211K,V245Q",NA,NA,NA,None,None,K103N,NA,None,None,K103N,NA,0,None,0,None,0,None,0,None,0,None,0,None,0,None,https://hivdb.stanford.edu/hivdb/by-patterns/report/?name=BC06_ref_V24_05_015&mutations=PR%3AI15IV%2CPR%3AM36I%2CPR%3AR41K%2CPR%3AD60E%2CPR%3AI62V%2CPR%3AL63P%2CPR%3AC67S%2CRT%3AV35T%2CRT%3AK49R%2CRT%3AV60I%2CRT%3AK103N%2CRT%3AK122E%2CRT%3AE169K%2CRT%3AK173E%2CRT%3AD177E%2CRT%3AI178M%2CRT%3AT200A%2CRT%3AQ207E%2CRT%3AR211K%2CRT%3AV245Q,6,barcode06_tig00000001 len=1130 reads=210 class=contig suggestRepeat=no suggestBubble=no suggestCircular=no trim=0-1130,"PR,RT",6,99,1,251,NA,NA,B (5.41%),0.00,None,None,"I15V,M36I,R41K,D60E,I62V,L63P,C67S",None,K103N,"V35T,K49R,V60I,K122E,E169K,K173E,D177E,I178M,T200A,Q207E,R211K,V245Q",NA,NA,NA,None,None,K103N,NA,None,None,K103N,NA,0,None,0,None,0,None,0,None,0,None,0,None,0,None,https://hivdb.stanford.edu/hivdb/by-patterns/report/?name=barcode06_tig00000001+len%3D1130+reads%3D210+class%3Dcontig+suggestRepeat%3Dno+suggestBubble%3Dno+suggestCircular%3Dno+trim%3D0-1130&mutations=PR%3AI15V%2CPR%3AM36I%2CPR%3AR41K%2CPR%3AD60E%2CPR%3AI62V%2CPR%3AL63P%2CPR%3AC67S%2CRT%3AV35T%2CRT%3AK49R%2CRT%3AV60I%2CRT%3AK103N%2CRT%3AK122E%2CRT%3AE169K%2CRT%3AK173E%2CRT%3AD177E%2CRT%3AI178M%2CRT%3AT200A%2CRT%3AQ207E%2CRT%3AR211K%2CRT%3AV245Q,D,B
BC07_ref_V24_05_016,"PR,RT",6,99,1,251,NA,NA,A1 (3.57%),0.87,None,None,"I13V,E35D,M36I,N37ND,R41K,D60DE,H69K,L89M",None,None,"K11T,K20R,V21VI,V35T,T39E,K122E,D123NS,K173A,D177E,I178IV,V179I,T200TI,I202V,Q207A,R211S,V245Q,E248D,D250E",NA,NA,NA,None,None,None,NA,None,None,None,NA,0,None,0,None,0,None,0,None,0,None,0,None,0,None,https://hivdb.stanford.edu/hivdb/by-patterns/report/?name=BC07_ref_V24_05_016&mutations=PR%3AI13V%2CPR%3AE35D%2CPR%3AM36I%2CPR%3AN37ND%2CPR%3AR41K%2CPR%3AD60DE%2CPR%3AH69K%2CPR%3AL89M%2CRT%3AK11T%2CRT%3AK20R%2CRT%3AV21VI%2CRT%3AV35T%2CRT%3AT39E%2CRT%3AK122E%2CRT%3AD123NS%2CRT%3AK173A%2CRT%3AD177E%2CRT%3AI178IV%2CRT%3AV179I%2CRT%3AT200TI%2CRT%3AI202V%2CRT%3AQ207A%2CRT%3AR211S%2CRT%3AV245Q%2CRT%3AE248D%2CRT%3AD250E,7,barcode07_tig00000001 len=1148 reads=196 class=contig suggestRepeat=no suggestBubble=no suggestCircular=no trim=0-1148,"PR,RT",6,99,1,251,NA,NA,A1 (3.86%),0.00,None,None,"I13V,E35D,M36I,R41K,H69K,L89M",None,None,"K11T,K20R,V21I,V35T,T39E,K122E,D123S,K173A,D177E,V179I,I202V,Q207A,R211S,V245Q,E248D,D250E",NA,NA,NA,None,None,None,NA,None,None,None,NA,0,None,0,None,0,None,0,None,0,None,0,None,0,None,https://hivdb.stanford.edu/hivdb/by-patterns/report/?name=barcode07_tig00000001+len%3D1148+reads%3D196+class%3Dcontig+suggestRepeat%3Dno+suggestBubble%3Dno+suggestCircular%3Dno+trim%3D0-1148&mutations=PR%3AI13V%2CPR%3AE35D%2CPR%3AM36I%2CPR%3AR41K%2CPR%3AH69K%2CPR%3AL89M%2CRT%3AK11T%2CRT%3AK20R%2CRT%3AV21I%2CRT%3AV35T%2CRT%3AT39E%2CRT%3AK122E%2CRT%3AD123S%2CRT%3AK173A%2CRT%3AD177E%2CRT%3AV179I%2CRT%3AI202V%2CRT%3AQ207A%2CRT%3AR211S%2CRT%3AV245Q%2CRT%3AE248D%2CRT%3AD250E,A1,A1
BC08_ref_V24_05_017,"PR,RT",6,99,1,251,NA,NA,A1 (5.12%),2.90,None,None,"L10I,I13V,E35D,M36I,R41K,I62V,L63PS,H69Q,L89M",E44D,None,"V35IT,T39TI,V60I,K122E,D123S,I135T,I142V,K166R,K173E,Q174R,D177E,I178M,T200TI,I202IV,Q207A,V245E,D250E",NA,NA,NA,None,None,None,NA,None,None,None,NA,0,None,0,None,0,None,0,None,0,None,0,None,0,None,https://hivdb.stanford.edu/hivdb/by-patterns/report/?name=BC08_ref_V24_05_017&mutations=PR%3AL10I%2CPR%3AI13V%2CPR%3AE35D%2CPR%3AM36I%2CPR%3AR41K%2CPR%3AI62V%2CPR%3AL63PS%2CPR%3AH69Q%2CPR%3AL89M%2CRT%3AV35IT%2CRT%3AT39TI%2CRT%3AE44D%2CRT%3AV60I%2CRT%3AK122E%2CRT%3AD123S%2CRT%3AI135T%2CRT%3AI142V%2CRT%3AK166R%2CRT%3AK173E%2CRT%3AQ174R%2CRT%3AD177E%2CRT%3AI178M%2CRT%3AT200TI%2CRT%3AI202IV%2CRT%3AQ207A%2CRT%3AV245E%2CRT%3AD250E,8,barcode08_tig00000001 len=1130 reads=213 class=contig suggestRepeat=no suggestBubble=no suggestCircular=no trim=0-1130,"PR,RT",6,99,1,251,NA,NA,A1 (5.89%),0.00,None,None,"L10I,I13V,E35D,M36I,R41K,I62V,L63P,H69Q,L89M",E44D,None,"V35T,T39I,V60I,K122E,D123S,I135T,I142V,K166R,K173E,Q174R,D177E,I178M,Q207A,V245E,D250E",NA,NA,NA,None,None,None,NA,None,None,None,NA,0,None,0,None,0,None,0,None,0,None,0,None,0,None,https://hivdb.stanford.edu/hivdb/by-patterns/report/?name=barcode08_tig00000001+len%3D1130+reads%3D213+class%3Dcontig+suggestRepeat%3Dno+suggestBubble%3Dno+suggestCircular%3Dno+trim%3D0-1130&mutations=PR%3AL10I%2CPR%3AI13V%2CPR%3AE35D%2CPR%3AM36I%2CPR%3AR41K%2CPR%3AI62V%2CPR%3AL63P%2CPR%3AH69Q%2CPR%3AL89M%2CRT%3AV35T%2CRT%3AT39I%2CRT%3AE44D%2CRT%3AV60I%2CRT%3AK122E%2CRT%3AD123S%2CRT%3AI135T%2CRT%3AI142V%2CRT%3AK166R%2CRT%3AK173E%2CRT%3AQ174R%2CRT%3AD177E%2CRT%3AI178M%2CRT%3AQ207A%2CRT%3AV245E%2CRT%3AD250E,A1,A1
BC10_ref_V24_05_019,"PR,RT",6,99,1,251,NA,NA,A1 (4.06%),0.68,None,None,"L10I,I13V,K14KR,G16E,E35D,M36I,R41K,L63S,H69K,K70R,L89M",None,None,"K11KT,K20R,V35I,K122P,D123N,S162D,S163T,K173A,Q174K,D177E,I178L,V179I,Q207A,R211S,V245Q,E248N",NA,NA,NA,None,None,None,NA,None,None,None,NA,0,None,0,None,0,None,0,None,0,None,0,None,0,None,https://hivdb.stanford.edu/hivdb/by-patterns/report/?name=BC10_ref_V24_05_019&mutations=PR%3AL10I%2CPR%3AI13V%2CPR%3AK14KR%2CPR%3AG16E%2CPR%3AE35D%2CPR%3AM36I%2CPR%3AR41K%2CPR%3AL63S%2CPR%3AH69K%2CPR%3AK70R%2CPR%3AL89M%2CRT%3AK11KT%2CRT%3AK20R%2CRT%3AV35I%2CRT%3AK122P%2CRT%3AD123N%2CRT%3AS162D%2CRT%3AS163T%2CRT%3AK173A%2CRT%3AQ174K%2CRT%3AD177E%2CRT%3AI178L%2CRT%3AV179I%2CRT%3AQ207A%2CRT%3AR211S%2CRT%3AV245Q%2CRT%3AE248N,10,barcode10_tig00000001 len=1226 reads=213 class=contig suggestRepeat=no suggestBubble=no suggestCircular=no trim=0-1226,"PR,RT",6,99,1,251,NA,NA,A1 (4.25%),0.00,None,None,"L10I,I13V,G16E,E35D,M36I,R41K,L63S,H69K,K70R,L89M",None,None,"K20R,V35I,K122P,D123N,S162D,S163T,K173A,Q174K,D177E,I178L,V179I,Q207A,R211S,V245Q,E248N",NA,NA,NA,None,None,None,NA,None,None,None,NA,0,None,0,None,0,None,0,None,0,None,0,None,0,None,https://hivdb.stanford.edu/hivdb/by-patterns/report/?name=barcode10_tig00000001+len%3D1226+reads%3D213+class%3Dcontig+suggestRepeat%3Dno+suggestBubble%3Dno+suggestCircular%3Dno+trim%3D0-1226&mutations=PR%3AL10I%2CPR%3AI13V%2CPR%3AG16E%2CPR%3AE35D%2CPR%3AM36I%2CPR%3AR41K%2CPR%3AL63S%2CPR%3AH69K%2CPR%3AK70R%2CPR%3AL89M%2CRT%3AK20R%2CRT%3AV35I%2CRT%3AK122P%2CRT%3AD123N%2CRT%3AS162D%2CRT%3AS163T%2CRT%3AK173A%2CRT%3AQ174K%2CRT%3AD177E%2CRT%3AI178L%2CRT%3AV179I%2CRT%3AQ207A%2CRT%3AR211S%2CRT%3AV245Q%2CRT%3AE248N,A1,A1
BC12_ref_V24_05_021,"PR,RT",6,99,1,251,NA,NA,A1 (5.12%),0.97,None,None,"K20R,E35D,M36I,N37D,R41K,R57K,D60E,I62V,H69K,L89M",None,K103N,"V35T,V60I,D121Y,K122E,D123G,I142IV,K173IV,Q174K,D177E,I178L,V179I,T200A,Q207A,R211S,V245E,D250E",NA,NA,NA,None,None,K103N,NA,None,None,K103N,NA,0,None,0,None,0,None,0,None,0,None,0,None,0,None,https://hivdb.stanford.edu/hivdb/by-patterns/report/?name=BC12_ref_V24_05_021&mutations=PR%3AK20R%2CPR%3AE35D%2CPR%3AM36I%2CPR%3AN37D%2CPR%3AR41K%2CPR%3AR57K%2CPR%3AD60E%2CPR%3AI62V%2CPR%3AH69K%2CPR%3AL89M%2CRT%3AV35T%2CRT%3AV60I%2CRT%3AK103N%2CRT%3AD121Y%2CRT%3AK122E%2CRT%3AD123G%2CRT%3AI142IV%2CRT%3AK173IV%2CRT%3AQ174K%2CRT%3AD177E%2CRT%3AI178L%2CRT%3AV179I%2CRT%3AT200A%2CRT%3AQ207A%2CRT%3AR211S%2CRT%3AV245E%2CRT%3AD250E,12,barcode12_tig00000001 len=1247 reads=205 class=contig suggestRepeat=no suggestBubble=no suggestCircular=no trim=0-1247,"PR,RT",6,99,1,251,NA,NA,A1 (5.41%),0.00,None,None,"K20R,E35D,M36I,N37D,R41K,R57K,D60E,I62V,H69K,L89M",None,K103N,"V35T,V60I,D121Y,K122E,D123G,K173V,Q174K,D177E,I178L,V179I,T200A,Q207A,R211S,V245E,D250E",NA,NA,NA,None,None,K103N,NA,None,None,K103N,NA,0,None,0,None,0,None,0,None,0,None,0,None,0,None,https://hivdb.stanford.edu/hivdb/by-patterns/report/?name=barcode12_tig00000001+len%3D1247+reads%3D205+class%3Dcontig+suggestRepeat%3Dno+suggestBubble%3Dno+suggestCircular%3Dno+trim%3D0-1247&mutations=PR%3AK20R%2CPR%3AE35D%2CPR%3AM36I%2CPR%3AN37D%2CPR%3AR41K%2CPR%3AR57K%2CPR%3AD60E%2CPR%3AI62V%2CPR%3AH69K%2CPR%3AL89M%2CRT%3AV35T%2CRT%3AV60I%2CRT%3AK103N%2CRT%3AD121Y%2CRT%3AK122E%2CRT%3AD123G%2CRT%3AK173V%2CRT%3AQ174K%2CRT%3AD177E%2CRT%3AI178L%2CRT%3AV179I%2CRT%3AT200A%2CRT%3AQ207A%2CRT%3AR211S%2CRT%3AV245E%2CRT%3AD250E,A1,A1
BC13_ref_V24_05_022,"PR,RT",6,99,1,251,NA,NA,D (4.54%),0.58,None,None,"I13V,L19I,M36I,R41K,L63C,I64V",None,None,"E6K,K11N,V21I,V35T,T39E,V60I,D121Y,K122E,E169D,D177E,T200I,Q207E,R211K,V245K,D250E",NA,NA,NA,None,None,None,NA,None,None,None,NA,0,None,0,None,0,None,0,None,0,None,0,None,0,None,https://hivdb.stanford.edu/hivdb/by-patterns/report/?name=BC13_ref_V24_05_022&mutations=PR%3AI13V%2CPR%3AL19I%2CPR%3AM36I%2CPR%3AR41K%2CPR%3AL63C%2CPR%3AI64V%2CRT%3AE6K%2CRT%3AK11N%2CRT%3AV21I%2CRT%3AV35T%2CRT%3AT39E%2CRT%3AV60I%2CRT%3AD121Y%2CRT%3AK122E%2CRT%3AE169D%2CRT%3AD177E%2CRT%3AT200I%2CRT%3AQ207E%2CRT%3AR211K%2CRT%3AV245K%2CRT%3AD250E,13,barcode13_tig00000001 len=1155 reads=211 class=contig suggestRepeat=no suggestBubble=no suggestCircular=no trim=0-1155,"PR,RT",6,99,1,251,NA,NA,D (4.54%),0.00,None,None,"I13V,L19I,M36I,R41K,L63C,I64V",None,None,"E6K,K11N,V21I,V35T,T39E,V60I,D121Y,K122E,E169D,D177E,T200I,Q207E,R211K,V245K,D250E",NA,NA,NA,None,None,None,NA,None,None,None,NA,0,None,0,None,0,None,0,None,0,None,0,None,0,None,https://hivdb.stanford.edu/hivdb/by-patterns/report/?name=barcode13_tig00000001+len%3D1155+reads%3D211+class%3Dcontig+suggestRepeat%3Dno+suggestBubble%3Dno+suggestCircular%3Dno+trim%3D0-1155&mutations=PR%3AI13V%2CPR%3AL19I%2CPR%3AM36I%2CPR%3AR41K%2CPR%3AL63C%2CPR%3AI64V%2CRT%3AE6K%2CRT%3AK11N%2CRT%3AV21I%2CRT%3AV35T%2CRT%3AT39E%2CRT%3AV60I%2CRT%3AD121Y%2CRT%3AK122E%2CRT%3AE169D%2CRT%3AD177E%2CRT%3AT200I%2CRT%3AQ207E%2CRT%3AR211K%2CRT%3AV245K%2CRT%3AD250E,D,D
BC14_ref_V24_05_023,"PR,RT",6,99,1,251,NA,NA,A1 (5.99%),0.97,None,None,"G17E,K20R,E35D,M36I,R57K,L63V,H69K,L89M",None,None,"K32N,V35R,K49KR,V60I,K122E,D123NS,I135T,T165I,E169D,K173S,Q174K,T200A,I202V,Q207A,R211S,F214L,V245Q",NA,NA,NA,None,None,None,NA,None,None,None,NA,0,None,0,None,0,None,0,None,0,None,0,None,0,None,https://hivdb.stanford.edu/hivdb/by-patterns/report/?name=BC14_ref_V24_05_023&mutations=PR%3AG17E%2CPR%3AK20R%2CPR%3AE35D%2CPR%3AM36I%2CPR%3AR57K%2CPR%3AL63V%2CPR%3AH69K%2CPR%3AL89M%2CRT%3AK32N%2CRT%3AV35R%2CRT%3AK49KR%2CRT%3AV60I%2CRT%3AK122E%2CRT%3AD123NS%2CRT%3AI135T%2CRT%3AT165I%2CRT%3AE169D%2CRT%3AK173S%2CRT%3AQ174K%2CRT%3AT200A%2CRT%3AI202V%2CRT%3AQ207A%2CRT%3AR211S%2CRT%3AF214L%2CRT%3AV245Q,14,barcode14_tig00000001 len=1130 reads=209 class=contig suggestRepeat=no suggestBubble=no suggestCircular=no trim=0-1130,"PR,RT",6,99,1,251,NA,NA,A1 (6.38%),0.00,None,None,"G17E,K20R,E35D,M36I,R57K,L63V,H69K,L89M",None,None,"K32N,V35R,K49R,V60I,K122E,D123N,I135T,T165I,E169D,K173S,Q174K,T200A,I202V,Q207A,R211S,F214L,V245Q",NA,NA,NA,None,None,None,NA,None,None,None,NA,0,None,0,None,0,None,0,None,0,None,0,None,0,None,https://hivdb.stanford.edu/hivdb/by-patterns/report/?name=barcode14_tig00000001+len%3D1130+reads%3D209+class%3Dcontig+suggestRepeat%3Dno+suggestBubble%3Dno+suggestCircular%3Dno+trim%3D0-1130&mutations=PR%3AG17E%2CPR%3AK20R%2CPR%3AE35D%2CPR%3AM36I%2CPR%3AR57K%2CPR%3AL63V%2CPR%3AH69K%2CPR%3AL89M%2CRT%3AK32N%2CRT%3AV35R%2CRT%3AK49R%2CRT%3AV60I%2CRT%3AK122E%2CRT%3AD123N%2CRT%3AI135T%2CRT%3AT165I%2CRT%3AE169D%2CRT%3AK173S%2CRT%3AQ174K%2CRT%3AT200A%2CRT%3AI202V%2CRT%3AQ207A%2CRT%3AR211S%2CRT%3AF214L%2CRT%3AV245Q,A1,A1
BC15_ref_V24_05_024,"PR,RT",6,99,1,251,NA,NA,B (5.89%),0.48,None,None,"L19T,K20R,M36I,R41K,L63Q,I64V",None,None,"V35I,K49R,V60I,D121Y,K122E,D123E,I135T,Q145C,D177E,T200I,I202V,Q207E,R211K,V245Q,E248D",NA,NA,NA,None,None,None,NA,None,None,None,NA,0,None,0,None,0,None,0,None,0,None,0,None,0,None,https://hivdb.stanford.edu/hivdb/by-patterns/report/?name=BC15_ref_V24_05_024&mutations=PR%3AL19T%2CPR%3AK20R%2CPR%3AM36I%2CPR%3AR41K%2CPR%3AL63Q%2CPR%3AI64V%2CRT%3AV35I%2CRT%3AK49R%2CRT%3AV60I%2CRT%3AD121Y%2CRT%3AK122E%2CRT%3AD123E%2CRT%3AI135T%2CRT%3AQ145C%2CRT%3AD177E%2CRT%3AT200I%2CRT%3AI202V%2CRT%3AQ207E%2CRT%3AR211K%2CRT%3AV245Q%2CRT%3AE248D,15,barcode15_tig00000001 len=1169 reads=210 class=contig suggestRepeat=no suggestBubble=no suggestCircular=no trim=0-1169,"PR,RT",6,99,1,251,NA,NA,B (5.99%),0.00,None,None,"L19T,K20R,M36I,R41K,L63Q,I64V",None,None,"V35I,K49R,V60I,D121Y,K122E,D123E,I135T,Q145C,D177E,T200I,I202V,Q207E,R211K,V245Q,E248D",NA,NA,NA,None,None,None,NA,None,None,None,NA,0,None,0,None,0,None,0,None,0,None,0,None,0,None,https://hivdb.stanford.edu/hivdb/by-patterns/report/?name=barcode15_tig00000001+len%3D1169+reads%3D210+class%3Dcontig+suggestRepeat%3Dno+suggestBubble%3Dno+suggestCircular%3Dno+trim%3D0-1169&mutations=PR%3AL19T%2CPR%3AK20R%2CPR%3AM36I%2CPR%3AR41K%2CPR%3AL63Q%2CPR%3AI64V%2CRT%3AV35I%2CRT%3AK49R%2CRT%3AV60I%2CRT%3AD121Y%2CRT%3AK122E%2CRT%3AD123E%2CRT%3AI135T%2CRT%3AQ145C%2CRT%3AD177E%2CRT%3AT200I%2CRT%3AI202V%2CRT%3AQ207E%2CRT%3AR211K%2CRT%3AV245Q%2CRT%3AE248D,B,B
BC16_ref_V24_05_025,"PR,RT",6,99,1,251,NA,NA,A1 (3.96%),0.77,None,None,"I13V,E35D,M36I,P39PT,R41K,R57K,Q61D,H69K,L89M",None,None,"K11T,V35T,T39M,S48T,V60I,K122E,D123N,I135T,I142V,K166R,K173A,Q174K,D177E,V179I,I202V,Q207S,R211S,F214L,V245E,D250E,S251N",NA,NA,NA,None,None,None,NA,None,None,None,NA,0,None,0,None,0,None,0,None,0,None,0,None,0,None,https://hivdb.stanford.edu/hivdb/by-patterns/report/?name=BC16_ref_V24_05_025&mutations=PR%3AI13V%2CPR%3AE35D%2CPR%3AM36I%2CPR%3AP39PT%2CPR%3AR41K%2CPR%3AR57K%2CPR%3AQ61D%2CPR%3AH69K%2CPR%3AL89M%2CRT%3AK11T%2CRT%3AV35T%2CRT%3AT39M%2CRT%3AS48T%2CRT%3AV60I%2CRT%3AK122E%2CRT%3AD123N%2CRT%3AI135T%2CRT%3AI142V%2CRT%3AK166R%2CRT%3AK173A%2CRT%3AQ174K%2CRT%3AD177E%2CRT%3AV179I%2CRT%3AI202V%2CRT%3AQ207S%2CRT%3AR211S%2CRT%3AF214L%2CRT%3AV245E%2CRT%3AD250E%2CRT%3AS251N,16,barcode16_tig00000001 len=1169 reads=203 class=contig suggestRepeat=no suggestBubble=no suggestCircular=no trim=0-1169,"PR,RT",6,99,1,251,NA,NA,A1 (4.06%),0.00,None,None,"I13V,E35D,M36I,R41K,R57K,Q61D,H69K,L89M",None,None,"K11T,V35T,T39M,S48T,V60I,K122E,D123N,I135T,I142V,K166R,K173A,Q174K,D177E,V179I,I202V,Q207S,R211S,F214L,V245E,D250E,S251N",NA,NA,NA,None,None,None,NA,None,None,None,NA,0,None,0,None,0,None,0,None,0,None,0,None,0,None,https://hivdb.stanford.edu/hivdb/by-patterns/report/?name=barcode16_tig00000001+len%3D1169+reads%3D203+class%3Dcontig+suggestRepeat%3Dno+suggestBubble%3Dno+suggestCircular%3Dno+trim%3D0-1169&mutations=PR%3AI13V%2CPR%3AE35D%2CPR%3AM36I%2CPR%3AR41K%2CPR%3AR57K%2CPR%3AQ61D%2CPR%3AH69K%2CPR%3AL89M%2CRT%3AK11T%2CRT%3AV35T%2CRT%3AT39M%2CRT%3AS48T%2CRT%3AV60I%2CRT%3AK122E%2CRT%3AD123N%2CRT%3AI135T%2CRT%3AI142V%2CRT%3AK166R%2CRT%3AK173A%2CRT%3AQ174K%2CRT%3AD177E%2CRT%3AV179I%2CRT%3AI202V%2CRT%3AQ207S%2CRT%3AR211S%2CRT%3AF214L%2CRT%3AV245E%2CRT%3AD250E%2CRT%3AS251N,A1,A1
BC17_ref_V24_05_026,"PR,RT",6,99,1,251,NA,NA,A1 (4.64%),1.93,None,None,"L10I,K20R,E35D,M36I,R41K,R57K,L63V,H69K,L89M","S68G,T215C","V108I,Y181V,H221Y","V35T,T39A,K122E,D123N,K173S,Q174QK,D177E,V179I,T200A,Q207A,R211S,V245Q",NA,NA,NA,None,T215C,Y181V,NA,None,T215C,"V108I,Y181V,H221Y",NA,0,None,0,None,0,None,0,None,0,None,0,None,0,None,https://hivdb.stanford.edu/hivdb/by-patterns/report/?name=BC17_ref_V24_05_026&mutations=PR%3AL10I%2CPR%3AK20R%2CPR%3AE35D%2CPR%3AM36I%2CPR%3AR41K%2CPR%3AR57K%2CPR%3AL63V%2CPR%3AH69K%2CPR%3AL89M%2CRT%3AV35T%2CRT%3AT39A%2CRT%3AS68G%2CRT%3AV108I%2CRT%3AK122E%2CRT%3AD123N%2CRT%3AK173S%2CRT%3AQ174QK%2CRT%3AD177E%2CRT%3AV179I%2CRT%3AY181V%2CRT%3AT200A%2CRT%3AQ207A%2CRT%3AR211S%2CRT%3AT215C%2CRT%3AH221Y%2CRT%3AV245Q,17,barcode17_tig00000001 len=1298 reads=212 class=contig suggestRepeat=no suggestBubble=no suggestCircular=no trim=0-1298,"PR,RT",6,99,1,251,NA,NA,A1 (4.83%),0.00,None,None,"L10I,K20R,E35D,M36I,R41K,R57K,L63V,H69K,L89M","S68G,T215C","V108I,Y181V,H221Y","V35T,T39A,K122E,D123N,K173S,Q174X,D177E,V179I,T200A,Q207A,R211S,V245Q",NA,NA,NA,None,T215C,Y181V,NA,None,T215C,"V108I,Y181V,H221Y",NA,1,RT:174del1bp,0,None,0,None,0,None,1,RT:Q174X,0,None,1,RT:Q174X,https://hivdb.stanford.edu/hivdb/by-patterns/report/?name=barcode17_tig00000001+len%3D1298+reads%3D212+class%3Dcontig+suggestRepeat%3Dno+suggestBubble%3Dno+suggestCircular%3Dno+trim%3D0-1298&mutations=PR%3AL10I%2CPR%3AK20R%2CPR%3AE35D%2CPR%3AM36I%2CPR%3AR41K%2CPR%3AR57K%2CPR%3AL63V%2CPR%3AH69K%2CPR%3AL89M%2CRT%3AV35T%2CRT%3AT39A%2CRT%3AS68G%2CRT%3AV108I%2CRT%3AK122E%2CRT%3AD123N%2CRT%3AK173S%2CRT%3AQ174X%2CRT%3AD177E%2CRT%3AV179I%2CRT%3AY181V%2CRT%3AT200A%2CRT%3AQ207A%2CRT%3AR211S%2CRT%3AT215C%2CRT%3AH221Y%2CRT%3AV245Q,A1,A1
BC20_ref_V24_05_029,"PR,RT",6,99,1,251,NA,NA,D (5.12%),0.00,None,None,"I13V,R41K,L63P,I64V,E65D,H69Y,I72V",None,None,"V35T,E36D,D121C,K122E,K173N,T200V,Q207E,R211K,V245E,E248D,D250E",NA,NA,NA,None,None,None,NA,None,None,None,NA,0,None,0,None,0,None,0,None,0,None,0,None,0,None,https://hivdb.stanford.edu/hivdb/by-patterns/report/?name=BC20_ref_V24_05_029&mutations=PR%3AI13V%2CPR%3AR41K%2CPR%3AL63P%2CPR%3AI64V%2CPR%3AE65D%2CPR%3AH69Y%2CPR%3AI72V%2CRT%3AV35T%2CRT%3AE36D%2CRT%3AD121C%2CRT%3AK122E%2CRT%3AK173N%2CRT%3AT200V%2CRT%3AQ207E%2CRT%3AR211K%2CRT%3AV245E%2CRT%3AE248D%2CRT%3AD250E,20,barcode20_tig00000001 len=1169 reads=199 class=contig suggestRepeat=no suggestBubble=no suggestCircular=no trim=0-1169,"PR,RT",6,99,1,251,NA,NA,D (5.12%),0.00,None,None,"I13V,R41K,L63P,I64V,E65D,H69Y,I72V",None,None,"V35T,E36D,D121C,K122E,K173N,T200V,Q207E,R211K,V245E,E248D,D250E",NA,NA,NA,None,None,None,NA,None,None,None,NA,0,None,0,None,0,None,0,None,0,None,0,None,0,None,https://hivdb.stanford.edu/hivdb/by-patterns/report/?name=barcode20_tig00000001+len%3D1169+reads%3D199+class%3Dcontig+suggestRepeat%3Dno+suggestBubble%3Dno+suggestCircular%3Dno+trim%3D0-1169&mutations=PR%3AI13V%2CPR%3AR41K%2CPR%3AL63P%2CPR%3AI64V%2CPR%3AE65D%2CPR%3AH69Y%2CPR%3AI72V%2CRT%3AV35T%2CRT%3AE36D%2CRT%3AD121C%2CRT%3AK122E%2CRT%3AK173N%2CRT%3AT200V%2CRT%3AQ207E%2CRT%3AR211K%2CRT%3AV245E%2CRT%3AE248D%2CRT%3AD250E,D,D
BC21_ref_V24_05_030,"PR,RT",6,99,1,251,NA,NA,D (5.41%),0.48,None,None,"I13V,M36I,R41K,D60E,Q61E,L63P,I64V,H69Y","D67T,K70R,M184V,T215V,K219E",Y181C,"V35T,T39E,E40ED,V60I,K64R,T69N,V90I,D121H,K122E,T139R,S162N,D177E,V179I,T200A,I202V,Q207E,R211K,V245K,D250E",NA,NA,NA,None,"K70R,M184V,T215V,K219E",Y181C,NA,None,"D67T,K70R,M184V,T215V,K219E","T139R,Y181C",NA,0,None,0,None,0,None,0,None,0,None,0,None,0,None,https://hivdb.stanford.edu/hivdb/by-patterns/report/?name=BC21_ref_V24_05_030&mutations=PR%3AI13V%2CPR%3AM36I%2CPR%3AR41K%2CPR%3AD60E%2CPR%3AQ61E%2CPR%3AL63P%2CPR%3AI64V%2CPR%3AH69Y%2CRT%3AV35T%2CRT%3AT39E%2CRT%3AE40ED%2CRT%3AV60I%2CRT%3AK64R%2CRT%3AD67T%2CRT%3AT69N%2CRT%3AK70R%2CRT%3AV90I%2CRT%3AD121H%2CRT%3AK122E%2CRT%3AT139R%2CRT%3AS162N%2CRT%3AD177E%2CRT%3AV179I%2CRT%3AY181C%2CRT%3AM184V%2CRT%3AT200A%2CRT%3AI202V%2CRT%3AQ207E%2CRT%3AR211K%2CRT%3AT215V%2CRT%3AK219E%2CRT%3AV245K%2CRT%3AD250E,21,barcode21_tig00000001 len=1128 reads=69 class=contig suggestRepeat=no suggestBubble=no suggestCircular=no trim=0-1128,"PR,RT",6,99,1,251,NA,NA,D (5.60%),0.00,None,None,"I13V,R41K,D60E,Q61E,L63P,I64V,H69Y","D67T,K70R,M184V,T215V,K219E","V179L,Y181C","V35T,T39E,V60I,K64R,T69N,V90I,D121H,K122E,T139R,S162N,D177E,T200A,I202V,Q207E,R211K,V245K,D250E",NA,NA,NA,None,"K70R,M184V,T215V,K219E",Y181C,NA,None,"D67T,K70R,M184V,T215V,K219E","T139R,V179L,Y181C",NA,0,None,0,None,0,None,0,None,0,None,0,None,0,None,https://hivdb.stanford.edu/hivdb/by-patterns/report/?name=barcode21_tig00000001+len%3D1128+reads%3D69+class%3Dcontig+suggestRepeat%3Dno+suggestBubble%3Dno+suggestCircular%3Dno+trim%3D0-1128&mutations=PR%3AI13V%2CPR%3AR41K%2CPR%3AD60E%2CPR%3AQ61E%2CPR%3AL63P%2CPR%3AI64V%2CPR%3AH69Y%2CRT%3AV35T%2CRT%3AT39E%2CRT%3AV60I%2CRT%3AK64R%2CRT%3AD67T%2CRT%3AT69N%2CRT%3AK70R%2CRT%3AV90I%2CRT%3AD121H%2CRT%3AK122E%2CRT%3AT139R%2CRT%3AS162N%2CRT%3AD177E%2CRT%3AV179L%2CRT%3AY181C%2CRT%3AM184V%2CRT%3AT200A%2CRT%3AI202V%2CRT%3AQ207E%2CRT%3AR211K%2CRT%3AT215V%2CRT%3AK219E%2CRT%3AV245K%2CRT%3AD250E,D,D
BC29_ref_V24_05_038,"PR,RT",6,99,1,251,NA,NA,A1 (4.44%),1.45,None,None,"L10P,V11C,I13V,E35D,M36I,R41K,H69K,L89M",None,None,"V21VI,V35T,T39K,K43E,K122E,D123DN,T165I,K173S,D177E,V179I,T200E,I202V,Q207A,R211K,V245Q,E248D",NA,NA,NA,None,None,None,NA,None,None,None,NA,0,None,0,None,0,None,0,None,0,None,0,None,1,PR:V11C,https://hivdb.stanford.edu/hivdb/by-patterns/report/?name=BC29_ref_V24_05_038&mutations=PR%3AL10P%2CPR%3AV11C%2CPR%3AI13V%2CPR%3AE35D%2CPR%3AM36I%2CPR%3AR41K%2CPR%3AH69K%2CPR%3AL89M%2CRT%3AV21VI%2CRT%3AV35T%2CRT%3AT39K%2CRT%3AK43E%2CRT%3AK122E%2CRT%3AD123DN%2CRT%3AT165I%2CRT%3AK173S%2CRT%3AD177E%2CRT%3AV179I%2CRT%3AT200E%2CRT%3AI202V%2CRT%3AQ207A%2CRT%3AR211K%2CRT%3AV245Q%2CRT%3AE248D,29,barcode29_tig00000001 len=1157 reads=215 class=contig suggestRepeat=no suggestBubble=no suggestCircular=no trim=0-1157,"PR,RT",6,99,1,251,NA,NA,A1 (4.73%),0.00,None,None,"I13V,E35D,M36I,R41K,H69K,L89M",None,None,"V35T,T39K,K43E,K122E,D123N,T165I,K173S,D177E,V179I,T200E,I202V,Q207A,R211K,V245Q,E248D",NA,NA,NA,None,None,None,NA,None,None,None,NA,0,None,0,None,0,None,0,None,0,None,0,None,0,None,https://hivdb.stanford.edu/hivdb/by-patterns/report/?name=barcode29_tig00000001+len%3D1157+reads%3D215+class%3Dcontig+suggestRepeat%3Dno+suggestBubble%3Dno+suggestCircular%3Dno+trim%3D0-1157&mutations=PR%3AI13V%2CPR%3AE35D%2CPR%3AM36I%2CPR%3AR41K%2CPR%3AH69K%2CPR%3AL89M%2CRT%3AV35T%2CRT%3AT39K%2CRT%3AK43E%2CRT%3AK122E%2CRT%3AD123N%2CRT%3AT165I%2CRT%3AK173S%2CRT%3AD177E%2CRT%3AV179I%2CRT%3AT200E%2CRT%3AI202V%2CRT%3AQ207A%2CRT%3AR211K%2CRT%3AV245Q%2CRT%3AE248D,A1,A1
BC30_ref_V24_05_039,"PR,RT",6,99,1,251,NA,NA,A1 (4.15%),0.77,None,None,"I13V,K20R,E35D,M36I,R41K,K45R,R57K,L63I,H69K,L89M",None,None,"E6P,K11Q,V35T,K49R,V60I,D123S,I135T,E169D,K173S,Q174K,D177E,I178IV,Q207A,R211N,V245E,D250E",NA,NA,NA,None,None,None,NA,None,None,None,NA,0,None,0,None,0,None,0,None,0,None,0,None,0,None,https://hivdb.stanford.edu/hivdb/by-patterns/report/?name=BC30_ref_V24_05_039&mutations=PR%3AI13V%2CPR%3AK20R%2CPR%3AE35D%2CPR%3AM36I%2CPR%3AR41K%2CPR%3AK45R%2CPR%3AR57K%2CPR%3AL63I%2CPR%3AH69K%2CPR%3AL89M%2CRT%3AE6P%2CRT%3AK11Q%2CRT%3AV35T%2CRT%3AK49R%2CRT%3AV60I%2CRT%3AD123S%2CRT%3AI135T%2CRT%3AE169D%2CRT%3AK173S%2CRT%3AQ174K%2CRT%3AD177E%2CRT%3AI178IV%2CRT%3AQ207A%2CRT%3AR211N%2CRT%3AV245E%2CRT%3AD250E,30,barcode30_tig00000001 len=1287 reads=214 class=contig suggestRepeat=no suggestBubble=no suggestCircular=no trim=0-1287,"PR,RT",6,99,1,251,NA,NA,A1 (4.25%),0.00,None,None,"I13V,K20R,E35D,M36I,R41K,K45R,R57K,L63I,H69K,L89M",None,None,"E6P,K11Q,V35T,K49R,V60I,D123S,I135T,E169D,K173S,Q174K,D177E,Q207A,R211N,V245E,D250E",NA,NA,NA,None,None,None,NA,None,None,None,NA,0,None,0,None,0,None,0,None,0,None,0,None,0,None,https://hivdb.stanford.edu/hivdb/by-patterns/report/?name=barcode30_tig00000001+len%3D1287+reads%3D214+class%3Dcontig+suggestRepeat%3Dno+suggestBubble%3Dno+suggestCircular%3Dno+trim%3D0-1287&mutations=PR%3AI13V%2CPR%3AK20R%2CPR%3AE35D%2CPR%3AM36I%2CPR%3AR41K%2CPR%3AK45R%2CPR%3AR57K%2CPR%3AL63I%2CPR%3AH69K%2CPR%3AL89M%2CRT%3AE6P%2CRT%3AK11Q%2CRT%3AV35T%2CRT%3AK49R%2CRT%3AV60I%2CRT%3AD123S%2CRT%3AI135T%2CRT%3AE169D%2CRT%3AK173S%2CRT%3AQ174K%2CRT%3AD177E%2CRT%3AQ207A%2CRT%3AR211N%2CRT%3AV245E%2CRT%3AD250E,A1,A1
BC32_ref_V24_05_041,"PR,RT",6,99,1,251,NA,NA,A1 (6.67%),0.48,None,None,"G16E,K20R,M36I,R41K,R57K,H69K,K70R,L89M",None,"A98G,V106I","E6D,V35I,T39A,K122E,D123N,I135L,D177E,G196E,T200A,Q207A,R211S,F214L,V245Q",NA,NA,NA,None,None,None,NA,None,None,A98G,NA,0,None,0,None,0,None,0,None,0,None,0,None,0,None,https://hivdb.stanford.edu/hivdb/by-patterns/report/?name=BC32_ref_V24_05_041&mutations=PR%3AG16E%2CPR%3AK20R%2CPR%3AM36I%2CPR%3AR41K%2CPR%3AR57K%2CPR%3AH69K%2CPR%3AK70R%2CPR%3AL89M%2CRT%3AE6D%2CRT%3AV35I%2CRT%3AT39A%2CRT%3AA98G%2CRT%3AV106I%2CRT%3AK122E%2CRT%3AD123N%2CRT%3AI135L%2CRT%3AD177E%2CRT%3AG196E%2CRT%3AT200A%2CRT%3AQ207A%2CRT%3AR211S%2CRT%3AF214L%2CRT%3AV245Q,32,barcode32_tig00000001 len=1238 reads=211 class=contig suggestRepeat=no suggestBubble=no suggestCircular=no trim=0-1238,"PR,RT",6,99,1,251,NA,NA,A1 (6.76%),0.00,None,None,"G16E,K20R,M36I,R41K,R57K,H69K,K70R,L89M",None,"A98G,V106I","E6D,V35I,T39A,K122E,D123N,I135L,D177E,G196E,T200A,Q207A,R211S,F214L,V245Q",NA,NA,NA,None,None,None,NA,None,None,A98G,NA,0,None,0,None,0,None,0,None,0,None,0,None,0,None,https://hivdb.stanford.edu/hivdb/by-patterns/report/?name=barcode32_tig00000001+len%3D1238+reads%3D211+class%3Dcontig+suggestRepeat%3Dno+suggestBubble%3Dno+suggestCircular%3Dno+trim%3D0-1238&mutations=PR%3AG16E%2CPR%3AK20R%2CPR%3AM36I%2CPR%3AR41K%2CPR%3AR57K%2CPR%3AH69K%2CPR%3AK70R%2CPR%3AL89M%2CRT%3AE6D%2CRT%3AV35I%2CRT%3AT39A%2CRT%3AA98G%2CRT%3AV106I%2CRT%3AK122E%2CRT%3AD123N%2CRT%3AI135L%2CRT%3AD177E%2CRT%3AG196E%2CRT%3AT200A%2CRT%3AQ207A%2CRT%3AR211S%2CRT%3AF214L%2CRT%3AV245Q,A1,A1
BC33_ref_V24_05_069,"PR,RT",6,99,1,251,NA,NA,A1 (5.70%),0.48,None,None,"L10V,I13V,M36I,R41K,L63Q,C67Y,H69K,L89M",M184V,"A98G,K103N","K11T,K20R,V35T,T39K,K43Q,K49R,V60I,D123NS,I135M,K173L,D177E,V179N,E194D,T200A,I202V,Q207A,R211S,F214L,V245Q,E248N",NA,NA,NA,None,M184V,K103N,NA,None,M184V,"A98G,K103N",NA,0,None,0,None,0,None,0,None,0,None,0,None,1,RT:V179N,https://hivdb.stanford.edu/hivdb/by-patterns/report/?name=BC33_ref_V24_05_069&mutations=PR%3AL10V%2CPR%3AI13V%2CPR%3AM36I%2CPR%3AR41K%2CPR%3AL63Q%2CPR%3AC67Y%2CPR%3AH69K%2CPR%3AL89M%2CRT%3AK11T%2CRT%3AK20R%2CRT%3AV35T%2CRT%3AT39K%2CRT%3AK43Q%2CRT%3AK49R%2CRT%3AV60I%2CRT%3AA98G%2CRT%3AK103N%2CRT%3AD123NS%2CRT%3AI135M%2CRT%3AK173L%2CRT%3AD177E%2CRT%3AV179N%2CRT%3AM184V%2CRT%3AE194D%2CRT%3AT200A%2CRT%3AI202V%2CRT%3AQ207A%2CRT%3AR211S%2CRT%3AF214L%2CRT%3AV245Q%2CRT%3AE248N,33,barcode33_tig00000001 len=1296 reads=218 class=contig suggestRepeat=no suggestBubble=no suggestCircular=no trim=0-1296,"PR,RT",6,99,1,251,NA,NA,A1 (5.80%),0.00,None,None,"L10V,I13V,M36I,R41K,L63Q,C67Y,H69K,L89M",M184V,"A98G,K103N","K11T,K20R,V35T,T39K,K43Q,K49R,V60I,D123N,I135M,K173L,D177E,V179N,E194D,T200A,I202V,Q207A,R211S,F214L,V245Q,E248N",NA,NA,NA,None,M184V,K103N,NA,None,M184V,"A98G,K103N",NA,0,None,0,None,0,None,0,None,0,None,0,None,1,RT:V179N,https://hivdb.stanford.edu/hivdb/by-patterns/report/?name=barcode33_tig00000001+len%3D1296+reads%3D218+class%3Dcontig+suggestRepeat%3Dno+suggestBubble%3Dno+suggestCircular%3Dno+trim%3D0-1296&mutations=PR%3AL10V%2CPR%3AI13V%2CPR%3AM36I%2CPR%3AR41K%2CPR%3AL63Q%2CPR%3AC67Y%2CPR%3AH69K%2CPR%3AL89M%2CRT%3AK11T%2CRT%3AK20R%2CRT%3AV35T%2CRT%3AT39K%2CRT%3AK43Q%2CRT%3AK49R%2CRT%3AV60I%2CRT%3AA98G%2CRT%3AK103N%2CRT%3AD123N%2CRT%3AI135M%2CRT%3AK173L%2CRT%3AD177E%2CRT%3AV179N%2CRT%3AM184V%2CRT%3AE194D%2CRT%3AT200A%2CRT%3AI202V%2CRT%3AQ207A%2CRT%3AR211S%2CRT%3AF214L%2CRT%3AV245Q%2CRT%3AE248N,A1,A1
BC34_ref_V24_05_068,"PR,RT",6,99,1,251,NA,NA,A1 (5.12%),0.87,None,None,"I13V,E35D,M36I,R41K,K45R,R57K,D60E,H69K,I72V,L89M","D67N,K70R,V75VM,M184V,K219Q",K103N,"E6D,D17DY,P19PT,V35T,K49R,V60I,K122E,D123N,I135T,S162C,T165L,K173S,Q174K,D177E,G196E,I202V,Q207A,R211S,F214FL,V245EK,E248D,D250E",NA,NA,NA,None,"D67N,K70R,V75M,M184V,K219Q",K103N,NA,None,"D67N,K70R,V75M,M184V,K219Q",K103N,NA,0,None,0,None,0,None,0,None,0,None,0,None,2,"RT:D17Y,RT:P19T",https://hivdb.stanford.edu/hivdb/by-patterns/report/?name=BC34_ref_V24_05_068&mutations=PR%3AI13V%2CPR%3AE35D%2CPR%3AM36I%2CPR%3AR41K%2CPR%3AK45R%2CPR%3AR57K%2CPR%3AD60E%2CPR%3AH69K%2CPR%3AI72V%2CPR%3AL89M%2CRT%3AE6D%2CRT%3AD17DY%2CRT%3AP19PT%2CRT%3AV35T%2CRT%3AK49R%2CRT%3AV60I%2CRT%3AD67N%2CRT%3AK70R%2CRT%3AV75VM%2CRT%3AK103N%2CRT%3AK122E%2CRT%3AD123N%2CRT%3AI135T%2CRT%3AS162C%2CRT%3AT165L%2CRT%3AK173S%2CRT%3AQ174K%2CRT%3AD177E%2CRT%3AM184V%2CRT%3AG196E%2CRT%3AI202V%2CRT%3AQ207A%2CRT%3AR211S%2CRT%3AF214FL%2CRT%3AK219Q%2CRT%3AV245EK%2CRT%3AE248D%2CRT%3AD250E,34,barcode34_tig00000001 len=1211 reads=215 class=contig suggestRepeat=no suggestBubble=no suggestCircular=no trim=0-1211,"PR,RT",6,99,1,251,NA,NA,A1 (5.12%),0.00,None,None,"I13V,E35D,M36I,R41K,K45R,R57K,D60E,H69K,I72V,L89M","D67N,K70R,V75M,M184V,K219Q",K103N,"E6D,V35T,K49R,V60I,K122E,D123N,I135T,S162C,T165L,K173S,Q174K,D177E,G196E,I202V,Q207A,R211S,F214L,V245E,E248D,D250E",NA,NA,NA,None,"D67N,K70R,V75M,M184V,K219Q",K103N,NA,None,"D67N,K70R,V75M,M184V,K219Q",K103N,NA,0,None,0,None,0,None,0,None,0,None,0,None,0,None,https://hivdb.stanford.edu/hivdb/by-patterns/report/?name=barcode34_tig00000001+len%3D1211+reads%3D215+class%3Dcontig+suggestRepeat%3Dno+suggestBubble%3Dno+suggestCircular%3Dno+trim%3D0-1211&mutations=PR%3AI13V%2CPR%3AE35D%2CPR%3AM36I%2CPR%3AR41K%2CPR%3AK45R%2CPR%3AR57K%2CPR%3AD60E%2CPR%3AH69K%2CPR%3AI72V%2CPR%3AL89M%2CRT%3AE6D%2CRT%3AV35T%2CRT%3AK49R%2CRT%3AV60I%2CRT%3AD67N%2CRT%3AK70R%2CRT%3AV75M%2CRT%3AK103N%2CRT%3AK122E%2CRT%3AD123N%2CRT%3AI135T%2CRT%3AS162C%2CRT%3AT165L%2CRT%3AK173S%2CRT%3AQ174K%2CRT%3AD177E%2CRT%3AM184V%2CRT%3AG196E%2CRT%3AI202V%2CRT%3AQ207A%2CRT%3AR211S%2CRT%3AF214L%2CRT%3AK219Q%2CRT%3AV245E%2CRT%3AE248D%2CRT%3AD250E,A1,A1
BC35_ref_V24_05_067,"PR,RT",6,99,1,251,NA,NA,A1 (6.38%),0.39,None,None,"L10IV,I13V,G16E,G17D,E35D,M36I,R41K,K45R,R57K,L63T,H69K,K70R,L89M","D67S,S68G,T69del,K70R,M184V,T215I,K219E",P225H,"V35T,K49R,V60I,K122E,I135V,S162T,K173S,Q174K,D177E,V179I,T200A,Q207A,R211S",NA,NA,NA,None,"K70R,M184V,T215I,K219E",P225H,NA,None,"D67S,T69del,K70R,M184V,T215I,K219E",P225H,NA,0,None,0,None,1,RT:T69del,0,None,0,None,0,None,0,None,https://hivdb.stanford.edu/hivdb/by-patterns/report/?name=BC35_ref_V24_05_067&mutations=PR%3AL10IV%2CPR%3AI13V%2CPR%3AG16E%2CPR%3AG17D%2CPR%3AE35D%2CPR%3AM36I%2CPR%3AR41K%2CPR%3AK45R%2CPR%3AR57K%2CPR%3AL63T%2CPR%3AH69K%2CPR%3AK70R%2CPR%3AL89M%2CRT%3AV35T%2CRT%3AK49R%2CRT%3AV60I%2CRT%3AD67S%2CRT%3AS68G%2CRT%3AT69del%2CRT%3AK70R%2CRT%3AK122E%2CRT%3AI135V%2CRT%3AS162T%2CRT%3AK173S%2CRT%3AQ174K%2CRT%3AD177E%2CRT%3AV179I%2CRT%3AM184V%2CRT%3AT200A%2CRT%3AQ207A%2CRT%3AR211S%2CRT%3AT215I%2CRT%3AK219E%2CRT%3AP225H,35,barcode35_tig00000001 len=1165 reads=216 class=contig suggestRepeat=no suggestBubble=no suggestCircular=no trim=0-1165,"PR,RT",6,99,1,251,NA,NA,A1 (6.67%),0.00,None,None,"L10V,I13V,G16E,G17D,E35D,M36I,R41K,K45R,R57K,L63T,H69K,K70R,L89M","D67S,S68G,T69del,K70R,M184V,T215I,K219E",P225H,"V35T,K49R,V60I,K122E,I135V,S162T,K173S,Q174K,D177E,V179I,T200A,Q207A,R211S",NA,NA,NA,None,"K70R,M184V,T215I,K219E",P225H,NA,None,"D67S,T69del,K70R,M184V,T215I,K219E",P225H,NA,0,None,0,None,1,RT:T69del,0,None,0,None,0,None,0,None,https://hivdb.stanford.edu/hivdb/by-patterns/report/?name=barcode35_tig00000001+len%3D1165+reads%3D216+class%3Dcontig+suggestRepeat%3Dno+suggestBubble%3Dno+suggestCircular%3Dno+trim%3D0-1165&mutations=PR%3AL10V%2CPR%3AI13V%2CPR%3AG16E%2CPR%3AG17D%2CPR%3AE35D%2CPR%3AM36I%2CPR%3AR41K%2CPR%3AK45R%2CPR%3AR57K%2CPR%3AL63T%2CPR%3AH69K%2CPR%3AK70R%2CPR%3AL89M%2CRT%3AV35T%2CRT%3AK49R%2CRT%3AV60I%2CRT%3AD67S%2CRT%3AS68G%2CRT%3AT69del%2CRT%3AK70R%2CRT%3AK122E%2CRT%3AI135V%2CRT%3AS162T%2CRT%3AK173S%2CRT%3AQ174K%2CRT%3AD177E%2CRT%3AV179I%2CRT%3AM184V%2CRT%3AT200A%2CRT%3AQ207A%2CRT%3AR211S%2CRT%3AT215I%2CRT%3AK219E%2CRT%3AP225H,A1,A1
BC36_ref_V24_05_066,"PR,RT",6,99,1,251,NA,NA,A1 (5.80%),0.19,None,None,"L10V,T12S,I13V,K14R,I15V,K20I,E35D,M36I,R41K,I64M,H69K,L89M",None,None,"P4S,K20R,E28A,V35I,T39A,S48E,I135T,K173S,Q174K,V179I,Q197K,T200A,I202V,Q207A,R211S,F214L,V245Q,E248D",NA,NA,NA,None,None,None,NA,None,None,None,NA,0,None,0,None,0,None,0,None,0,None,0,None,0,None,https://hivdb.stanford.edu/hivdb/by-patterns/report/?name=BC36_ref_V24_05_066&mutations=PR%3AL10V%2CPR%3AT12S%2CPR%3AI13V%2CPR%3AK14R%2CPR%3AI15V%2CPR%3AK20I%2CPR%3AE35D%2CPR%3AM36I%2CPR%3AR41K%2CPR%3AI64M%2CPR%3AH69K%2CPR%3AL89M%2CRT%3AP4S%2CRT%3AK20R%2CRT%3AE28A%2CRT%3AV35I%2CRT%3AT39A%2CRT%3AS48E%2CRT%3AI135T%2CRT%3AK173S%2CRT%3AQ174K%2CRT%3AV179I%2CRT%3AQ197K%2CRT%3AT200A%2CRT%3AI202V%2CRT%3AQ207A%2CRT%3AR211S%2CRT%3AF214L%2CRT%3AV245Q%2CRT%3AE248D,36,barcode36_tig00000001 len=1294 reads=212 class=contig suggestRepeat=no suggestBubble=no suggestCircular=no trim=0-1294,"PR,RT",6,99,1,251,NA,NA,A1 (5.80%),0.00,None,None,"L10V,T12S,I13V,K14R,I15V,K20I,E35D,M36I,R41K,I64M,H69K,L89M",None,None,"P4S,K20R,E28A,V35I,T39A,S48E,I135T,K173S,Q174K,V179I,Q197K,T200A,I202V,Q207A,R211S,F214L,V245Q,E248D",NA,NA,NA,None,None,None,NA,None,None,None,NA,0,None,0,None,0,None,0,None,0,None,0,None,0,None,https://hivdb.stanford.edu/hivdb/by-patterns/report/?name=barcode36_tig00000001+len%3D1294+reads%3D212+class%3Dcontig+suggestRepeat%3Dno+suggestBubble%3Dno+suggestCircular%3Dno+trim%3D0-1294&mutations=PR%3AL10V%2CPR%3AT12S%2CPR%3AI13V%2CPR%3AK14R%2CPR%3AI15V%2CPR%3AK20I%2CPR%3AE35D%2CPR%3AM36I%2CPR%3AR41K%2CPR%3AI64M%2CPR%3AH69K%2CPR%3AL89M%2CRT%3AP4S%2CRT%3AK20R%2CRT%3AE28A%2CRT%3AV35I%2CRT%3AT39A%2CRT%3AS48E%2CRT%3AI135T%2CRT%3AK173S%2CRT%3AQ174K%2CRT%3AV179I%2CRT%3AQ197K%2CRT%3AT200A%2CRT%3AI202V%2CRT%3AQ207A%2CRT%3AR211S%2CRT%3AF214L%2CRT%3AV245Q%2CRT%3AE248D,A1,A1
BC37_ref_V24_05_065,"PR,RT",6,99,1,251,NA,NA,A1 (5.99%),0.58,None,None,"I13V,K14R,E35D,M36I,N37D,R41K,R57K,Q61N,E65D,H69K,L89M",M184MV,K103KN,"V35T,S48T,K49R,K122E,T165TI,K173S,Q174K,V179I,Q207A,R211S,F214FL,V245E,E248D,D250E",NA,NA,NA,None,M184V,K103N,NA,None,M184V,K103N,NA,0,None,0,None,0,None,0,None,0,None,0,None,0,None,https://hivdb.stanford.edu/hivdb/by-patterns/report/?name=BC37_ref_V24_05_065&mutations=PR%3AI13V%2CPR%3AK14R%2CPR%3AE35D%2CPR%3AM36I%2CPR%3AN37D%2CPR%3AR41K%2CPR%3AR57K%2CPR%3AQ61N%2CPR%3AE65D%2CPR%3AH69K%2CPR%3AL89M%2CRT%3AV35T%2CRT%3AS48T%2CRT%3AK49R%2CRT%3AK103KN%2CRT%3AK122E%2CRT%3AT165TI%2CRT%3AK173S%2CRT%3AQ174K%2CRT%3AV179I%2CRT%3AM184MV%2CRT%3AQ207A%2CRT%3AR211S%2CRT%3AF214FL%2CRT%3AV245E%2CRT%3AE248D%2CRT%3AD250E,37,barcode37_tig00000001 len=1190 reads=11032 class=contig suggestRepeat=no suggestBubble=no suggestCircular=no trim=0-1190,"PR,RT",6,99,1,251,NA,NA,A1 (6.38%),0.00,None,None,"I13V,K14R,E35D,M36I,N37D,R41K,R57K,Q61N,E65D,H69K,L89M",M184V,K103N,"V35T,S48T,K49R,K122E,K173S,Q174K,V179I,E194K,Q207A,R211S,F214L,V245E,E248D,D250E",NA,NA,NA,None,M184V,K103N,NA,None,M184V,K103N,NA,0,None,0,None,0,None,0,None,0,None,0,None,0,None,https://hivdb.stanford.edu/hivdb/by-patterns/report/?name=barcode37_tig00000001+len%3D1190+reads%3D11032+class%3Dcontig+suggestRepeat%3Dno+suggestBubble%3Dno+suggestCircular%3Dno+trim%3D0-1190&mutations=PR%3AI13V%2CPR%3AK14R%2CPR%3AE35D%2CPR%3AM36I%2CPR%3AN37D%2CPR%3AR41K%2CPR%3AR57K%2CPR%3AQ61N%2CPR%3AE65D%2CPR%3AH69K%2CPR%3AL89M%2CRT%3AV35T%2CRT%3AS48T%2CRT%3AK49R%2CRT%3AK103N%2CRT%3AK122E%2CRT%3AK173S%2CRT%3AQ174K%2CRT%3AV179I%2CRT%3AM184V%2CRT%3AE194K%2CRT%3AQ207A%2CRT%3AR211S%2CRT%3AF214L%2CRT%3AV245E%2CRT%3AE248D%2CRT%3AD250E,A1,A1
BC43_ref_V24_05_059,"PR,RT",6,99,1,251,NA,NA,D (6.57%),0.68,None,None,"I13V,M36L,N37S,R41K,I64V,I72V",E44D,None,"V35T,K49R,V60I,K122E,D177E,I178M,T200A,E204K,Q207E,F214L,V245K,S251N",NA,NA,NA,None,None,None,NA,None,None,None,NA,0,None,0,None,0,None,0,None,0,None,0,None,0,None,https://hivdb.stanford.edu/hivdb/by-patterns/report/?name=BC43_ref_V24_05_059&mutations=PR%3AI13V%2CPR%3AM36L%2CPR%3AN37S%2CPR%3AR41K%2CPR%3AI64V%2CPR%3AI72V%2CRT%3AV35T%2CRT%3AE44D%2CRT%3AK49R%2CRT%3AV60I%2CRT%3AK122E%2CRT%3AD177E%2CRT%3AI178M%2CRT%3AT200A%2CRT%3AE204K%2CRT%3AQ207E%2CRT%3AF214L%2CRT%3AV245K%2CRT%3AS251N,43,barcode43_tig00000001 len=1184 reads=217 class=contig suggestRepeat=no suggestBubble=no suggestCircular=no trim=0-1184,"PR,RT",6,99,1,251,NA,NA,B (6.76%),0.00,None,None,"I13V,M36L,N37S,R41K,I64V,I72V",E44D,None,"V35T,K49R,V60I,K122E,D177E,I178M,T200A,E204K,Q207E,F214L,V245K,S251N",NA,NA,NA,None,None,None,NA,None,None,None,NA,0,None,0,None,0,None,0,None,0,None,0,None,0,None,https://hivdb.stanford.edu/hivdb/by-patterns/report/?name=barcode43_tig00000001+len%3D1184+reads%3D217+class%3Dcontig+suggestRepeat%3Dno+suggestBubble%3Dno+suggestCircular%3Dno+trim%3D0-1184&mutations=PR%3AI13V%2CPR%3AM36L%2CPR%3AN37S%2CPR%3AR41K%2CPR%3AI64V%2CPR%3AI72V%2CRT%3AV35T%2CRT%3AE44D%2CRT%3AK49R%2CRT%3AV60I%2CRT%3AK122E%2CRT%3AD177E%2CRT%3AI178M%2CRT%3AT200A%2CRT%3AE204K%2CRT%3AQ207E%2CRT%3AF214L%2CRT%3AV245K%2CRT%3AS251N,D,B
BC44_ref_V24_05_058,"PR,RT",6,99,1,251,NA,NA,D (4.73%),0.10,None,None,"I13V,K20R,M36I,R41K,I62V,L63Q,I64V,E65D",None,None,"K22R,V35T,K49R,V60I,K122E,S163T,E169D,D177E,I178M,T200I,Q207E,R211K",NA,NA,NA,None,None,None,NA,None,None,None,NA,0,None,0,None,0,None,0,None,0,None,0,None,0,None,https://hivdb.stanford.edu/hivdb/by-patterns/report/?name=BC44_ref_V24_05_058&mutations=PR%3AI13V%2CPR%3AK20R%2CPR%3AM36I%2CPR%3AR41K%2CPR%3AI62V%2CPR%3AL63Q%2CPR%3AI64V%2CPR%3AE65D%2CRT%3AK22R%2CRT%3AV35T%2CRT%3AK49R%2CRT%3AV60I%2CRT%3AK122E%2CRT%3AS163T%2CRT%3AE169D%2CRT%3AD177E%2CRT%3AI178M%2CRT%3AT200I%2CRT%3AQ207E%2CRT%3AR211K,44,barcode44_tig00000001 len=1130 reads=219 class=contig suggestRepeat=no suggestBubble=no suggestCircular=no trim=0-1130,"PR,RT",6,99,1,251,NA,NA,D (4.73%),0.00,None,None,"I13V,K20R,M36I,R41K,I62V,L63Q,I64V,E65D",None,None,"K22R,V35T,K49R,V60I,K122E,S163T,E169D,D177E,I178M,T200I,Q207E,R211K",NA,NA,NA,None,None,None,NA,None,None,None,NA,0,None,0,None,0,None,0,None,0,None,0,None,0,None,https://hivdb.stanford.edu/hivdb/by-patterns/report/?name=barcode44_tig00000001+len%3D1130+reads%3D219+class%3Dcontig+suggestRepeat%3Dno+suggestBubble%3Dno+suggestCircular%3Dno+trim%3D0-1130&mutations=PR%3AI13V%2CPR%3AK20R%2CPR%3AM36I%2CPR%3AR41K%2CPR%3AI62V%2CPR%3AL63Q%2CPR%3AI64V%2CPR%3AE65D%2CRT%3AK22R%2CRT%3AV35T%2CRT%3AK49R%2CRT%3AV60I%2CRT%3AK122E%2CRT%3AS163T%2CRT%3AE169D%2CRT%3AD177E%2CRT%3AI178M%2CRT%3AT200I%2CRT%3AQ207E%2CRT%3AR211K,D,D
BC45_ref_V24_05_057,"PR,RT",6,99,1,251,NA,NA,B (6.38%),1.16,None,None,"I13V,I15V,E35D,M36I,R41K,R57RK,I62V,L63V,I64M,E65ED,H69K,V77VI,L89M",None,K103N,"V35T,V60I,P170PS,D177E,I178IM,T200A,Q207N,R211K,V245Q,E248D",NA,NA,NA,None,None,K103N,NA,None,None,K103N,NA,0,None,0,None,0,None,0,None,0,None,0,None,0,None,https://hivdb.stanford.edu/hivdb/by-patterns/report/?name=BC45_ref_V24_05_057&mutations=PR%3AI13V%2CPR%3AI15V%2CPR%3AE35D%2CPR%3AM36I%2CPR%3AR41K%2CPR%3AR57RK%2CPR%3AI62V%2CPR%3AL63V%2CPR%3AI64M%2CPR%3AE65ED%2CPR%3AH69K%2CPR%3AV77VI%2CPR%3AL89M%2CRT%3AV35T%2CRT%3AV60I%2CRT%3AK103N%2CRT%3AP170PS%2CRT%3AD177E%2CRT%3AI178IM%2CRT%3AT200A%2CRT%3AQ207N%2CRT%3AR211K%2CRT%3AV245Q%2CRT%3AE248D,45,barcode45_tig00000001 len=1159 reads=206 class=contig suggestRepeat=no suggestBubble=no suggestCircular=no trim=0-1159,"PR,RT",6,99,1,251,NA,NA,B (6.76%),0.00,None,None,"I13V,I15V,E35D,M36I,R41K,I62V,L63V,I64M,H69K,V77I,L89M",None,K103N,"V35T,V60I,D177E,I178M,T200A,Q207N,R211K,V245Q,E248D",NA,NA,NA,None,None,K103N,NA,None,None,K103N,NA,0,None,0,None,0,None,0,None,0,None,0,None,0,None,https://hivdb.stanford.edu/hivdb/by-patterns/report/?name=barcode45_tig00000001+len%3D1159+reads%3D206+class%3Dcontig+suggestRepeat%3Dno+suggestBubble%3Dno+suggestCircular%3Dno+trim%3D0-1159&mutations=PR%3AI13V%2CPR%3AI15V%2CPR%3AE35D%2CPR%3AM36I%2CPR%3AR41K%2CPR%3AI62V%2CPR%3AL63V%2CPR%3AI64M%2CPR%3AH69K%2CPR%3AV77I%2CPR%3AL89M%2CRT%3AV35T%2CRT%3AV60I%2CRT%3AK103N%2CRT%3AD177E%2CRT%3AI178M%2CRT%3AT200A%2CRT%3AQ207N%2CRT%3AR211K%2CRT%3AV245Q%2CRT%3AE248D,B,B
BC46_ref_V24_05_056,"PR,RT",6,99,1,251,NA,NA,D (4.54%),0.58,None,None,"I13V,R41K,K43R,R57K,L63P,I64V,H69Y,V77I",None,V179D,"K32R,V35T,E40D,K49R,V60I,S162C,D177DE,Q207D,R211K,V245E,D250E",NA,NA,NA,None,None,None,NA,None,None,None,NA,0,None,0,None,0,None,0,None,0,None,0,None,0,None,https://hivdb.stanford.edu/hivdb/by-patterns/report/?name=BC46_ref_V24_05_056&mutations=PR%3AI13V%2CPR%3AR41K%2CPR%3AK43R%2CPR%3AR57K%2CPR%3AL63P%2CPR%3AI64V%2CPR%3AH69Y%2CPR%3AV77I%2CRT%3AK32R%2CRT%3AV35T%2CRT%3AE40D%2CRT%3AK49R%2CRT%3AV60I%2CRT%3AS162C%2CRT%3AD177DE%2CRT%3AV179D%2CRT%3AQ207D%2CRT%3AR211K%2CRT%3AV245E%2CRT%3AD250E,46,barcode46_tig00000001 len=1299 reads=208 class=contig suggestRepeat=no suggestBubble=no suggestCircular=no trim=0-1299,"PR,RT",6,99,1,251,NA,NA,D (4.83%),0.00,None,None,"I13V,R41K,K43R,R57K,L63P,I64V,H69Y,V77I",None,None,"K32R,V35T,E40D,K49R,V60I,S162C,Q207D,R211K,V245E,D250E",NA,NA,NA,None,None,None,NA,None,None,None,NA,0,None,0,None,0,None,0,None,0,None,0,None,0,None,https://hivdb.stanford.edu/hivdb/by-patterns/report/?name=barcode46_tig00000001+len%3D1299+reads%3D208+class%3Dcontig+suggestRepeat%3Dno+suggestBubble%3Dno+suggestCircular%3Dno+trim%3D0-1299&mutations=PR%3AI13V%2CPR%3AR41K%2CPR%3AK43R%2CPR%3AR57K%2CPR%3AL63P%2CPR%3AI64V%2CPR%3AH69Y%2CPR%3AV77I%2CRT%3AK32R%2CRT%3AV35T%2CRT%3AE40D%2CRT%3AK49R%2CRT%3AV60I%2CRT%3AS162C%2CRT%3AQ207D%2CRT%3AR211K%2CRT%3AV245E%2CRT%3AD250E,D,D
BC48_ref_V24_05_054,"PR,RT",6,99,1,251,NA,NA,A1 (4.73%),0.77,None,None,"K20R,E35D,M36I,R41K,L63PS,H69K,L89M",M184V,"K103N,V179T","E6A,V35T,V60I,K122E,I135T,K173L,Q174K,D177E,T200A,Q207E,R211K,F214L,V245Q",NA,NA,NA,None,M184V,K103N,NA,None,M184V,K103N,NA,0,None,0,None,0,None,0,None,0,None,0,None,0,None,https://hivdb.stanford.edu/hivdb/by-patterns/report/?name=BC48_ref_V24_05_054&mutations=PR%3AK20R%2CPR%3AE35D%2CPR%3AM36I%2CPR%3AR41K%2CPR%3AL63PS%2CPR%3AH69K%2CPR%3AL89M%2CRT%3AE6A%2CRT%3AV35T%2CRT%3AV60I%2CRT%3AK103N%2CRT%3AK122E%2CRT%3AI135T%2CRT%3AK173L%2CRT%3AQ174K%2CRT%3AD177E%2CRT%3AV179T%2CRT%3AM184V%2CRT%3AT200A%2CRT%3AQ207E%2CRT%3AR211K%2CRT%3AF214L%2CRT%3AV245Q,48,barcode48_tig00000001 len=1303 reads=10909 class=contig suggestRepeat=no suggestBubble=no suggestCircular=no trim=0-1303,"PR,RT",6,99,1,251,NA,NA,A1 (5.02%),0.00,None,None,"K20R,E35D,M36I,R41K,L63S,H69K,L89M",M184V,"K103N,V179T","E6A,V35T,V60I,K122E,I135T,K173L,Q174K,D177E,T200A,Q207E,R211K,F214L,V245Q,D250E",NA,NA,NA,None,M184V,K103N,NA,None,M184V,K103N,NA,0,None,0,None,0,None,0,None,0,None,0,None,0,None,https://hivdb.stanford.edu/hivdb/by-patterns/report/?name=barcode48_tig00000001+len%3D1303+reads%3D10909+class%3Dcontig+suggestRepeat%3Dno+suggestBubble%3Dno+suggestCircular%3Dno+trim%3D0-1303&mutations=PR%3AK20R%2CPR%3AE35D%2CPR%3AM36I%2CPR%3AR41K%2CPR%3AL63S%2CPR%3AH69K%2CPR%3AL89M%2CRT%3AE6A%2CRT%3AV35T%2CRT%3AV60I%2CRT%3AK103N%2CRT%3AK122E%2CRT%3AI135T%2CRT%3AK173L%2CRT%3AQ174K%2CRT%3AD177E%2CRT%3AV179T%2CRT%3AM184V%2CRT%3AT200A%2CRT%3AQ207E%2CRT%3AR211K%2CRT%3AF214L%2CRT%3AV245Q%2CRT%3AD250E,A1,A1
BC49_ref_V24_05_042,"PR,RT",6,99,1,251,NA,NA,A1 (3.48%),0.87,None,None,"I13V,K14R,I15V,E35D,M36I,R41K,H69K,L89M",M184MV,None,"E6K,K11RT,V21I,V35T,T39K,K122E,D123N,I135T,S162Y,K173S,D177E,V179I,I202V,Q207A,R211N,V245Q,E248D",NA,NA,NA,None,M184V,None,NA,None,M184V,None,NA,0,None,0,None,0,None,0,None,0,None,0,None,0,None,https://hivdb.stanford.edu/hivdb/by-patterns/report/?name=BC49_ref_V24_05_042&mutations=PR%3AI13V%2CPR%3AK14R%2CPR%3AI15V%2CPR%3AE35D%2CPR%3AM36I%2CPR%3AR41K%2CPR%3AH69K%2CPR%3AL89M%2CRT%3AE6K%2CRT%3AK11RT%2CRT%3AV21I%2CRT%3AV35T%2CRT%3AT39K%2CRT%3AK122E%2CRT%3AD123N%2CRT%3AI135T%2CRT%3AS162Y%2CRT%3AK173S%2CRT%3AD177E%2CRT%3AV179I%2CRT%3AM184MV%2CRT%3AI202V%2CRT%3AQ207A%2CRT%3AR211N%2CRT%3AV245Q%2CRT%3AE248D,49,barcode49_tig00000001 len=1222 reads=218 class=contig suggestRepeat=no suggestBubble=no suggestCircular=no trim=0-1222,"PR,RT",6,99,1,251,NA,NA,A1 (3.86%),0.00,None,None,"I13V,K14R,I15V,E35D,M36I,R41K,H69K,L89M",M184V,None,"E6K,K11T,V21I,V35T,T39K,K122E,D123N,I135T,S162Y,K173S,D177E,V179I,I202V,Q207A,R211N,V245Q,E248D",NA,NA,NA,None,M184V,None,NA,None,M184V,None,NA,0,None,0,None,0,None,0,None,0,None,0,None,0,None,https://hivdb.stanford.edu/hivdb/by-patterns/report/?name=barcode49_tig00000001+len%3D1222+reads%3D218+class%3Dcontig+suggestRepeat%3Dno+suggestBubble%3Dno+suggestCircular%3Dno+trim%3D0-1222&mutations=PR%3AI13V%2CPR%3AK14R%2CPR%3AI15V%2CPR%3AE35D%2CPR%3AM36I%2CPR%3AR41K%2CPR%3AH69K%2CPR%3AL89M%2CRT%3AE6K%2CRT%3AK11T%2CRT%3AV21I%2CRT%3AV35T%2CRT%3AT39K%2CRT%3AK122E%2CRT%3AD123N%2CRT%3AI135T%2CRT%3AS162Y%2CRT%3AK173S%2CRT%3AD177E%2CRT%3AV179I%2CRT%3AM184V%2CRT%3AI202V%2CRT%3AQ207A%2CRT%3AR211N%2CRT%3AV245Q%2CRT%3AE248D,A1,A1
BC50_ref_V24_05_043,"PR,RT",6,99,1,251,NA,NA,D (5.99%),1.45,None,None,"I13V,R41K,R57RK,Q61HY,L63D,I64V,H69Y,I72KT",None,None,"V35T,V60I,D121H,K122E,I135V,I142V,K166KR,K173Q,D177E,T200K,E204EK,Q207E,R211K,V245Q,D250E",NA,NA,NA,None,None,None,NA,None,None,None,NA,0,None,0,None,0,None,0,None,0,None,0,None,1,PR:Q61Y,https://hivdb.stanford.edu/hivdb/by-patterns/report/?name=BC50_ref_V24_05_043&mutations=PR%3AI13V%2CPR%3AR41K%2CPR%3AR57RK%2CPR%3AQ61HY%2CPR%3AL63D%2CPR%3AI64V%2CPR%3AH69Y%2CPR%3AI72KT%2CRT%3AV35T%2CRT%3AV60I%2CRT%3AD121H%2CRT%3AK122E%2CRT%3AI135V%2CRT%3AI142V%2CRT%3AK166KR%2CRT%3AK173Q%2CRT%3AD177E%2CRT%3AT200K%2CRT%3AE204EK%2CRT%3AQ207E%2CRT%3AR211K%2CRT%3AV245Q%2CRT%3AD250E,50,barcode50_tig00000001 len=1159 reads=214 class=contig suggestRepeat=no suggestBubble=no suggestCircular=no trim=0-1159,"PR,RT",6,99,1,251,NA,NA,B (6.57%),0.00,None,None,"I13V,R41K,R57K,Q61R,L63D,I64V,H69Y,I72T",None,None,"V35T,V60I,D121H,K122E,I135V,I142V,K166R,K173Q,D177E,T200K,Q207E,R211K,V245Q,D250E",NA,NA,NA,None,None,None,NA,None,None,None,NA,0,None,0,None,0,None,0,None,0,None,0,None,0,None,https://hivdb.stanford.edu/hivdb/by-patterns/report/?name=barcode50_tig00000001+len%3D1159+reads%3D214+class%3Dcontig+suggestRepeat%3Dno+suggestBubble%3Dno+suggestCircular%3Dno+trim%3D0-1159&mutations=PR%3AI13V%2CPR%3AR41K%2CPR%3AR57K%2CPR%3AQ61R%2CPR%3AL63D%2CPR%3AI64V%2CPR%3AH69Y%2CPR%3AI72T%2CRT%3AV35T%2CRT%3AV60I%2CRT%3AD121H%2CRT%3AK122E%2CRT%3AI135V%2CRT%3AI142V%2CRT%3AK166R%2CRT%3AK173Q%2CRT%3AD177E%2CRT%3AT200K%2CRT%3AQ207E%2CRT%3AR211K%2CRT%3AV245Q%2CRT%3AD250E,D,B
BC53_ref_V24_05_046,"PR,RT",6,99,1,251,NA,NA,A1 (6.38%),0.97,None,None,"I13V,E35D,M36I,R41K,K45KR,R57RK,L63T,H69K,L89M","D67DN,K70KR,M184V",None,"K11T,K20R,V35T,K49R,I50V,T69N,K122E,D123G,I135V,I142T,T165I,K173L,Q174K,V179I,T200A,I202V,Q207A,R211S,F214L,V245Q",NA,NA,NA,None,"D67N,K70R,M184V",None,NA,None,"D67N,K70R,M184V",None,NA,0,None,0,None,0,None,0,None,0,None,0,None,0,None,https://hivdb.stanford.edu/hivdb/by-patterns/report/?name=BC53_ref_V24_05_046&mutations=PR%3AI13V%2CPR%3AE35D%2CPR%3AM36I%2CPR%3AR41K%2CPR%3AK45KR%2CPR%3AR57RK%2CPR%3AL63T%2CPR%3AH69K%2CPR%3AL89M%2CRT%3AK11T%2CRT%3AK20R%2CRT%3AV35T%2CRT%3AK49R%2CRT%3AI50V%2CRT%3AD67DN%2CRT%3AT69N%2CRT%3AK70KR%2CRT%3AK122E%2CRT%3AD123G%2CRT%3AI135V%2CRT%3AI142T%2CRT%3AT165I%2CRT%3AK173L%2CRT%3AQ174K%2CRT%3AV179I%2CRT%3AM184V%2CRT%3AT200A%2CRT%3AI202V%2CRT%3AQ207A%2CRT%3AR211S%2CRT%3AF214L%2CRT%3AV245Q,53,barcode53_tig00000001 len=1228 reads=210 class=contig suggestRepeat=no suggestBubble=no suggestCircular=no trim=0-1228,"PR,RT",6,99,1,251,NA,NA,A1 (6.47%),0.00,None,None,"I13V,E35D,M36I,R41K,R57K,L63T,H69K,L89M",M184V,None,"K11T,K20R,V35T,K49R,I50V,T69N,K122E,D123G,I135V,I142T,T165I,K173L,Q174K,V179I,T200A,I202V,Q207A,R211S,F214L,V245Q",NA,NA,NA,None,M184V,None,NA,None,M184V,None,NA,0,None,0,None,0,None,0,None,0,None,0,None,0,None,https://hivdb.stanford.edu/hivdb/by-patterns/report/?name=barcode53_tig00000001+len%3D1228+reads%3D210+class%3Dcontig+suggestRepeat%3Dno+suggestBubble%3Dno+suggestCircular%3Dno+trim%3D0-1228&mutations=PR%3AI13V%2CPR%3AE35D%2CPR%3AM36I%2CPR%3AR41K%2CPR%3AR57K%2CPR%3AL63T%2CPR%3AH69K%2CPR%3AL89M%2CRT%3AK11T%2CRT%3AK20R%2CRT%3AV35T%2CRT%3AK49R%2CRT%3AI50V%2CRT%3AT69N%2CRT%3AK122E%2CRT%3AD123G%2CRT%3AI135V%2CRT%3AI142T%2CRT%3AT165I%2CRT%3AK173L%2CRT%3AQ174K%2CRT%3AV179I%2CRT%3AM184V%2CRT%3AT200A%2CRT%3AI202V%2CRT%3AQ207A%2CRT%3AR211S%2CRT%3AF214L%2CRT%3AV245Q,A1,A1
BC54_ref_V24_05_047,"PR,RT",6,99,1,251,NA,NA,D (5.80%),0.19,None,None,"I13V,L19I,R41K,K43R,I62V,L63P,H69Y,V77I,I93L","D67N,K70R,M184V,K219Q",None,"V35T,E40D,K49R,V60I,V90I,D121Y,K122E,D123E,I135M,S162A,T165I,D177E,I178L,T200A,Q207E,V245Q,D250E",NA,NA,NA,None,"D67N,K70R,M184V,K219Q",None,NA,None,"D67N,K70R,M184V,K219Q",None,NA,0,None,0,None,0,None,0,None,0,None,0,None,0,None,https://hivdb.stanford.edu/hivdb/by-patterns/report/?name=BC54_ref_V24_05_047&mutations=PR%3AI13V%2CPR%3AL19I%2CPR%3AR41K%2CPR%3AK43R%2CPR%3AI62V%2CPR%3AL63P%2CPR%3AH69Y%2CPR%3AV77I%2CPR%3AI93L%2CRT%3AV35T%2CRT%3AE40D%2CRT%3AK49R%2CRT%3AV60I%2CRT%3AD67N%2CRT%3AK70R%2CRT%3AV90I%2CRT%3AD121Y%2CRT%3AK122E%2CRT%3AD123E%2CRT%3AI135M%2CRT%3AS162A%2CRT%3AT165I%2CRT%3AD177E%2CRT%3AI178L%2CRT%3AM184V%2CRT%3AT200A%2CRT%3AQ207E%2CRT%3AK219Q%2CRT%3AV245Q%2CRT%3AD250E,54,barcode54_tig00000001 len=1160 reads=211 class=contig suggestRepeat=no suggestBubble=no suggestCircular=no trim=0-1160,"PR,RT",6,99,1,251,NA,NA,D (5.89%),0.00,None,None,"I13V,L19I,R41K,K43R,I62V,L63P,H69Y,V77I,I93L","D67N,K70R,M184V,K219Q",None,"V35T,E40D,K49R,V60I,V90I,D121Y,K122E,D123E,I135M,S162A,T165I,D177E,I178L,T200A,Q207E,V245Q,D250E",NA,NA,NA,None,"D67N,K70R,M184V,K219Q",None,NA,None,"D67N,K70R,M184V,K219Q",None,NA,0,None,0,None,0,None,0,None,0,None,0,None,0,None,https://hivdb.stanford.edu/hivdb/by-patterns/report/?name=barcode54_tig00000001+len%3D1160+reads%3D211+class%3Dcontig+suggestRepeat%3Dno+suggestBubble%3Dno+suggestCircular%3Dno+trim%3D0-1160&mutations=PR%3AI13V%2CPR%3AL19I%2CPR%3AR41K%2CPR%3AK43R%2CPR%3AI62V%2CPR%3AL63P%2CPR%3AH69Y%2CPR%3AV77I%2CPR%3AI93L%2CRT%3AV35T%2CRT%3AE40D%2CRT%3AK49R%2CRT%3AV60I%2CRT%3AD67N%2CRT%3AK70R%2CRT%3AV90I%2CRT%3AD121Y%2CRT%3AK122E%2CRT%3AD123E%2CRT%3AI135M%2CRT%3AS162A%2CRT%3AT165I%2CRT%3AD177E%2CRT%3AI178L%2CRT%3AM184V%2CRT%3AT200A%2CRT%3AQ207E%2CRT%3AK219Q%2CRT%3AV245Q%2CRT%3AD250E,D,D
BC55_ref_V24_05_048,"PR,RT",6,99,1,251,NA,NA,A1 (5.22%),0.77,None,L89MT,"L10V,I13V,L19I,K20R,E35D,M36I,R41K,R57K,L63S,H69K,A71V",M184V,E138A,"K11T,V21I,V35T,T39L,V60I,K122E,D123N,K173S,D177G,V179I,G196E,T200A,I202V,Q207T,F214L,V245Q,E248D",NA,NA,NA,None,M184V,None,NA,L89T,M184V,None,NA,0,None,0,None,0,None,0,None,0,None,0,None,0,None,https://hivdb.stanford.edu/hivdb/by-patterns/report/?name=BC55_ref_V24_05_048&mutations=PR%3AL10V%2CPR%3AI13V%2CPR%3AL19I%2CPR%3AK20R%2CPR%3AE35D%2CPR%3AM36I%2CPR%3AR41K%2CPR%3AR57K%2CPR%3AL63S%2CPR%3AH69K%2CPR%3AA71V%2CPR%3AL89MT%2CRT%3AK11T%2CRT%3AV21I%2CRT%3AV35T%2CRT%3AT39L%2CRT%3AV60I%2CRT%3AK122E%2CRT%3AD123N%2CRT%3AE138A%2CRT%3AK173S%2CRT%3AD177G%2CRT%3AV179I%2CRT%3AM184V%2CRT%3AG196E%2CRT%3AT200A%2CRT%3AI202V%2CRT%3AQ207T%2CRT%3AF214L%2CRT%3AV245Q%2CRT%3AE248D,55,barcode55_tig00000001 len=1201 reads=10786 class=contig suggestRepeat=no suggestBubble=no suggestCircular=no trim=0-1201,"PR,RT",6,99,1,251,NA,NA,A1 (5.70%),0.00,None,None,"L10V,I13V,L19I,K20R,E35D,M36I,R41K,R57K,L63S,H69K,A71V,L89M",M184V,E138A,"K11T,V21I,V35T,T39L,V60I,K122E,D123N,K173S,D177G,V179I,G196E,T200A,I202V,Q207T,F214L,V245Q,E248D",NA,NA,NA,None,M184V,None,NA,None,M184V,None,NA,0,None,0,None,0,None,0,None,0,None,0,None,0,None,https://hivdb.stanford.edu/hivdb/by-patterns/report/?name=barcode55_tig00000001+len%3D1201+reads%3D10786+class%3Dcontig+suggestRepeat%3Dno+suggestBubble%3Dno+suggestCircular%3Dno+trim%3D0-1201&mutations=PR%3AL10V%2CPR%3AI13V%2CPR%3AL19I%2CPR%3AK20R%2CPR%3AE35D%2CPR%3AM36I%2CPR%3AR41K%2CPR%3AR57K%2CPR%3AL63S%2CPR%3AH69K%2CPR%3AA71V%2CPR%3AL89M%2CRT%3AK11T%2CRT%3AV21I%2CRT%3AV35T%2CRT%3AT39L%2CRT%3AV60I%2CRT%3AK122E%2CRT%3AD123N%2CRT%3AE138A%2CRT%3AK173S%2CRT%3AD177G%2CRT%3AV179I%2CRT%3AM184V%2CRT%3AG196E%2CRT%3AT200A%2CRT%3AI202V%2CRT%3AQ207T%2CRT%3AF214L%2CRT%3AV245Q%2CRT%3AE248D,A1,A1
BC57_ref_V24_05_050,"PR,RT",6,99,1,251,NA,NA,A1 (7.25%),1.16,"M46I,I54L,N88S",Q58E,"L10Y,I13V,G16E,L19V,K20R,L33I,E35D,M36I,N37E,R57K,I62V,L63H,I64V,H69K,T74A,I85IV,L89M,I93L","E44D,D67N,M184V,T215Y","K103N,V179T,Y188H","P4PH,E6K,K11KT,K20R,E28A,V35T,T39A,W88C,V111I,K122E,D123N,I135T,T165V,K173A,Q174K,D177E,V189I,T200A,I202V,R206M,Q207A,L210S,R211S,T216M,K238R,V245Q,E248D,D250E",NA,NA,NA,"M46I,I54L,I85V,N88S","D67N,M184V,T215Y","K103N,Y188H",NA,"L10Y,M46I,I54L,I85V,N88S","D67N,M184V,T215Y","K103N,Y188H",NA,0,None,0,None,0,None,0,None,0,None,0,None,2,"RT:R206M,RT:T216M",https://hivdb.stanford.edu/hivdb/by-patterns/report/?name=BC57_ref_V24_05_050&mutations=PR%3AL10Y%2CPR%3AI13V%2CPR%3AG16E%2CPR%3AL19V%2CPR%3AK20R%2CPR%3AL33I%2CPR%3AE35D%2CPR%3AM36I%2CPR%3AN37E%2CPR%3AM46I%2CPR%3AI54L%2CPR%3AR57K%2CPR%3AQ58E%2CPR%3AI62V%2CPR%3AL63H%2CPR%3AI64V%2CPR%3AH69K%2CPR%3AT74A%2CPR%3AI85IV%2CPR%3AN88S%2CPR%3AL89M%2CPR%3AI93L%2CRT%3AP4PH%2CRT%3AE6K%2CRT%3AK11KT%2CRT%3AK20R%2CRT%3AE28A%2CRT%3AV35T%2CRT%3AT39A%2CRT%3AE44D%2CRT%3AD67N%2CRT%3AW88C%2CRT%3AK103N%2CRT%3AV111I%2CRT%3AK122E%2CRT%3AD123N%2CRT%3AI135T%2CRT%3AT165V%2CRT%3AK173A%2CRT%3AQ174K%2CRT%3AD177E%2CRT%3AV179T%2CRT%3AM184V%2CRT%3AY188H%2CRT%3AV189I%2CRT%3AT200A%2CRT%3AI202V%2CRT%3AR206M%2CRT%3AQ207A%2CRT%3AL210S%2CRT%3AR211S%2CRT%3AT215Y%2CRT%3AT216M%2CRT%3AK238R%2CRT%3AV245Q%2CRT%3AE248D%2CRT%3AD250E,57,barcode57_tig00000001 len=1271 reads=213 class=contig suggestRepeat=no suggestBubble=no suggestCircular=no trim=0-1271,"PR,RT",6,99,1,251,NA,NA,A1 (7.44%),0.00,"M46I,I54L,N88S",Q58E,"L10Y,I13V,G16E,L19V,K20R,L33I,E35D,M36I,N37E,R57K,I62V,L63H,I64V,H69K,T74A,L89M,I93L","E44D,D67N,M184V,T215Y","K103N,V179T,Y188H","E6K,K20R,E28A,V35T,T39A,W88C,V111I,K122E,D123N,I135T,T165V,K173A,Q174K,D177E,V189I,T200A,I202V,R206M,Q207A,L210S,R211S,T216M,K238R,V245Q,E248D,D250E",NA,NA,NA,"M46I,I54L,N88S","D67N,M184V,T215Y","K103N,Y188H",NA,"L10Y,M46I,I54L,N88S","D67N,M184V,T215Y","K103N,Y188H",NA,0,None,0,None,0,None,0,None,0,None,0,None,2,"RT:R206M,RT:T216M",https://hivdb.stanford.edu/hivdb/by-patterns/report/?name=barcode57_tig00000001+len%3D1271+reads%3D213+class%3Dcontig+suggestRepeat%3Dno+suggestBubble%3Dno+suggestCircular%3Dno+trim%3D0-1271&mutations=PR%3AL10Y%2CPR%3AI13V%2CPR%3AG16E%2CPR%3AL19V%2CPR%3AK20R%2CPR%3AL33I%2CPR%3AE35D%2CPR%3AM36I%2CPR%3AN37E%2CPR%3AM46I%2CPR%3AI54L%2CPR%3AR57K%2CPR%3AQ58E%2CPR%3AI62V%2CPR%3AL63H%2CPR%3AI64V%2CPR%3AH69K%2CPR%3AT74A%2CPR%3AN88S%2CPR%3AL89M%2CPR%3AI93L%2CRT%3AE6K%2CRT%3AK20R%2CRT%3AE28A%2CRT%3AV35T%2CRT%3AT39A%2CRT%3AE44D%2CRT%3AD67N%2CRT%3AW88C%2CRT%3AK103N%2CRT%3AV111I%2CRT%3AK122E%2CRT%3AD123N%2CRT%3AI135T%2CRT%3AT165V%2CRT%3AK173A%2CRT%3AQ174K%2CRT%3AD177E%2CRT%3AV179T%2CRT%3AM184V%2CRT%3AY188H%2CRT%3AV189I%2CRT%3AT200A%2CRT%3AI202V%2CRT%3AR206M%2CRT%3AQ207A%2CRT%3AL210S%2CRT%3AR211S%2CRT%3AT215Y%2CRT%3AT216M%2CRT%3AK238R%2CRT%3AV245Q%2CRT%3AE248D%2CRT%3AD250E,A1,A1
BC58_ref_V24_05_051,"PR,RT",6,99,1,251,NA,NA,A1 (5.02%),0.48,None,None,"I13V,E35D,M36I,R41K,R57K,I64L,H69K,K70R,L89M",None,None,"E6D,V35T,T39L,I47L,K49KR,V60I,T69S,K122E,D123S,I135T,K173S,Q174K,D177E,V179I,T200A,Q207A,R211S,F214L,E248D",NA,NA,NA,None,None,None,NA,None,None,None,NA,0,None,0,None,0,None,0,None,0,None,0,None,0,None,https://hivdb.stanford.edu/hivdb/by-patterns/report/?name=BC58_ref_V24_05_051&mutations=PR%3AI13V%2CPR%3AE35D%2CPR%3AM36I%2CPR%3AR41K%2CPR%3AR57K%2CPR%3AI64L%2CPR%3AH69K%2CPR%3AK70R%2CPR%3AL89M%2CRT%3AE6D%2CRT%3AV35T%2CRT%3AT39L%2CRT%3AI47L%2CRT%3AK49KR%2CRT%3AV60I%2CRT%3AT69S%2CRT%3AK122E%2CRT%3AD123S%2CRT%3AI135T%2CRT%3AK173S%2CRT%3AQ174K%2CRT%3AD177E%2CRT%3AV179I%2CRT%3AT200A%2CRT%3AQ207A%2CRT%3AR211S%2CRT%3AF214L%2CRT%3AE248D,58,barcode58_tig00000001 len=1211 reads=210 class=contig suggestRepeat=no suggestBubble=no suggestCircular=no trim=0-1211,"PR,RT",6,99,1,251,NA,NA,A1 (5.31%),0.00,None,None,"I13V,E35D,M36I,R41K,R57K,I64L,H69K,K70R,L89M",None,None,"E6D,V35T,T39L,I47L,K49R,V60I,T69S,K122E,D123S,I135T,K173S,Q174K,D177E,V179I,T200A,Q207A,R211S,F214L,E248D",NA,NA,NA,None,None,None,NA,None,None,None,NA,0,None,0,None,0,None,0,None,0,None,0,None,0,None,https://hivdb.stanford.edu/hivdb/by-patterns/report/?name=barcode58_tig00000001+len%3D1211+reads%3D210+class%3Dcontig+suggestRepeat%3Dno+suggestBubble%3Dno+suggestCircular%3Dno+trim%3D0-1211&mutations=PR%3AI13V%2CPR%3AE35D%2CPR%3AM36I%2CPR%3AR41K%2CPR%3AR57K%2CPR%3AI64L%2CPR%3AH69K%2CPR%3AK70R%2CPR%3AL89M%2CRT%3AE6D%2CRT%3AV35T%2CRT%3AT39L%2CRT%3AI47L%2CRT%3AK49R%2CRT%3AV60I%2CRT%3AT69S%2CRT%3AK122E%2CRT%3AD123S%2CRT%3AI135T%2CRT%3AK173S%2CRT%3AQ174K%2CRT%3AD177E%2CRT%3AV179I%2CRT%3AT200A%2CRT%3AQ207A%2CRT%3AR211S%2CRT%3AF214L%2CRT%3AE248D,A1,A1
BC59_ref_V24_05_052,"PR,RT",6,99,1,251,NA,NA,D (6.18%),2.13,None,None,"L10V,I15V,G16E,K20R,E35ED,M36I,P39S,I62IV,L63T,E65D,I72T","K65KR,S68SG,K70KT,M184MI","L100LI,K103NS","K22KR,V35IMT,T39TK,I47L,K49R,V60I,V90VI,D121H,I135T,I142IM,T165IL,D177E,T200I,E203Q,Q207D,R211K,V245NS,D250E",NA,NA,NA,None,"K65R,M184I","L100I,K103NS",NA,None,"K65R,K70T,M184I","L100I,K103NS",NA,0,None,0,None,0,None,0,None,0,None,0,None,0,None,https://hivdb.stanford.edu/hivdb/by-patterns/report/?name=BC59_ref_V24_05_052&mutations=PR%3AL10V%2CPR%3AI15V%2CPR%3AG16E%2CPR%3AK20R%2CPR%3AE35ED%2CPR%3AM36I%2CPR%3AP39S%2CPR%3AI62IV%2CPR%3AL63T%2CPR%3AE65D%2CPR%3AI72T%2CRT%3AK22KR%2CRT%3AV35IMT%2CRT%3AT39TK%2CRT%3AI47L%2CRT%3AK49R%2CRT%3AV60I%2CRT%3AK65KR%2CRT%3AS68SG%2CRT%3AK70KT%2CRT%3AV90VI%2CRT%3AL100LI%2CRT%3AK103NS%2CRT%3AD121H%2CRT%3AI135T%2CRT%3AI142IM%2CRT%3AT165IL%2CRT%3AD177E%2CRT%3AM184MI%2CRT%3AT200I%2CRT%3AE203Q%2CRT%3AQ207D%2CRT%3AR211K%2CRT%3AV245NS%2CRT%3AD250E,59,barcode59_tig00000001 len=1128 reads=45 class=contig suggestRepeat=no suggestBubble=no suggestCircular=no trim=0-1128,"PR,RT",6,99,1,251,NA,NA,D (6.28%),0.00,None,None,"L10V,I15V,G16E,K20R,M36I,P39S,L63T,E65D,I72T",None,"L100I,K103N","V35T,I47L,K49R,V60I,D121H,I135T,T165I,D177E,T200I,E203Q,Q207D,R211K,V245S,D250E",NA,NA,NA,None,None,"L100I,K103N",NA,None,None,"L100I,K103N",NA,0,None,0,None,0,None,0,None,0,None,0,None,0,None,https://hivdb.stanford.edu/hivdb/by-patterns/report/?name=barcode59_tig00000001+len%3D1128+reads%3D45+class%3Dcontig+suggestRepeat%3Dno+suggestBubble%3Dno+suggestCircular%3Dno+trim%3D0-1128&mutations=PR%3AL10V%2CPR%3AI15V%2CPR%3AG16E%2CPR%3AK20R%2CPR%3AM36I%2CPR%3AP39S%2CPR%3AL63T%2CPR%3AE65D%2CPR%3AI72T%2CRT%3AV35T%2CRT%3AI47L%2CRT%3AK49R%2CRT%3AV60I%2CRT%3AL100I%2CRT%3AK103N%2CRT%3AD121H%2CRT%3AI135T%2CRT%3AT165I%2CRT%3AD177E%2CRT%3AT200I%2CRT%3AE203Q%2CRT%3AQ207D%2CRT%3AR211K%2CRT%3AV245S%2CRT%3AD250E,D,D
BC60_ref_V24_05_053,"PR,RT",6,99,1,251,NA,NA,A1 (4.35%),1.35,None,None,"K14R,E35D,M36I,R41K,R57K,H69K,L89M",M184V,"K103N,E138Q","V35T,T39TI,V60I,D123E,K173IMR,Q174K,D177E,V179I,T200A,I202V,Q207N,R211N,V245E,D250E,S251H",NA,NA,NA,None,M184V,K103N,NA,None,M184V,"K103N,E138Q",NA,0,None,0,None,0,None,0,None,0,None,0,None,0,None,https://hivdb.stanford.edu/hivdb/by-patterns/report/?name=BC60_ref_V24_05_053&mutations=PR%3AK14R%2CPR%3AE35D%2CPR%3AM36I%2CPR%3AR41K%2CPR%3AR57K%2CPR%3AH69K%2CPR%3AL89M%2CRT%3AV35T%2CRT%3AT39TI%2CRT%3AV60I%2CRT%3AK103N%2CRT%3AD123E%2CRT%3AE138Q%2CRT%3AK173IMR%2CRT%3AQ174K%2CRT%3AD177E%2CRT%3AV179I%2CRT%3AM184V%2CRT%3AT200A%2CRT%3AI202V%2CRT%3AQ207N%2CRT%3AR211N%2CRT%3AV245E%2CRT%3AD250E%2CRT%3AS251H,60,barcode60_tig00000001 len=1129 reads=213 class=contig suggestRepeat=no suggestBubble=no suggestCircular=no trim=0-1129,"PR,RT",6,99,1,251,NA,NA,A1 (5.31%),0.00,None,None,"K14R,E35D,M36I,R41K,R57K,H69K,L89M",M184V,"K103N,E138Q","V35T,V60I,D123E,K173I,Q174K,D177G,V179I,T200A,I202V,Q207N,R211N,V245E,D250E,S251H",NA,NA,NA,None,M184V,K103N,NA,None,M184V,"K103N,E138Q",NA,0,None,0,None,0,None,0,None,0,None,0,None,0,None,https://hivdb.stanford.edu/hivdb/by-patterns/report/?name=barcode60_tig00000001+len%3D1129+reads%3D213+class%3Dcontig+suggestRepeat%3Dno+suggestBubble%3Dno+suggestCircular%3Dno+trim%3D0-1129&mutations=PR%3AK14R%2CPR%3AE35D%2CPR%3AM36I%2CPR%3AR41K%2CPR%3AR57K%2CPR%3AH69K%2CPR%3AL89M%2CRT%3AV35T%2CRT%3AV60I%2CRT%3AK103N%2CRT%3AD123E%2CRT%3AE138Q%2CRT%3AK173I%2CRT%3AQ174K%2CRT%3AD177G%2CRT%3AV179I%2CRT%3AM184V%2CRT%3AT200A%2CRT%3AI202V%2CRT%3AQ207N%2CRT%3AR211N%2CRT%3AV245E%2CRT%3AD250E%2CRT%3AS251H,A1,A1
BC61_ref_V24_05_070,"PR,RT",6,99,1,251,NA,NA,A1 (5.12%),0.29,None,None,"I13V,I15V,E35D,M36I,R41K,R57K,D60E,H69K,K70KR,L89M",M184V,None,"V35T,E40D,V60I,K122E,D123S,I135T,S162Y,K173L,Q174K,D177E,V179I,T200A,Q207A,F214L,V245E,D250E,S251N",NA,NA,NA,None,M184V,None,NA,None,M184V,None,NA,0,None,0,None,0,None,0,None,0,None,0,None,0,None,https://hivdb.stanford.edu/hivdb/by-patterns/report/?name=BC61_ref_V24_05_070&mutations=PR%3AI13V%2CPR%3AI15V%2CPR%3AE35D%2CPR%3AM36I%2CPR%3AR41K%2CPR%3AR57K%2CPR%3AD60E%2CPR%3AH69K%2CPR%3AK70KR%2CPR%3AL89M%2CRT%3AV35T%2CRT%3AE40D%2CRT%3AV60I%2CRT%3AK122E%2CRT%3AD123S%2CRT%3AI135T%2CRT%3AS162Y%2CRT%3AK173L%2CRT%3AQ174K%2CRT%3AD177E%2CRT%3AV179I%2CRT%3AM184V%2CRT%3AT200A%2CRT%3AQ207A%2CRT%3AF214L%2CRT%3AV245E%2CRT%3AD250E%2CRT%3AS251N,61,barcode61_tig00000001 len=1278 reads=232 class=contig suggestRepeat=no suggestBubble=no suggestCircular=no trim=0-1278,"PR,RT",6,99,1,251,NA,NA,A1 (5.22%),0.00,None,None,"I13V,I15V,E35D,M36I,R41K,R57K,D60E,H69K,K70R,L89M",M184V,None,"V35T,E40D,V60I,K122E,D123S,I135T,S162Y,K173L,Q174K,D177E,V179I,T200A,Q207A,F214L,V245E,D250E,S251N",NA,NA,NA,None,M184V,None,NA,None,M184V,None,NA,0,None,0,None,0,None,0,None,0,None,0,None,0,None,https://hivdb.stanford.edu/hivdb/by-patterns/report/?name=barcode61_tig00000001+len%3D1278+reads%3D232+class%3Dcontig+suggestRepeat%3Dno+suggestBubble%3Dno+suggestCircular%3Dno+trim%3D0-1278&mutations=PR%3AI13V%2CPR%3AI15V%2CPR%3AE35D%2CPR%3AM36I%2CPR%3AR41K%2CPR%3AR57K%2CPR%3AD60E%2CPR%3AH69K%2CPR%3AK70R%2CPR%3AL89M%2CRT%3AV35T%2CRT%3AE40D%2CRT%3AV60I%2CRT%3AK122E%2CRT%3AD123S%2CRT%3AI135T%2CRT%3AS162Y%2CRT%3AK173L%2CRT%3AQ174K%2CRT%3AD177E%2CRT%3AV179I%2CRT%3AM184V%2CRT%3AT200A%2CRT%3AQ207A%2CRT%3AF214L%2CRT%3AV245E%2CRT%3AD250E%2CRT%3AS251N,A1,A1
BC62_ref_V24_05_071,"PR,RT",6,99,1,251,NA,NA,B (5.99%),1.45,None,None,"K20KR,E35D,M36I,N37D,R41K,K45R,I62V,L63S,I64V,E65D,H69Y",None,None,"V35I,I37L,D123E,S162C,D177E,T200I,Q207EG,R211KQ,V245VM,D250E",NA,NA,NA,None,None,None,NA,None,None,None,NA,0,None,0,None,0,None,0,None,0,None,0,None,0,None,https://hivdb.stanford.edu/hivdb/by-patterns/report/?name=BC62_ref_V24_05_071&mutations=PR%3AK20KR%2CPR%3AE35D%2CPR%3AM36I%2CPR%3AN37D%2CPR%3AR41K%2CPR%3AK45R%2CPR%3AI62V%2CPR%3AL63S%2CPR%3AI64V%2CPR%3AE65D%2CPR%3AH69Y%2CRT%3AV35I%2CRT%3AI37L%2CRT%3AD123E%2CRT%3AS162C%2CRT%3AD177E%2CRT%3AT200I%2CRT%3AQ207EG%2CRT%3AR211KQ%2CRT%3AV245VM%2CRT%3AD250E,62,barcode62_tig00000001 len=1206 reads=214 class=contig suggestRepeat=no suggestBubble=no suggestCircular=no trim=0-1206,"PR,RT",6,99,1,251,NA,NA,B (6.57%),0.00,None,None,"E35D,M36I,R41K,K45R,I62V,L63S,I64V,E65D,H69Y",None,None,"V35I,D123E,S162C,D177E,T200V,Q207G,R211K",NA,NA,NA,None,None,None,NA,None,None,None,NA,0,None,0,None,0,None,0,None,0,None,0,None,0,None,https://hivdb.stanford.edu/hivdb/by-patterns/report/?name=barcode62_tig00000001+len%3D1206+reads%3D214+class%3Dcontig+suggestRepeat%3Dno+suggestBubble%3Dno+suggestCircular%3Dno+trim%3D0-1206&mutations=PR%3AE35D%2CPR%3AM36I%2CPR%3AR41K%2CPR%3AK45R%2CPR%3AI62V%2CPR%3AL63S%2CPR%3AI64V%2CPR%3AE65D%2CPR%3AH69Y%2CRT%3AV35I%2CRT%3AD123E%2CRT%3AS162C%2CRT%3AD177E%2CRT%3AT200V%2CRT%3AQ207G%2CRT%3AR211K,B,B
BC63_ref_V24_05_072,"PR,RT",6,99,1,251,NA,NA,D (5.12%),0.58,None,None,"K14R,G17E,M36I,R41K,D60E,I62V,L63P,I64V",None,None,"V35T,K49R,V60I,D123E,I135T,K173Q,D177E,Q197QH,T200I,Q207E,R211K,V245K",NA,NA,NA,None,None,None,NA,None,None,None,NA,0,None,0,None,0,None,0,None,0,None,0,None,0,None,https://hivdb.stanford.edu/hivdb/by-patterns/report/?name=BC63_ref_V24_05_072&mutations=PR%3AK14R%2CPR%3AG17E%2CPR%3AM36I%2CPR%3AR41K%2CPR%3AD60E%2CPR%3AI62V%2CPR%3AL63P%2CPR%3AI64V%2CRT%3AV35T%2CRT%3AK49R%2CRT%3AV60I%2CRT%3AD123E%2CRT%3AI135T%2CRT%3AK173Q%2CRT%3AD177E%2CRT%3AQ197QH%2CRT%3AT200I%2CRT%3AQ207E%2CRT%3AR211K%2CRT%3AV245K,63,barcode63_tig00000001 len=1160 reads=218 class=contig suggestRepeat=no suggestBubble=no suggestCircular=no trim=0-1160,"PR,RT",6,99,1,251,NA,NA,D (5.31%),0.00,None,None,"K14R,G17E,M36I,R41K,D60E,I62V,L63P,I64V",None,None,"V35T,K49R,V60I,D123E,I135T,K173Q,D177E,T200I,Q207E,R211K,V245K,D250E",NA,NA,NA,None,None,None,NA,None,None,None,NA,0,None,0,None,0,None,0,None,0,None,0,None,0,None,https://hivdb.stanford.edu/hivdb/by-patterns/report/?name=barcode63_tig00000001+len%3D1160+reads%3D218+class%3Dcontig+suggestRepeat%3Dno+suggestBubble%3Dno+suggestCircular%3Dno+trim%3D0-1160&mutations=PR%3AK14R%2CPR%3AG17E%2CPR%3AM36I%2CPR%3AR41K%2CPR%3AD60E%2CPR%3AI62V%2CPR%3AL63P%2CPR%3AI64V%2CRT%3AV35T%2CRT%3AK49R%2CRT%3AV60I%2CRT%3AD123E%2CRT%3AI135T%2CRT%3AK173Q%2CRT%3AD177E%2CRT%3AT200I%2CRT%3AQ207E%2CRT%3AR211K%2CRT%3AV245K%2CRT%3AD250E,D,D
BC66_ref_V24_05_075,"PR,RT",6,99,1,251,NA,NA,D (5.99%),0.29,None,None,"L10V,M36I,R41K,L63C,I64V,I72V","S68G,T215F",K103N,"V35T,K49R,V60I,A98S,K101R,K122E,I135T,D177G,T200K,Q207E,R211K,P243AS,V245K,E248D,D250E",NA,NA,NA,None,T215F,K103N,NA,None,T215F,K103N,NA,0,None,0,None,0,None,0,None,0,None,0,None,0,None,https://hivdb.stanford.edu/hivdb/by-patterns/report/?name=BC66_ref_V24_05_075&mutations=PR%3AL10V%2CPR%3AM36I%2CPR%3AR41K%2CPR%3AL63C%2CPR%3AI64V%2CPR%3AI72V%2CRT%3AV35T%2CRT%3AK49R%2CRT%3AV60I%2CRT%3AS68G%2CRT%3AA98S%2CRT%3AK101R%2CRT%3AK103N%2CRT%3AK122E%2CRT%3AI135T%2CRT%3AD177G%2CRT%3AT200K%2CRT%3AQ207E%2CRT%3AR211K%2CRT%3AT215F%2CRT%3AP243AS%2CRT%3AV245K%2CRT%3AE248D%2CRT%3AD250E,66,barcode66_tig00000001 len=1153 reads=184 class=contig suggestRepeat=no suggestBubble=no suggestCircular=no trim=0-1153,"PR,RT",6,99,1,251,NA,NA,D (6.18%),0.00,None,None,"L10V,M36I,R41K,L63C,I64V,I72V","S68G,T215F",K103N,"V35T,K49R,V60I,A98S,K101R,K122E,I135T,D177G,T200K,Q207E,R211K,P243S,V245K,E248D,D250E",NA,NA,NA,None,T215F,K103N,NA,None,T215F,K103N,NA,0,None,0,None,0,None,0,None,0,None,0,None,0,None,https://hivdb.stanford.edu/hivdb/by-patterns/report/?name=barcode66_tig00000001+len%3D1153+reads%3D184+class%3Dcontig+suggestRepeat%3Dno+suggestBubble%3Dno+suggestCircular%3Dno+trim%3D0-1153&mutations=PR%3AL10V%2CPR%3AM36I%2CPR%3AR41K%2CPR%3AL63C%2CPR%3AI64V%2CPR%3AI72V%2CRT%3AV35T%2CRT%3AK49R%2CRT%3AV60I%2CRT%3AS68G%2CRT%3AA98S%2CRT%3AK101R%2CRT%3AK103N%2CRT%3AK122E%2CRT%3AI135T%2CRT%3AD177G%2CRT%3AT200K%2CRT%3AQ207E%2CRT%3AR211K%2CRT%3AT215F%2CRT%3AP243S%2CRT%3AV245K%2CRT%3AE248D%2CRT%3AD250E,D,D
BC67_ref_V24_05_076,"PR,RT",6,99,1,251,NA,NA,D (4.64%),0.77,None,None,"M36MI,R41K,R57K,L63P,A71T,I72V,V77I,I93L",None,K101KE,"V35T,K49R,V60I,D121Y,K122E,D123E,S162H,D177E,I178L,I180V,T200I,Q207E,R211K",NA,NA,NA,None,None,K101E,NA,None,None,K101E,NA,0,None,0,None,0,None,0,None,0,None,0,None,0,None,https://hivdb.stanford.edu/hivdb/by-patterns/report/?name=BC67_ref_V24_05_076&mutations=PR%3AM36MI%2CPR%3AR41K%2CPR%3AR57K%2CPR%3AL63P%2CPR%3AA71T%2CPR%3AI72V%2CPR%3AV77I%2CPR%3AI93L%2CRT%3AV35T%2CRT%3AK49R%2CRT%3AV60I%2CRT%3AK101KE%2CRT%3AD121Y%2CRT%3AK122E%2CRT%3AD123E%2CRT%3AS162H%2CRT%3AD177E%2CRT%3AI178L%2CRT%3AI180V%2CRT%3AT200I%2CRT%3AQ207E%2CRT%3AR211K,67,barcode67_tig00000001 len=1129 reads=208 class=contig suggestRepeat=no suggestBubble=no suggestCircular=no trim=0-1129,"PR,RT",6,99,1,251,NA,NA,D (4.54%),0.00,None,None,"R41K,L63P,I64L,A71T,I72V,V77I,I93L",None,"K101E,G190A","V35T,V60I,D121Y,K122E,I142V,D177E,I178L,Q207E,R211K,V245E,D250E",NA,NA,NA,None,None,"K101E,G190A",NA,None,None,"K101E,G190A",NA,0,None,0,None,0,None,0,None,0,None,0,None,0,None,https://hivdb.stanford.edu/hivdb/by-patterns/report/?name=barcode67_tig00000001+len%3D1129+reads%3D208+class%3Dcontig+suggestRepeat%3Dno+suggestBubble%3Dno+suggestCircular%3Dno+trim%3D0-1129&mutations=PR%3AR41K%2CPR%3AL63P%2CPR%3AI64L%2CPR%3AA71T%2CPR%3AI72V%2CPR%3AV77I%2CPR%3AI93L%2CRT%3AV35T%2CRT%3AV60I%2CRT%3AK101E%2CRT%3AD121Y%2CRT%3AK122E%2CRT%3AI142V%2CRT%3AD177E%2CRT%3AI178L%2CRT%3AG190A%2CRT%3AQ207E%2CRT%3AR211K%2CRT%3AV245E%2CRT%3AD250E,D,D
BC68_ref_V24_05_077,"PR,RT",6,99,1,251,NA,NA,A1 (4.93%),0.58,None,None,"I13V,E35D,M36I,R41K,K45R,R57K,L63V,H69K,L89M",None,Y181C,"I5V,E6K,V35T,T39A,E40D,V60I,T107S,D121H,K122E,I135V,T139I,K173A,Q174K,D177E,V179I,T200A,Q207A,R211S,F214FL,V245T,D250E",NA,NA,NA,None,None,Y181C,NA,None,None,Y181C,NA,0,None,0,None,0,None,0,None,0,None,0,None,0,None,https://hivdb.stanford.edu/hivdb/by-patterns/report/?name=BC68_ref_V24_05_077&mutations=PR%3AI13V%2CPR%3AE35D%2CPR%3AM36I%2CPR%3AR41K%2CPR%3AK45R%2CPR%3AR57K%2CPR%3AL63V%2CPR%3AH69K%2CPR%3AL89M%2CRT%3AI5V%2CRT%3AE6K%2CRT%3AV35T%2CRT%3AT39A%2CRT%3AE40D%2CRT%3AV60I%2CRT%3AT107S%2CRT%3AD121H%2CRT%3AK122E%2CRT%3AI135V%2CRT%3AT139I%2CRT%3AK173A%2CRT%3AQ174K%2CRT%3AD177E%2CRT%3AV179I%2CRT%3AY181C%2CRT%3AT200A%2CRT%3AQ207A%2CRT%3AR211S%2CRT%3AF214FL%2CRT%3AV245T%2CRT%3AD250E,68,barcode68_tig00000001 len=1211 reads=216 class=contig suggestRepeat=no suggestBubble=no suggestCircular=no trim=0-1211,"PR,RT",6,99,1,251,NA,NA,A1 (5.12%),0.00,None,None,"I13V,E35D,M36I,R41K,K45R,R57K,L63V,H69K,L89M",None,Y181C,"I5V,E6K,V35T,T39A,E40D,V60I,T107S,D121H,K122E,I135V,T139I,K173A,Q174K,D177E,V179I,T200A,Q207A,R211S,F214L,V245T,D250E",NA,NA,NA,None,None,Y181C,NA,None,None,Y181C,NA,0,None,0,None,0,None,0,None,0,None,0,None,0,None,https://hivdb.stanford.edu/hivdb/by-patterns/report/?name=barcode68_tig00000001+len%3D1211+reads%3D216+class%3Dcontig+suggestRepeat%3Dno+suggestBubble%3Dno+suggestCircular%3Dno+trim%3D0-1211&mutations=PR%3AI13V%2CPR%3AE35D%2CPR%3AM36I%2CPR%3AR41K%2CPR%3AK45R%2CPR%3AR57K%2CPR%3AL63V%2CPR%3AH69K%2CPR%3AL89M%2CRT%3AI5V%2CRT%3AE6K%2CRT%3AV35T%2CRT%3AT39A%2CRT%3AE40D%2CRT%3AV60I%2CRT%3AT107S%2CRT%3AD121H%2CRT%3AK122E%2CRT%3AI135V%2CRT%3AT139I%2CRT%3AK173A%2CRT%3AQ174K%2CRT%3AD177E%2CRT%3AV179I%2CRT%3AY181C%2CRT%3AT200A%2CRT%3AQ207A%2CRT%3AR211S%2CRT%3AF214L%2CRT%3AV245T%2CRT%3AD250E,A1,A1
BC70_ref_V24_05_079,"PR,RT",6,99,1,251,NA,NA,A1 (3.48%),2.80,None,None,"L10I,I13V,G16E,E35D,M36IV,R41K,R57K,L63V,H69KQ,L89M",None,None,"E6EK,K11T,K20R,V21I,V35T,T39K,K43E,V90VI,K104KR,T107TS,K122E,D123S,I142V,K173LV,D177E,V179I,T200A,I202IV,Q207A,R211GS,V245Q,E248N",NA,NA,NA,None,None,None,NA,None,None,None,NA,0,None,0,None,0,None,0,None,0,None,0,None,0,None,https://hivdb.stanford.edu/hivdb/by-patterns/report/?name=BC70_ref_V24_05_079&mutations=PR%3AL10I%2CPR%3AI13V%2CPR%3AG16E%2CPR%3AE35D%2CPR%3AM36IV%2CPR%3AR41K%2CPR%3AR57K%2CPR%3AL63V%2CPR%3AH69KQ%2CPR%3AL89M%2CRT%3AE6EK%2CRT%3AK11T%2CRT%3AK20R%2CRT%3AV21I%2CRT%3AV35T%2CRT%3AT39K%2CRT%3AK43E%2CRT%3AV90VI%2CRT%3AK104KR%2CRT%3AT107TS%2CRT%3AK122E%2CRT%3AD123S%2CRT%3AI142V%2CRT%3AK173LV%2CRT%3AD177E%2CRT%3AV179I%2CRT%3AT200A%2CRT%3AI202IV%2CRT%3AQ207A%2CRT%3AR211GS%2CRT%3AV245Q%2CRT%3AE248N,70,barcode70_tig00000001 len=1210 reads=216 class=contig suggestRepeat=no suggestBubble=no suggestCircular=no trim=0-1210,"PR,RT",6,99,1,251,NA,NA,A1 (4.15%),0.00,None,None,"L10I,I13V,G16E,E35D,M36I,R41K,R57K,L63V,H69K,L89M",None,None,"K11T,K20R,V21I,V35T,T39K,K43E,K122E,D123S,I142V,K173L,D177E,V179I,T200A,I202V,Q207A,R211S,V245Q,E248N",NA,NA,NA,None,None,None,NA,None,None,None,NA,0,None,0,None,0,None,0,None,0,None,0,None,0,None,https://hivdb.stanford.edu/hivdb/by-patterns/report/?name=barcode70_tig00000001+len%3D1210+reads%3D216+class%3Dcontig+suggestRepeat%3Dno+suggestBubble%3Dno+suggestCircular%3Dno+trim%3D0-1210&mutations=PR%3AL10I%2CPR%3AI13V%2CPR%3AG16E%2CPR%3AE35D%2CPR%3AM36I%2CPR%3AR41K%2CPR%3AR57K%2CPR%3AL63V%2CPR%3AH69K%2CPR%3AL89M%2CRT%3AK11T%2CRT%3AK20R%2CRT%3AV21I%2CRT%3AV35T%2CRT%3AT39K%2CRT%3AK43E%2CRT%3AK122E%2CRT%3AD123S%2CRT%3AI142V%2CRT%3AK173L%2CRT%3AD177E%2CRT%3AV179I%2CRT%3AT200A%2CRT%3AI202V%2CRT%3AQ207A%2CRT%3AR211S%2CRT%3AV245Q%2CRT%3AE248N,A1,A1
BC71_ref_V24_05_080,"PR,RT",6,99,1,251,NA,NA,D (5.22%),0.19,None,None,"L10V,M36I,R41K,I62V,L63P,I64L,C67S",None,None,"V35T,T39A,E40D,V60I,K122E,I142V,D177E,I178M,T200A,Q207E,R211K,P243T,V245T,D250E",NA,NA,NA,None,None,None,NA,None,None,None,NA,0,None,0,None,0,None,0,None,0,None,0,None,0,None,https://hivdb.stanford.edu/hivdb/by-patterns/report/?name=BC71_ref_V24_05_080&mutations=PR%3AL10V%2CPR%3AM36I%2CPR%3AR41K%2CPR%3AI62V%2CPR%3AL63P%2CPR%3AI64L%2CPR%3AC67S%2CRT%3AV35T%2CRT%3AT39A%2CRT%3AE40D%2CRT%3AV60I%2CRT%3AK122E%2CRT%3AI142V%2CRT%3AD177E%2CRT%3AI178M%2CRT%3AT200A%2CRT%3AQ207E%2CRT%3AR211K%2CRT%3AP243T%2CRT%3AV245T%2CRT%3AD250E,71,barcode71_tig00000001 len=1130 reads=211 class=contig suggestRepeat=no suggestBubble=no suggestCircular=no trim=0-1130,"PR,RT",6,99,1,251,NA,NA,D (5.22%),0.00,None,None,"L10V,M36I,R41K,I62V,L63P,I64L,C67S",None,None,"V35T,T39A,E40D,V60I,K122E,I142V,D177E,I178M,T200A,Q207E,R211K,P243T,V245T,D250E",NA,NA,NA,None,None,None,NA,None,None,None,NA,0,None,0,None,0,None,0,None,0,None,0,None,0,None,https://hivdb.stanford.edu/hivdb/by-patterns/report/?name=barcode71_tig00000001+len%3D1130+reads%3D211+class%3Dcontig+suggestRepeat%3Dno+suggestBubble%3Dno+suggestCircular%3Dno+trim%3D0-1130&mutations=PR%3AL10V%2CPR%3AM36I%2CPR%3AR41K%2CPR%3AI62V%2CPR%3AL63P%2CPR%3AI64L%2CPR%3AC67S%2CRT%3AV35T%2CRT%3AT39A%2CRT%3AE40D%2CRT%3AV60I%2CRT%3AK122E%2CRT%3AI142V%2CRT%3AD177E%2CRT%3AI178M%2CRT%3AT200A%2CRT%3AQ207E%2CRT%3AR211K%2CRT%3AP243T%2CRT%3AV245T%2CRT%3AD250E,D,D
BC72_ref_V24_05_081,"PR,RT",6,99,1,251,NA,NA,A1 (4.64%),0.00,None,None,"I13V,K14R,I15V,K20R,E35D,M36I,N37D,R41K,R57K,H69K,L89M","M41L,M184V","K103N,P225H","E6D,K20R,V35T,T39M,E53K,V60I,K122E,I135T,S162C,K173A,Q174K,D177E,I178M,V179I,T200A,E204Q,Q207D,R211K,L228R,V245E,D250E",NA,NA,NA,None,"M41L,M184V","K103N,P225H",NA,None,"M41L,M184V,L228R","K103N,P225H",NA,0,None,0,None,0,None,0,None,0,None,1,RT:E53K,0,None,https://hivdb.stanford.edu/hivdb/by-patterns/report/?name=BC72_ref_V24_05_081&mutations=PR%3AI13V%2CPR%3AK14R%2CPR%3AI15V%2CPR%3AK20R%2CPR%3AE35D%2CPR%3AM36I%2CPR%3AN37D%2CPR%3AR41K%2CPR%3AR57K%2CPR%3AH69K%2CPR%3AL89M%2CRT%3AE6D%2CRT%3AK20R%2CRT%3AV35T%2CRT%3AT39M%2CRT%3AM41L%2CRT%3AE53K%2CRT%3AV60I%2CRT%3AK103N%2CRT%3AK122E%2CRT%3AI135T%2CRT%3AS162C%2CRT%3AK173A%2CRT%3AQ174K%2CRT%3AD177E%2CRT%3AI178M%2CRT%3AV179I%2CRT%3AM184V%2CRT%3AT200A%2CRT%3AE204Q%2CRT%3AQ207D%2CRT%3AR211K%2CRT%3AP225H%2CRT%3AL228R%2CRT%3AV245E%2CRT%3AD250E,72,barcode72_tig00000001 len=1199 reads=10874 class=contig suggestRepeat=no suggestBubble=no suggestCircular=no trim=0-1199,"PR,RT",6,99,1,251,NA,NA,A1 (5.31%),0.00,None,None,"I13V,K14R,I15V,K20R,E35D,M36I,N37D,R41K,H69K,L89M","M41L,M184V","K103N,P225H","E6D,K20R,V35T,T39M,V60I,K102R,K122E,D123S,I135T,I142L,K173A,Q174K,D177E,I178M,T200A,E204Q,Q207D,R211K,L228R,V245E,D250E",NA,NA,NA,None,"M41L,M184V","K103N,P225H",NA,None,"M41L,M184V,L228R","K103N,P225H",NA,0,None,0,None,0,None,0,None,0,None,0,None,0,None,https://hivdb.stanford.edu/hivdb/by-patterns/report/?name=barcode72_tig00000001+len%3D1199+reads%3D10874+class%3Dcontig+suggestRepeat%3Dno+suggestBubble%3Dno+suggestCircular%3Dno+trim%3D0-1199&mutations=PR%3AI13V%2CPR%3AK14R%2CPR%3AI15V%2CPR%3AK20R%2CPR%3AE35D%2CPR%3AM36I%2CPR%3AN37D%2CPR%3AR41K%2CPR%3AH69K%2CPR%3AL89M%2CRT%3AE6D%2CRT%3AK20R%2CRT%3AV35T%2CRT%3AT39M%2CRT%3AM41L%2CRT%3AV60I%2CRT%3AK102R%2CRT%3AK103N%2CRT%3AK122E%2CRT%3AD123S%2CRT%3AI135T%2CRT%3AI142L%2CRT%3AK173A%2CRT%3AQ174K%2CRT%3AD177E%2CRT%3AI178M%2CRT%3AM184V%2CRT%3AT200A%2CRT%3AE204Q%2CRT%3AQ207D%2CRT%3AR211K%2CRT%3AP225H%2CRT%3AL228R%2CRT%3AV245E%2CRT%3AD250E,A1,A1
BC73_ref_V24_05_082,"PR,RT",6,99,1,251,NA,NA,A1 (5.51%),0.29,None,None,"T12A,I13V,E35D,M36I,R57K,L63P,H69K,L89M",None,None,"K11T,V21N,V35T,K43R,K122E,D123N,K173S,D177E,V179I,T200A,Q207A,R211S,F214L,V245E",NA,NA,NA,None,None,None,NA,None,None,None,NA,0,None,0,None,0,None,0,None,0,None,0,None,1,RT:V21N,https://hivdb.stanford.edu/hivdb/by-patterns/report/?name=BC73_ref_V24_05_082&mutations=PR%3AT12A%2CPR%3AI13V%2CPR%3AE35D%2CPR%3AM36I%2CPR%3AR57K%2CPR%3AL63P%2CPR%3AH69K%2CPR%3AL89M%2CRT%3AK11T%2CRT%3AV21N%2CRT%3AV35T%2CRT%3AK43R%2CRT%3AK122E%2CRT%3AD123N%2CRT%3AK173S%2CRT%3AD177E%2CRT%3AV179I%2CRT%3AT200A%2CRT%3AQ207A%2CRT%3AR211S%2CRT%3AF214L%2CRT%3AV245E,73,barcode73_tig00000001 len=1219 reads=210 class=contig suggestRepeat=no suggestBubble=no suggestCircular=no trim=0-1219,"PR,RT",6,99,1,251,NA,NA,A1 (6.18%),0.00,None,None,"I13V,E35D,M36I,N37D,R41K,L63T,H69K,K70R,I72T,L89M",M184V,"K103N,E138A,P225H","K20R,V35T,T39K,K43E,K102Q,D123E,I135L,K173S,V179I,T200E,I202V,Q207A,R211K,V245Q,E248D",NA,NA,NA,None,M184V,"K103N,P225H",NA,None,M184V,"K103N,P225H",NA,0,None,0,None,0,None,0,None,0,None,0,None,0,None,https://hivdb.stanford.edu/hivdb/by-patterns/report/?name=barcode73_tig00000001+len%3D1219+reads%3D210+class%3Dcontig+suggestRepeat%3Dno+suggestBubble%3Dno+suggestCircular%3Dno+trim%3D0-1219&mutations=PR%3AI13V%2CPR%3AE35D%2CPR%3AM36I%2CPR%3AN37D%2CPR%3AR41K%2CPR%3AL63T%2CPR%3AH69K%2CPR%3AK70R%2CPR%3AI72T%2CPR%3AL89M%2CRT%3AK20R%2CRT%3AV35T%2CRT%3AT39K%2CRT%3AK43E%2CRT%3AK102Q%2CRT%3AK103N%2CRT%3AD123E%2CRT%3AI135L%2CRT%3AE138A%2CRT%3AK173S%2CRT%3AV179I%2CRT%3AM184V%2CRT%3AT200E%2CRT%3AI202V%2CRT%3AQ207A%2CRT%3AR211K%2CRT%3AP225H%2CRT%3AV245Q%2CRT%3AE248D,A1,A1
BC75_ref_V24_05_084,"PR,RT",6,99,1,251,NA,NA,A1 (5.89%),0.19,None,L33F,"I13V,E35D,M36I,R41K,R57K,H69K,K70R,V77I,L89M",None,"K103N,E138G,P225H","I5V,K20R,V35T,K122E,D123N,S162C,K173S,Q174K,I178L,V179I,Q207E,R211K,D250E,S251D",NA,NA,NA,None,None,"K103N,P225H",NA,None,None,"K103N,P225H",NA,0,None,0,None,0,None,0,None,0,None,0,None,0,None,https://hivdb.stanford.edu/hivdb/by-patterns/report/?name=BC75_ref_V24_05_084&mutations=PR%3AI13V%2CPR%3AL33F%2CPR%3AE35D%2CPR%3AM36I%2CPR%3AR41K%2CPR%3AR57K%2CPR%3AH69K%2CPR%3AK70R%2CPR%3AV77I%2CPR%3AL89M%2CRT%3AI5V%2CRT%3AK20R%2CRT%3AV35T%2CRT%3AK103N%2CRT%3AK122E%2CRT%3AD123N%2CRT%3AE138G%2CRT%3AS162C%2CRT%3AK173S%2CRT%3AQ174K%2CRT%3AI178L%2CRT%3AV179I%2CRT%3AQ207E%2CRT%3AR211K%2CRT%3AP225H%2CRT%3AD250E%2CRT%3AS251D,75,barcode75_tig00000001 len=1129 reads=215 class=contig suggestRepeat=no suggestBubble=no suggestCircular=no trim=0-1129,"PR,RT",6,99,1,251,NA,NA,A1 (4.54%),0.00,None,None,"L10I,I13V,K20R,E35D,M36I,R41K,I62V,H69N,L89M",None,None,"E6S,V35T,T39M,V60I,K122E,I135T,K173A,Q174R,D177E,V179I,I202V,Q207A,R211S,F214L,V245M,D250E",NA,NA,NA,None,None,None,NA,None,None,None,NA,0,None,0,None,0,None,0,None,0,None,0,None,0,None,https://hivdb.stanford.edu/hivdb/by-patterns/report/?name=barcode75_tig00000001+len%3D1129+reads%3D215+class%3Dcontig+suggestRepeat%3Dno+suggestBubble%3Dno+suggestCircular%3Dno+trim%3D0-1129&mutations=PR%3AL10I%2CPR%3AI13V%2CPR%3AK20R%2CPR%3AE35D%2CPR%3AM36I%2CPR%3AR41K%2CPR%3AI62V%2CPR%3AH69N%2CPR%3AL89M%2CRT%3AE6S%2CRT%3AV35T%2CRT%3AT39M%2CRT%3AV60I%2CRT%3AK122E%2CRT%3AI135T%2CRT%3AK173A%2CRT%3AQ174R%2CRT%3AD177E%2CRT%3AV179I%2CRT%3AI202V%2CRT%3AQ207A%2CRT%3AR211S%2CRT%3AF214L%2CRT%3AV245M%2CRT%3AD250E,A1,A1
BC76_ref_V24_05_085,"PR,RT",6,99,1,251,NA,NA,A1 (4.06%),1.06,None,None,"L10I,I13V,K20R,E35D,M36I,R41K,I62V,H69N,L89M",None,None,"E6KR,V35T,T39TIM,V60I,K122E,I135T,K173A,Q174KNRS,D177E,V179I,I202V,Q207A,R211S,F214L,V245M,D250E",NA,NA,NA,None,None,None,NA,None,None,None,NA,0,None,0,None,0,None,0,None,0,None,0,None,0,None,https://hivdb.stanford.edu/hivdb/by-patterns/report/?name=BC76_ref_V24_05_085&mutations=PR%3AL10I%2CPR%3AI13V%2CPR%3AK20R%2CPR%3AE35D%2CPR%3AM36I%2CPR%3AR41K%2CPR%3AI62V%2CPR%3AH69N%2CPR%3AL89M%2CRT%3AE6KR%2CRT%3AV35T%2CRT%3AT39TIM%2CRT%3AV60I%2CRT%3AK122E%2CRT%3AI135T%2CRT%3AK173A%2CRT%3AQ174KNRS%2CRT%3AD177E%2CRT%3AV179I%2CRT%3AI202V%2CRT%3AQ207A%2CRT%3AR211S%2CRT%3AF214L%2CRT%3AV245M%2CRT%3AD250E,76,barcode76_tig00000001 len=1145 reads=214 class=contig suggestRepeat=no suggestBubble=no suggestCircular=no trim=0-1145,"PR,RT",6,99,1,251,NA,NA,A1 (6.09%),0.00,None,None,"I13V,I15V,E35D,M36I,N37D,R41K,R57K,H69K,L89M","L74I,Y115F,M184V,K219E","Y181C,H221Y","K11T,K20R,V21I,V35T,T39E,V60I,D123N,I135T,T139R,S162A,T165I,K173A,Q174E,D177E,I202V,Q207A,H208L,R211K,F214L,L228R,V245Q",NA,NA,NA,None,"L74I,Y115F,M184V,K219E",Y181C,NA,None,"L74I,Y115F,M184V,K219E,L228R","T139R,Y181C,H221Y",NA,0,None,0,None,0,None,0,None,0,None,0,None,0,None,https://hivdb.stanford.edu/hivdb/by-patterns/report/?name=barcode76_tig00000001+len%3D1145+reads%3D214+class%3Dcontig+suggestRepeat%3Dno+suggestBubble%3Dno+suggestCircular%3Dno+trim%3D0-1145&mutations=PR%3AI13V%2CPR%3AI15V%2CPR%3AE35D%2CPR%3AM36I%2CPR%3AN37D%2CPR%3AR41K%2CPR%3AR57K%2CPR%3AH69K%2CPR%3AL89M%2CRT%3AK11T%2CRT%3AK20R%2CRT%3AV21I%2CRT%3AV35T%2CRT%3AT39E%2CRT%3AV60I%2CRT%3AL74I%2CRT%3AY115F%2CRT%3AD123N%2CRT%3AI135T%2CRT%3AT139R%2CRT%3AS162A%2CRT%3AT165I%2CRT%3AK173A%2CRT%3AQ174E%2CRT%3AD177E%2CRT%3AY181C%2CRT%3AM184V%2CRT%3AI202V%2CRT%3AQ207A%2CRT%3AH208L%2CRT%3AR211K%2CRT%3AF214L%2CRT%3AK219E%2CRT%3AH221Y%2CRT%3AL228R%2CRT%3AV245Q,A1,A1
BC78_ref_V24_05_087,"PR,RT",6,99,1,251,NA,NA,A1 (6.67%),0.68,None,None,"L10V,E35D,M36I,V56I,R57K,L63V,H69K,T74TS,L89M","M184V,L210W,T215Y","K101E,G190A","P4L,I5F,E6Y,K20R,V21I,V35T,T39A,K104R,K122E,D123S,I135K,I142V,K166KR,D177E,I178M,V179I,T200A,K201R,Q207K,R211Q,V245K,D250E",NA,NA,NA,None,"M184V,L210W,T215Y","K101E,G190A",NA,None,"M184V,L210W,T215Y","K101E,G190A",NA,0,None,0,None,0,None,0,None,0,None,0,None,3,"PR:V56I,RT:I5F,RT:E6Y",https://hivdb.stanford.edu/hivdb/by-patterns/report/?name=BC78_ref_V24_05_087&mutations=PR%3AL10V%2CPR%3AE35D%2CPR%3AM36I%2CPR%3AV56I%2CPR%3AR57K%2CPR%3AL63V%2CPR%3AH69K%2CPR%3AT74TS%2CPR%3AL89M%2CRT%3AP4L%2CRT%3AI5F%2CRT%3AE6Y%2CRT%3AK20R%2CRT%3AV21I%2CRT%3AV35T%2CRT%3AT39A%2CRT%3AK101E%2CRT%3AK104R%2CRT%3AK122E%2CRT%3AD123S%2CRT%3AI135K%2CRT%3AI142V%2CRT%3AK166KR%2CRT%3AD177E%2CRT%3AI178M%2CRT%3AV179I%2CRT%3AM184V%2CRT%3AG190A%2CRT%3AT200A%2CRT%3AK201R%2CRT%3AQ207K%2CRT%3AL210W%2CRT%3AR211Q%2CRT%3AT215Y%2CRT%3AV245K%2CRT%3AD250E,78,barcode78_tig00000001 len=1130 reads=207 class=contig suggestRepeat=no suggestBubble=no suggestCircular=no trim=0-1130,"PR,RT",6,99,1,251,NA,NA,D (6.67%),0.00,"M46L,I50L,I54V,V82A","L24I,Q58E","L10I,I13V,L19I,K20R,E35D,M36I,R41K,K55R,D60E,I62V,L63P,I64V,A71V","M41L,E44D,M184V,L210W,T215Y","A98G,V108I,Y181C,G190A","V35T,T39M,K43Q,K49R,I94L,K101Q,K103R,T165I,K166Q,D177E,Q207E,R211K,L228R,V241L,V245N,D250E",NA,NA,NA,"L24I,M46L,I50L,I54V,V82A","M41L,M184V,L210W,T215Y","Y181C,G190A",NA,"L24I,M46L,I50L,I54V,K55R,V82A","M41L,M184V,L210W,T215Y,L228R","I94L,A98G,V108I,Y181C,G190A",NA,0,None,0,None,0,None,0,None,0,None,0,None,0,None,https://hivdb.stanford.edu/hivdb/by-patterns/report/?name=barcode78_tig00000001+len%3D1130+reads%3D207+class%3Dcontig+suggestRepeat%3Dno+suggestBubble%3Dno+suggestCircular%3Dno+trim%3D0-1130&mutations=PR%3AL10I%2CPR%3AI13V%2CPR%3AL19I%2CPR%3AK20R%2CPR%3AL24I%2CPR%3AE35D%2CPR%3AM36I%2CPR%3AR41K%2CPR%3AM46L%2CPR%3AI50L%2CPR%3AI54V%2CPR%3AK55R%2CPR%3AQ58E%2CPR%3AD60E%2CPR%3AI62V%2CPR%3AL63P%2CPR%3AI64V%2CPR%3AA71V%2CPR%3AV82A%2CRT%3AV35T%2CRT%3AT39M%2CRT%3AM41L%2CRT%3AK43Q%2CRT%3AE44D%2CRT%3AK49R%2CRT%3AI94L%2CRT%3AA98G%2CRT%3AK101Q%2CRT%3AK103R%2CRT%3AV108I%2CRT%3AT165I%2CRT%3AK166Q%2CRT%3AD177E%2CRT%3AY181C%2CRT%3AM184V%2CRT%3AG190A%2CRT%3AQ207E%2CRT%3AL210W%2CRT%3AR211K%2CRT%3AT215Y%2CRT%3AL228R%2CRT%3AV241L%2CRT%3AV245N%2CRT%3AD250E,A1,D
BC81_ref_V24_05_090,"PR,RT",6,99,1,251,NA,NA,A1 (6.09%),0.77,None,None,"L10I,I13A,K20M,E35D,M36I,R41K,L63C,I64V","D67DG,K70R,M184MV,T215F,K219E","V179T,Y181C,G190A","K20R,V21I,V35I,T39A,S48E,V60I,T69N,K122E,D123N,I135IT,K173L,Q174K,D177E,T200A,I202V,Q207A,R211S,L228R,V245T,D250E",NA,NA,NA,None,"D67G,K70R,M184V,T215F,K219E","Y181C,G190A",NA,None,"D67G,K70R,M184V,T215F,K219E,L228R","Y181C,G190A",NA,0,None,0,None,0,None,0,None,0,None,0,None,0,None,https://hivdb.stanford.edu/hivdb/by-patterns/report/?name=BC81_ref_V24_05_090&mutations=PR%3AL10I%2CPR%3AI13A%2CPR%3AK20M%2CPR%3AE35D%2CPR%3AM36I%2CPR%3AR41K%2CPR%3AL63C%2CPR%3AI64V%2CRT%3AK20R%2CRT%3AV21I%2CRT%3AV35I%2CRT%3AT39A%2CRT%3AS48E%2CRT%3AV60I%2CRT%3AD67DG%2CRT%3AT69N%2CRT%3AK70R%2CRT%3AK122E%2CRT%3AD123N%2CRT%3AI135IT%2CRT%3AK173L%2CRT%3AQ174K%2CRT%3AD177E%2CRT%3AV179T%2CRT%3AY181C%2CRT%3AM184MV%2CRT%3AG190A%2CRT%3AT200A%2CRT%3AI202V%2CRT%3AQ207A%2CRT%3AR211S%2CRT%3AT215F%2CRT%3AK219E%2CRT%3AL228R%2CRT%3AV245T%2CRT%3AD250E,81,barcode81_tig00000001 len=1292 reads=205 class=contig suggestRepeat=no suggestBubble=no suggestCircular=no trim=0-1292,"PR,RT",6,99,1,251,NA,NA,A1 (3.96%),0.00,None,None,"I13V,I15V,E35D,M36I,R41K,R57K,H69K,L89M",None,K103S,"K11T,K20R,V21I,V35T,T39K,K43E,V60I,K122E,D123N,K173S,D177G,V179I,T200A,I202V,Q207A,R211S,V245Q,E248D",NA,NA,NA,None,None,K103S,NA,None,None,K103S,NA,0,None,0,None,0,None,0,None,0,None,0,None,0,None,https://hivdb.stanford.edu/hivdb/by-patterns/report/?name=barcode81_tig00000001+len%3D1292+reads%3D205+class%3Dcontig+suggestRepeat%3Dno+suggestBubble%3Dno+suggestCircular%3Dno+trim%3D0-1292&mutations=PR%3AI13V%2CPR%3AI15V%2CPR%3AE35D%2CPR%3AM36I%2CPR%3AR41K%2CPR%3AR57K%2CPR%3AH69K%2CPR%3AL89M%2CRT%3AK11T%2CRT%3AK20R%2CRT%3AV21I%2CRT%3AV35T%2CRT%3AT39K%2CRT%3AK43E%2CRT%3AV60I%2CRT%3AK103S%2CRT%3AK122E%2CRT%3AD123N%2CRT%3AK173S%2CRT%3AD177G%2CRT%3AV179I%2CRT%3AT200A%2CRT%3AI202V%2CRT%3AQ207A%2CRT%3AR211S%2CRT%3AV245Q%2CRT%3AE248D,A1,A1
BC82_ref_V24_05_091,"PR,RT",6,99,1,251,NA,NA,A1 (3.96%),0.48,None,None,"I13V,I15V,E35D,M36I,R41K,R57K,H69K,L89M",None,K103S,"K11T,K20R,V21I,V35T,T39K,K43E,V60I,K122E,D123N,K173S,D177G,V179I,T200A,I202V,Q207A,R211S,V245Q,E248D",NA,NA,NA,None,None,K103S,NA,None,None,K103S,NA,0,None,0,None,0,None,0,None,0,None,0,None,0,None,https://hivdb.stanford.edu/hivdb/by-patterns/report/?name=BC82_ref_V24_05_091&mutations=PR%3AI13V%2CPR%3AI15V%2CPR%3AE35D%2CPR%3AM36I%2CPR%3AR41K%2CPR%3AR57K%2CPR%3AH69K%2CPR%3AL89M%2CRT%3AK11T%2CRT%3AK20R%2CRT%3AV21I%2CRT%3AV35T%2CRT%3AT39K%2CRT%3AK43E%2CRT%3AV60I%2CRT%3AK103S%2CRT%3AK122E%2CRT%3AD123N%2CRT%3AK173S%2CRT%3AD177G%2CRT%3AV179I%2CRT%3AT200A%2CRT%3AI202V%2CRT%3AQ207A%2CRT%3AR211S%2CRT%3AV245Q%2CRT%3AE248D,82,barcode82_tig00000001 len=1226 reads=210 class=contig suggestRepeat=no suggestBubble=no suggestCircular=no trim=0-1226,"PR,RT",6,99,1,251,NA,NA,A1 (5.41%),0.00,None,None,"L10V,I13V,K14N,G16E,E35D,M36I,R57K,L63T,H69K,I72V,L89I",None,"A98G,Y181C","E6K,K20R,V35T,T39E,T69N,K122E,D123N,I135T,K173A,D177E,T200A,I202V,Q207A,R211S,F214L,V245Q,E248D",NA,NA,NA,None,None,Y181C,NA,None,None,"A98G,Y181C",NA,0,None,0,None,0,None,0,None,0,None,0,None,0,None,https://hivdb.stanford.edu/hivdb/by-patterns/report/?name=barcode82_tig00000001+len%3D1226+reads%3D210+class%3Dcontig+suggestRepeat%3Dno+suggestBubble%3Dno+suggestCircular%3Dno+trim%3D0-1226&mutations=PR%3AL10V%2CPR%3AI13V%2CPR%3AK14N%2CPR%3AG16E%2CPR%3AE35D%2CPR%3AM36I%2CPR%3AR57K%2CPR%3AL63T%2CPR%3AH69K%2CPR%3AI72V%2CPR%3AL89I%2CRT%3AE6K%2CRT%3AK20R%2CRT%3AV35T%2CRT%3AT39E%2CRT%3AT69N%2CRT%3AA98G%2CRT%3AK122E%2CRT%3AD123N%2CRT%3AI135T%2CRT%3AK173A%2CRT%3AD177E%2CRT%3AY181C%2CRT%3AT200A%2CRT%3AI202V%2CRT%3AQ207A%2CRT%3AR211S%2CRT%3AF214L%2CRT%3AV245Q%2CRT%3AE248D,A1,A1
BC83_ref_V24_05_092,"PR,RT",6,99,1,251,NA,NA,A1 (5.12%),1.06,None,None,"L10V,I13V,K14N,G16E,E35D,M36I,R57K,L63ST,H69K,I72V,L89I",None,"A98G,Y181C","E6EK,K11KT,K20R,V35T,T39E,T69N,K122E,D123N,I135T,K173A,D177E,T200A,I202V,E204D,Q207A,R211NS,F214L,V245Q,E248D",NA,NA,NA,None,None,Y181C,NA,None,None,"A98G,Y181C",NA,0,None,0,None,0,None,0,None,0,None,0,None,0,None,https://hivdb.stanford.edu/hivdb/by-patterns/report/?name=BC83_ref_V24_05_092&mutations=PR%3AL10V%2CPR%3AI13V%2CPR%3AK14N%2CPR%3AG16E%2CPR%3AE35D%2CPR%3AM36I%2CPR%3AR57K%2CPR%3AL63ST%2CPR%3AH69K%2CPR%3AI72V%2CPR%3AL89I%2CRT%3AE6EK%2CRT%3AK11KT%2CRT%3AK20R%2CRT%3AV35T%2CRT%3AT39E%2CRT%3AT69N%2CRT%3AA98G%2CRT%3AK122E%2CRT%3AD123N%2CRT%3AI135T%2CRT%3AK173A%2CRT%3AD177E%2CRT%3AY181C%2CRT%3AT200A%2CRT%3AI202V%2CRT%3AE204D%2CRT%3AQ207A%2CRT%3AR211NS%2CRT%3AF214L%2CRT%3AV245Q%2CRT%3AE248D,83,barcode83_tig00000001 len=1209 reads=216 class=contig suggestRepeat=no suggestBubble=no suggestCircular=no trim=0-1209,"PR,RT",6,99,1,251,NA,NA,A1 (3.96%),0.00,None,None,"T12S,I13V,K14R,I15V,E35D,M36I,R41K,R57K,H69K,L89M,T91V",None,None,"E6D,V35T,T39A,V60I,T107S,K122E,D123S,I135T,K173L,Q174K,D177E,V179I,G196R,Q207A,R211S,V245Q",NA,NA,NA,None,None,None,NA,None,None,None,NA,0,None,0,None,0,None,0,None,0,None,0,None,0,None,https://hivdb.stanford.edu/hivdb/by-patterns/report/?name=barcode83_tig00000001+len%3D1209+reads%3D216+class%3Dcontig+suggestRepeat%3Dno+suggestBubble%3Dno+suggestCircular%3Dno+trim%3D0-1209&mutations=PR%3AT12S%2CPR%3AI13V%2CPR%3AK14R%2CPR%3AI15V%2CPR%3AE35D%2CPR%3AM36I%2CPR%3AR41K%2CPR%3AR57K%2CPR%3AH69K%2CPR%3AL89M%2CPR%3AT91V%2CRT%3AE6D%2CRT%3AV35T%2CRT%3AT39A%2CRT%3AV60I%2CRT%3AT107S%2CRT%3AK122E%2CRT%3AD123S%2CRT%3AI135T%2CRT%3AK173L%2CRT%3AQ174K%2CRT%3AD177E%2CRT%3AV179I%2CRT%3AG196R%2CRT%3AQ207A%2CRT%3AR211S%2CRT%3AV245Q,A1,A1
BC84_ref_V24_05_093,"PR,RT",6,99,1,251,NA,NA,A1 (3.96%),1.55,None,None,"T12P,I13V,K14KR,I15V,G16E,K20KR,E35D,M36I,R41K,K45R,R57K,L63Q,H69K,L89M,T91V",None,None,"E6D,K20KR,V35T,T39A,V60I,T107S,K122E,D123S,I135T,K173A,Q174K,D177E,I178L,V179I,T200AS,E203ED,Q207A,R211S,F214L,V245Q",NA,NA,NA,None,None,None,NA,None,None,None,NA,0,None,0,None,0,None,0,None,0,None,0,None,0,None,https://hivdb.stanford.edu/hivdb/by-patterns/report/?name=BC84_ref_V24_05_093&mutations=PR%3AT12P%2CPR%3AI13V%2CPR%3AK14KR%2CPR%3AI15V%2CPR%3AG16E%2CPR%3AK20KR%2CPR%3AE35D%2CPR%3AM36I%2CPR%3AR41K%2CPR%3AK45R%2CPR%3AR57K%2CPR%3AL63Q%2CPR%3AH69K%2CPR%3AL89M%2CPR%3AT91V%2CRT%3AE6D%2CRT%3AK20KR%2CRT%3AV35T%2CRT%3AT39A%2CRT%3AV60I%2CRT%3AT107S%2CRT%3AK122E%2CRT%3AD123S%2CRT%3AI135T%2CRT%3AK173A%2CRT%3AQ174K%2CRT%3AD177E%2CRT%3AI178L%2CRT%3AV179I%2CRT%3AT200AS%2CRT%3AE203ED%2CRT%3AQ207A%2CRT%3AR211S%2CRT%3AF214L%2CRT%3AV245Q,84,barcode84_tig00000001 len=1194 reads=210 class=contig suggestRepeat=no suggestBubble=no suggestCircular=no trim=0-1194,"PR,RT",6,99,1,251,NA,NA,A1 (5.51%),0.00,None,None,"I13V,K14R,E35D,M36I,R41K,K45R,R57K,L63S,H69K,L89M",None,"A98G,G190A","K20R,V21I,V35T,T39E,V60I,K122E,D123S,K173A,Q174K,V179I,T200A,Q207E,R211K,F214L,V245E,D250E,S251N",NA,NA,NA,None,None,G190A,NA,None,None,"A98G,G190A",NA,0,None,0,None,0,None,0,None,0,None,0,None,0,None,https://hivdb.stanford.edu/hivdb/by-patterns/report/?name=barcode84_tig00000001+len%3D1194+reads%3D210+class%3Dcontig+suggestRepeat%3Dno+suggestBubble%3Dno+suggestCircular%3Dno+trim%3D0-1194&mutations=PR%3AI13V%2CPR%3AK14R%2CPR%3AE35D%2CPR%3AM36I%2CPR%3AR41K%2CPR%3AK45R%2CPR%3AR57K%2CPR%3AL63S%2CPR%3AH69K%2CPR%3AL89M%2CRT%3AK20R%2CRT%3AV21I%2CRT%3AV35T%2CRT%3AT39E%2CRT%3AV60I%2CRT%3AA98G%2CRT%3AK122E%2CRT%3AD123S%2CRT%3AK173A%2CRT%3AQ174K%2CRT%3AV179I%2CRT%3AG190A%2CRT%3AT200A%2CRT%3AQ207E%2CRT%3AR211K%2CRT%3AF214L%2CRT%3AV245E%2CRT%3AD250E%2CRT%3AS251N,A1,A1
BC85_ref_V24_05_094,"PR,RT",6,99,1,251,NA,NA,A1 (5.12%),1.16,None,None,"I13V,K14R,E35D,M36I,R41K,K45R,R57K,L63S,H69K,L89M",None,"A98G,G190A","K20R,V21I,V35T,T39E,V60I,K122E,D123S,K173A,Q174K,V179I,T200A,I202IV,Q207E,R211K,F214L,V245E,D250E,S251N",NA,NA,NA,None,None,G190A,NA,None,None,"A98G,G190A",NA,0,None,0,None,0,None,0,None,0,None,0,None,0,None,https://hivdb.stanford.edu/hivdb/by-patterns/report/?name=BC85_ref_V24_05_094&mutations=PR%3AI13V%2CPR%3AK14R%2CPR%3AE35D%2CPR%3AM36I%2CPR%3AR41K%2CPR%3AK45R%2CPR%3AR57K%2CPR%3AL63S%2CPR%3AH69K%2CPR%3AL89M%2CRT%3AK20R%2CRT%3AV21I%2CRT%3AV35T%2CRT%3AT39E%2CRT%3AV60I%2CRT%3AA98G%2CRT%3AK122E%2CRT%3AD123S%2CRT%3AK173A%2CRT%3AQ174K%2CRT%3AV179I%2CRT%3AG190A%2CRT%3AT200A%2CRT%3AI202IV%2CRT%3AQ207E%2CRT%3AR211K%2CRT%3AF214L%2CRT%3AV245E%2CRT%3AD250E%2CRT%3AS251N,85,barcode85_tig00000001 len=1157 reads=215 class=contig suggestRepeat=no suggestBubble=no suggestCircular=no trim=0-1157,"PR,RT",6,99,1,251,NA,NA,A1 (5.41%),0.00,None,None,"T12A,I13V,E35D,M36I,R57K,L63P,H69K,L89M",None,None,"K11T,V35T,K43R,K122E,D123N,K173S,D177E,V179I,T200A,Q207A,R211S,F214L,V245E",NA,NA,NA,None,None,None,NA,None,None,None,NA,0,None,0,None,0,None,0,None,0,None,0,None,0,None,https://hivdb.stanford.edu/hivdb/by-patterns/report/?name=barcode85_tig00000001+len%3D1157+reads%3D215+class%3Dcontig+suggestRepeat%3Dno+suggestBubble%3Dno+suggestCircular%3Dno+trim%3D0-1157&mutations=PR%3AT12A%2CPR%3AI13V%2CPR%3AE35D%2CPR%3AM36I%2CPR%3AR57K%2CPR%3AL63P%2CPR%3AH69K%2CPR%3AL89M%2CRT%3AK11T%2CRT%3AV35T%2CRT%3AK43R%2CRT%3AK122E%2CRT%3AD123N%2CRT%3AK173S%2CRT%3AD177E%2CRT%3AV179I%2CRT%3AT200A%2CRT%3AQ207A%2CRT%3AR211S%2CRT%3AF214L%2CRT%3AV245E,A1,A1
BC86_ref_V24_05_095,"PR,RT",6,99,1,251,NA,NA,A1 (4.64%),0.77,None,None,"I13V,I15IV,E35D,M36I,R41K,R57K,H69K,L89M",None,"K103N,E138A","E6N,K20R,V21I,V35T,T39IM,V60I,K122E,D123DN,K173S,Q174K,D177E,G196E,Q207A,R211S,V245Q,E248NS",NA,NA,NA,None,None,K103N,NA,None,None,K103N,NA,0,None,0,None,0,None,0,None,0,None,0,None,0,None,https://hivdb.stanford.edu/hivdb/by-patterns/report/?name=BC86_ref_V24_05_095&mutations=PR%3AI13V%2CPR%3AI15IV%2CPR%3AE35D%2CPR%3AM36I%2CPR%3AR41K%2CPR%3AR57K%2CPR%3AH69K%2CPR%3AL89M%2CRT%3AE6N%2CRT%3AK20R%2CRT%3AV21I%2CRT%3AV35T%2CRT%3AT39IM%2CRT%3AV60I%2CRT%3AK103N%2CRT%3AK122E%2CRT%3AD123DN%2CRT%3AE138A%2CRT%3AK173S%2CRT%3AQ174K%2CRT%3AD177E%2CRT%3AG196E%2CRT%3AQ207A%2CRT%3AR211S%2CRT%3AV245Q%2CRT%3AE248NS,86,barcode86_tig00000001 len=1153 reads=219 class=contig suggestRepeat=no suggestBubble=no suggestCircular=no trim=0-1153,"PR,RT",6,99,1,251,NA,NA,A1 (5.02%),0.00,None,None,"I13V,E35D,M36I,R41K,R57K,H69K,L89M",None,"K103N,E138A","E6N,K20R,V21I,V35T,T39M,V60I,K122E,K173S,Q174K,D177E,G196E,Q207A,R211S,V245Q,E248N",NA,NA,NA,None,None,K103N,NA,None,None,K103N,NA,0,None,0,None,0,None,0,None,0,None,0,None,0,None,https://hivdb.stanford.edu/hivdb/by-patterns/report/?name=barcode86_tig00000001+len%3D1153+reads%3D219+class%3Dcontig+suggestRepeat%3Dno+suggestBubble%3Dno+suggestCircular%3Dno+trim%3D0-1153&mutations=PR%3AI13V%2CPR%3AE35D%2CPR%3AM36I%2CPR%3AR41K%2CPR%3AR57K%2CPR%3AH69K%2CPR%3AL89M%2CRT%3AE6N%2CRT%3AK20R%2CRT%3AV21I%2CRT%3AV35T%2CRT%3AT39M%2CRT%3AV60I%2CRT%3AK103N%2CRT%3AK122E%2CRT%3AE138A%2CRT%3AK173S%2CRT%3AQ174K%2CRT%3AD177E%2CRT%3AG196E%2CRT%3AQ207A%2CRT%3AR211S%2CRT%3AV245Q%2CRT%3AE248N,A1,A1
BC87_ref_V24_05_096,"PR,RT",6,99,1,251,NA,NA,A1 (4.25%),0.68,None,None,"I13V,E35D,M36I,R41K,R57K,L63ST,H69K,L89I",None,K103N,"E6D,K22R,V35T,V60I,K122E,D123S,I135T,K173S,Q174K,D177E,T200E,Q207A,R211S,V245Q,D250E",NA,NA,NA,None,None,K103N,NA,None,None,K103N,NA,0,None,0,None,0,None,0,None,0,None,0,None,0,None,https://hivdb.stanford.edu/hivdb/by-patterns/report/?name=BC87_ref_V24_05_096&mutations=PR%3AI13V%2CPR%3AE35D%2CPR%3AM36I%2CPR%3AR41K%2CPR%3AR57K%2CPR%3AL63ST%2CPR%3AH69K%2CPR%3AL89I%2CRT%3AE6D%2CRT%3AK22R%2CRT%3AV35T%2CRT%3AV60I%2CRT%3AK103N%2CRT%3AK122E%2CRT%3AD123S%2CRT%3AI135T%2CRT%3AK173S%2CRT%3AQ174K%2CRT%3AD177E%2CRT%3AT200E%2CRT%3AQ207A%2CRT%3AR211S%2CRT%3AV245Q%2CRT%3AD250E,87,barcode87_tig00000001 len=1176 reads=212 class=contig suggestRepeat=no suggestBubble=no suggestCircular=no trim=0-1176,"PR,RT",6,99,1,251,NA,NA,A1 (4.44%),0.00,None,None,"I13V,E35D,M36I,R41K,R57K,L63S,H69K,L89I",None,K103N,"E6D,K22R,V35T,V60I,K122E,D123S,I135T,K173S,Q174K,D177E,T200E,Q207A,R211S,V245Q,D250E",NA,NA,NA,None,None,K103N,NA,None,None,K103N,NA,0,None,0,None,0,None,0,None,0,None,0,None,0,None,https://hivdb.stanford.edu/hivdb/by-patterns/report/?name=barcode87_tig00000001+len%3D1176+reads%3D212+class%3Dcontig+suggestRepeat%3Dno+suggestBubble%3Dno+suggestCircular%3Dno+trim%3D0-1176&mutations=PR%3AI13V%2CPR%3AE35D%2CPR%3AM36I%2CPR%3AR41K%2CPR%3AR57K%2CPR%3AL63S%2CPR%3AH69K%2CPR%3AL89I%2CRT%3AE6D%2CRT%3AK22R%2CRT%3AV35T%2CRT%3AV60I%2CRT%3AK103N%2CRT%3AK122E%2CRT%3AD123S%2CRT%3AI135T%2CRT%3AK173S%2CRT%3AQ174K%2CRT%3AD177E%2CRT%3AT200E%2CRT%3AQ207A%2CRT%3AR211S%2CRT%3AV245Q%2CRT%3AD250E,A1,A1
BC88_ref_V24_05_097,"PR,RT",6,99,1,251,NA,NA,D (5.51%),0.48,None,None,"K14R,R41K,V77I",None,"K103N,E138A","K20R,V35T,T39K,E40D,K49R,V60I,D121Y,K122E,I135T,E169D,I178L,V179I,V189VI,E204K,Q207E,L210M,R211RK,F214L,P243S,V245E,E248D,D250E",NA,NA,NA,None,None,K103N,NA,None,None,K103N,NA,0,None,0,None,0,None,0,None,0,None,0,None,0,None,https://hivdb.stanford.edu/hivdb/by-patterns/report/?name=BC88_ref_V24_05_097&mutations=PR%3AK14R%2CPR%3AR41K%2CPR%3AV77I%2CRT%3AK20R%2CRT%3AV35T%2CRT%3AT39K%2CRT%3AE40D%2CRT%3AK49R%2CRT%3AV60I%2CRT%3AK103N%2CRT%3AD121Y%2CRT%3AK122E%2CRT%3AI135T%2CRT%3AE138A%2CRT%3AE169D%2CRT%3AI178L%2CRT%3AV179I%2CRT%3AV189VI%2CRT%3AE204K%2CRT%3AQ207E%2CRT%3AL210M%2CRT%3AR211RK%2CRT%3AF214L%2CRT%3AP243S%2CRT%3AV245E%2CRT%3AE248D%2CRT%3AD250E,88,barcode88_tig00000001 len=1129 reads=215 class=contig suggestRepeat=no suggestBubble=no suggestCircular=no trim=0-1129,"PR,RT",6,99,1,251,NA,NA,D (5.70%),0.00,None,None,"K14R,R41K,V77I",None,"K103N,E138A","K20R,V35T,T39K,E40D,K49R,V60I,D121Y,K122E,I135T,E169D,I178L,V179I,E204K,Q207E,L210M,R211K,F214L,P243S,V245E,E248D,D250E",NA,NA,NA,None,None,K103N,NA,None,None,K103N,NA,0,None,0,None,0,None,0,None,0,None,0,None,0,None,https://hivdb.stanford.edu/hivdb/by-patterns/report/?name=barcode88_tig00000001+len%3D1129+reads%3D215+class%3Dcontig+suggestRepeat%3Dno+suggestBubble%3Dno+suggestCircular%3Dno+trim%3D0-1129&mutations=PR%3AK14R%2CPR%3AR41K%2CPR%3AV77I%2CRT%3AK20R%2CRT%3AV35T%2CRT%3AT39K%2CRT%3AE40D%2CRT%3AK49R%2CRT%3AV60I%2CRT%3AK103N%2CRT%3AD121Y%2CRT%3AK122E%2CRT%3AI135T%2CRT%3AE138A%2CRT%3AE169D%2CRT%3AI178L%2CRT%3AV179I%2CRT%3AE204K%2CRT%3AQ207E%2CRT%3AL210M%2CRT%3AR211K%2CRT%3AF214L%2CRT%3AP243S%2CRT%3AV245E%2CRT%3AE248D%2CRT%3AD250E,D,D
BC89_ref_V24_05_098,"PR,RT",6,99,1,251,NA,NA,A1 (4.44%),0.19,None,None,"I13V,K14R,I15V,E35D,M36I,R41K,R57K,H69K,L89M",M184V,"K103N,V108I","E6D,K11H,K20R,V35T,K49R,V60I,K101R,K122E,D123N,I135T,S162A,P170S,K173S,Q174K,D177E,Q207E,R211S,F214L,L228R,V245E,E248D",NA,NA,NA,None,M184V,K103N,NA,None,"M184V,L228R","K103N,V108I",NA,0,None,0,None,0,None,0,None,0,None,0,None,0,None,https://hivdb.stanford.edu/hivdb/by-patterns/report/?name=BC89_ref_V24_05_098&mutations=PR%3AI13V%2CPR%3AK14R%2CPR%3AI15V%2CPR%3AE35D%2CPR%3AM36I%2CPR%3AR41K%2CPR%3AR57K%2CPR%3AH69K%2CPR%3AL89M%2CRT%3AE6D%2CRT%3AK11H%2CRT%3AK20R%2CRT%3AV35T%2CRT%3AK49R%2CRT%3AV60I%2CRT%3AK101R%2CRT%3AK103N%2CRT%3AV108I%2CRT%3AK122E%2CRT%3AD123N%2CRT%3AI135T%2CRT%3AS162A%2CRT%3AP170S%2CRT%3AK173S%2CRT%3AQ174K%2CRT%3AD177E%2CRT%3AM184V%2CRT%3AQ207E%2CRT%3AR211S%2CRT%3AF214L%2CRT%3AL228R%2CRT%3AV245E%2CRT%3AE248D,89,barcode89_tig00000001 len=1180 reads=198 class=contig suggestRepeat=no suggestBubble=no suggestCircular=no trim=0-1180,"PR,RT",6,99,1,251,NA,NA,A1 (4.35%),0.00,None,None,"I13V,K14R,I15V,E35D,M36I,R41K,R57K,H69K,L89M",M184V,"K103N,V108I","E6D,K11H,K20R,V35T,K49R,V60I,K101R,K122E,D123N,I135T,S162A,K173S,Q174K,D177E,Q207E,R211S,F214L,L228R,V245E,E248D",NA,NA,NA,None,M184V,K103N,NA,None,"M184V,L228R","K103N,V108I",NA,0,None,0,None,0,None,0,None,0,None,0,None,0,None,https://hivdb.stanford.edu/hivdb/by-patterns/report/?name=barcode89_tig00000001+len%3D1180+reads%3D198+class%3Dcontig+suggestRepeat%3Dno+suggestBubble%3Dno+suggestCircular%3Dno+trim%3D0-1180&mutations=PR%3AI13V%2CPR%3AK14R%2CPR%3AI15V%2CPR%3AE35D%2CPR%3AM36I%2CPR%3AR41K%2CPR%3AR57K%2CPR%3AH69K%2CPR%3AL89M%2CRT%3AE6D%2CRT%3AK11H%2CRT%3AK20R%2CRT%3AV35T%2CRT%3AK49R%2CRT%3AV60I%2CRT%3AK101R%2CRT%3AK103N%2CRT%3AV108I%2CRT%3AK122E%2CRT%3AD123N%2CRT%3AI135T%2CRT%3AS162A%2CRT%3AK173S%2CRT%3AQ174K%2CRT%3AD177E%2CRT%3AM184V%2CRT%3AQ207E%2CRT%3AR211S%2CRT%3AF214L%2CRT%3AL228R%2CRT%3AV245E%2CRT%3AE248D,A1,A1
BC90_ref_V24_05_099,"PR,RT",6,99,1,251,NA,NA,D (5.89%),0.00,None,None,"K14R,R41K,V77I",M184V,K103N,"K20R,V35T,T39N,E40D,K49R,V60I,T69S,W88C,D121Y,K122E,I135T,D177E,I178L,T200A,E204K,Q207E,L210M,R211K,F214L,V245E,E248D,D250E",NA,NA,NA,None,M184V,K103N,NA,None,M184V,K103N,NA,0,None,0,None,0,None,0,None,0,None,0,None,0,None,https://hivdb.stanford.edu/hivdb/by-patterns/report/?name=BC90_ref_V24_05_099&mutations=PR%3AK14R%2CPR%3AR41K%2CPR%3AV77I%2CRT%3AK20R%2CRT%3AV35T%2CRT%3AT39N%2CRT%3AE40D%2CRT%3AK49R%2CRT%3AV60I%2CRT%3AT69S%2CRT%3AW88C%2CRT%3AK103N%2CRT%3AD121Y%2CRT%3AK122E%2CRT%3AI135T%2CRT%3AD177E%2CRT%3AI178L%2CRT%3AM184V%2CRT%3AT200A%2CRT%3AE204K%2CRT%3AQ207E%2CRT%3AL210M%2CRT%3AR211K%2CRT%3AF214L%2CRT%3AV245E%2CRT%3AE248D%2CRT%3AD250E,90,barcode90_tig00000001 len=1293 reads=213 class=contig suggestRepeat=no suggestBubble=no suggestCircular=no trim=0-1293,"PR,RT",6,99,1,251,NA,NA,D (5.70%),0.00,None,None,"K14R,R41K,L63P,V77I",M184V,K103N,"K20R,V35T,T39N,E40D,K49R,V60I,T69S,W88C,D121Y,K122E,I135T,D177E,I178L,T200A,E204K,Q207E,L210M,R211K,F214L,V245E,E248D,D250E",NA,NA,NA,None,M184V,K103N,NA,None,M184V,K103N,NA,0,None,0,None,0,None,0,None,0,None,0,None,0,None,https://hivdb.stanford.edu/hivdb/by-patterns/report/?name=barcode90_tig00000001+len%3D1293+reads%3D213+class%3Dcontig+suggestRepeat%3Dno+suggestBubble%3Dno+suggestCircular%3Dno+trim%3D0-1293&mutations=PR%3AK14R%2CPR%3AR41K%2CPR%3AL63P%2CPR%3AV77I%2CRT%3AK20R%2CRT%3AV35T%2CRT%3AT39N%2CRT%3AE40D%2CRT%3AK49R%2CRT%3AV60I%2CRT%3AT69S%2CRT%3AW88C%2CRT%3AK103N%2CRT%3AD121Y%2CRT%3AK122E%2CRT%3AI135T%2CRT%3AD177E%2CRT%3AI178L%2CRT%3AM184V%2CRT%3AT200A%2CRT%3AE204K%2CRT%3AQ207E%2CRT%3AL210M%2CRT%3AR211K%2CRT%3AF214L%2CRT%3AV245E%2CRT%3AE248D%2CRT%3AD250E,D,D
BC91_ref_V24_05_100,"PR,RT",6,99,1,251,NA,NA,A1 (5.41%),1.06,"I54IV,V82VA",None,"I13V,E35D,M36I,R41K,K45R,R57K,L63P,H69K,K70KR,L89M","K70KR,M184V",E138A,"K11T,K20R,V21I,V35T,T39K,V60I,K122E,D123S,K173E,Q174R,T200A,E203K,Q207E,F214L,V245Q,E248D",NA,NA,NA,"I54V,V82A","K70R,M184V",None,NA,"I54V,V82A","K70R,M184V,E203K",None,NA,0,None,0,None,0,None,0,None,0,None,0,None,0,None,https://hivdb.stanford.edu/hivdb/by-patterns/report/?name=BC91_ref_V24_05_100&mutations=PR%3AI13V%2CPR%3AE35D%2CPR%3AM36I%2CPR%3AR41K%2CPR%3AK45R%2CPR%3AI54IV%2CPR%3AR57K%2CPR%3AL63P%2CPR%3AH69K%2CPR%3AK70KR%2CPR%3AV82VA%2CPR%3AL89M%2CRT%3AK11T%2CRT%3AK20R%2CRT%3AV21I%2CRT%3AV35T%2CRT%3AT39K%2CRT%3AV60I%2CRT%3AK70KR%2CRT%3AK122E%2CRT%3AD123S%2CRT%3AE138A%2CRT%3AK173E%2CRT%3AQ174R%2CRT%3AM184V%2CRT%3AT200A%2CRT%3AE203K%2CRT%3AQ207E%2CRT%3AF214L%2CRT%3AV245Q%2CRT%3AE248D,91,barcode91_tig00000001 len=1220 reads=209 class=contig suggestRepeat=no suggestBubble=no suggestCircular=no trim=0-1220,"PR,RT",6,99,1,251,NA,NA,A1 (5.70%),0.00,I54V,None,"I13V,E35D,M36I,R41K,K45R,R57K,L63P,H69K,L89M","K70R,M184V",E138A,"K11T,K20R,V21I,V35T,T39K,V60I,K122E,D123S,K173E,Q174R,T200A,E203K,Q207E,F214L,V245Q,E248D",NA,NA,NA,I54V,"K70R,M184V",None,NA,I54V,"K70R,M184V,E203K",None,NA,0,None,0,None,0,None,0,None,0,None,0,None,0,None,https://hivdb.stanford.edu/hivdb/by-patterns/report/?name=barcode91_tig00000001+len%3D1220+reads%3D209+class%3Dcontig+suggestRepeat%3Dno+suggestBubble%3Dno+suggestCircular%3Dno+trim%3D0-1220&mutations=PR%3AI13V%2CPR%3AE35D%2CPR%3AM36I%2CPR%3AR41K%2CPR%3AK45R%2CPR%3AI54V%2CPR%3AR57K%2CPR%3AL63P%2CPR%3AH69K%2CPR%3AL89M%2CRT%3AK11T%2CRT%3AK20R%2CRT%3AV21I%2CRT%3AV35T%2CRT%3AT39K%2CRT%3AV60I%2CRT%3AK70R%2CRT%3AK122E%2CRT%3AD123S%2CRT%3AE138A%2CRT%3AK173E%2CRT%3AQ174R%2CRT%3AM184V%2CRT%3AT200A%2CRT%3AE203K%2CRT%3AQ207E%2CRT%3AF214L%2CRT%3AV245Q%2CRT%3AE248D,A1,A1
BC92_ref_V24_05_101,"PR,RT",6,99,1,251,NA,NA,C (3.48%),0.00,None,None,"T12S,I15V,M36I,N37K,R41N,K45R,L63P,H69K,L89M,I93L",None,None,"V35T,E36V,T39E,S48T,V60I,K122E,D123S,A158S,K173T,D177E,T200A,I202V,Q207E,V245Q",NA,NA,NA,None,None,None,NA,None,None,None,NA,0,None,0,None,0,None,0,None,0,None,0,None,0,None,https://hivdb.stanford.edu/hivdb/by-patterns/report/?name=BC92_ref_V24_05_101&mutations=PR%3AT12S%2CPR%3AI15V%2CPR%3AM36I%2CPR%3AN37K%2CPR%3AR41N%2CPR%3AK45R%2CPR%3AL63P%2CPR%3AH69K%2CPR%3AL89M%2CPR%3AI93L%2CRT%3AV35T%2CRT%3AE36V%2CRT%3AT39E%2CRT%3AS48T%2CRT%3AV60I%2CRT%3AK122E%2CRT%3AD123S%2CRT%3AA158S%2CRT%3AK173T%2CRT%3AD177E%2CRT%3AT200A%2CRT%3AI202V%2CRT%3AQ207E%2CRT%3AV245Q,92,barcode92_tig00000001 len=1160 reads=217 class=contig suggestRepeat=no suggestBubble=no suggestCircular=no trim=0-1160,"PR,RT",6,99,1,251,NA,NA,C (3.48%),0.00,None,None,"T12S,I15V,M36I,N37K,R41N,K45R,L63P,H69K,L89M,I93L",None,None,"V35T,E36V,T39E,S48T,V60I,K122E,D123S,A158S,K173T,D177E,T200A,I202V,Q207E,V245Q",NA,NA,NA,None,None,None,NA,None,None,None,NA,0,None,0,None,0,None,0,None,0,None,0,None,0,None,https://hivdb.stanford.edu/hivdb/by-patterns/report/?name=barcode92_tig00000001+len%3D1160+reads%3D217+class%3Dcontig+suggestRepeat%3Dno+suggestBubble%3Dno+suggestCircular%3Dno+trim%3D0-1160&mutations=PR%3AT12S%2CPR%3AI15V%2CPR%3AM36I%2CPR%3AN37K%2CPR%3AR41N%2CPR%3AK45R%2CPR%3AL63P%2CPR%3AH69K%2CPR%3AL89M%2CPR%3AI93L%2CRT%3AV35T%2CRT%3AE36V%2CRT%3AT39E%2CRT%3AS48T%2CRT%3AV60I%2CRT%3AK122E%2CRT%3AD123S%2CRT%3AA158S%2CRT%3AK173T%2CRT%3AD177E%2CRT%3AT200A%2CRT%3AI202V%2CRT%3AQ207E%2CRT%3AV245Q,C,C
BC93_ref_V24_05_102,"PR,RT",6,99,1,251,NA,NA,D (6.18%),1.55,None,None,"I13V,I15V,M36I,R41K,D60E,I62V,L63P,I64V,E65ED",M184V,"K101P,Y232H","K20R,V35T,K49R,V90I,K102R,I135T,T139K,S162A,K173A,D177E,V179I,T200A,Q207A,R211S,V245K,K249Q,D250E",NA,NA,NA,None,M184V,K101P,NA,None,M184V,"K101P,Y232H",NA,0,None,0,None,0,None,0,None,0,None,0,None,0,None,https://hivdb.stanford.edu/hivdb/by-patterns/report/?name=BC93_ref_V24_05_102&mutations=PR%3AI13V%2CPR%3AI15V%2CPR%3AM36I%2CPR%3AR41K%2CPR%3AD60E%2CPR%3AI62V%2CPR%3AL63P%2CPR%3AI64V%2CPR%3AE65ED%2CRT%3AK20R%2CRT%3AV35T%2CRT%3AK49R%2CRT%3AV90I%2CRT%3AK101P%2CRT%3AK102R%2CRT%3AI135T%2CRT%3AT139K%2CRT%3AS162A%2CRT%3AK173A%2CRT%3AD177E%2CRT%3AV179I%2CRT%3AM184V%2CRT%3AT200A%2CRT%3AQ207A%2CRT%3AR211S%2CRT%3AY232H%2CRT%3AV245K%2CRT%3AK249Q%2CRT%3AD250E,93,barcode93_tig00000001 len=1187 reads=214 class=contig suggestRepeat=no suggestBubble=no suggestCircular=no trim=0-1187,"PR,RT",6,99,1,251,NA,NA,B (6.28%),0.00,None,None,"I13V,I15V,M36I,R41K,D60E,I62V,L63P,I64V",M184V,"K101P,Y232H","K20R,V35T,K49R,V90I,K102R,I135T,T139K,S162A,K173A,D177E,V179I,T200A,Q207A,R211S,V245K,K249Q,D250E",NA,NA,NA,None,M184V,K101P,NA,None,M184V,"K101P,Y232H",NA,0,None,0,None,0,None,0,None,0,None,0,None,0,None,https://hivdb.stanford.edu/hivdb/by-patterns/report/?name=barcode93_tig00000001+len%3D1187+reads%3D214+class%3Dcontig+suggestRepeat%3Dno+suggestBubble%3Dno+suggestCircular%3Dno+trim%3D0-1187&mutations=PR%3AI13V%2CPR%3AI15V%2CPR%3AM36I%2CPR%3AR41K%2CPR%3AD60E%2CPR%3AI62V%2CPR%3AL63P%2CPR%3AI64V%2CRT%3AK20R%2CRT%3AV35T%2CRT%3AK49R%2CRT%3AV90I%2CRT%3AK101P%2CRT%3AK102R%2CRT%3AI135T%2CRT%3AT139K%2CRT%3AS162A%2CRT%3AK173A%2CRT%3AD177E%2CRT%3AV179I%2CRT%3AM184V%2CRT%3AT200A%2CRT%3AQ207A%2CRT%3AR211S%2CRT%3AY232H%2CRT%3AV245K%2CRT%3AK249Q%2CRT%3AD250E,D,B
BC94_ref_V24_05_103,"PR,RT",6,99,1,251,NA,NA,D (5.60%),0.39,None,None,"L10V,I13V,M36I,R41K,D60E,L63P,I64V","M41L,E44D,V75M,M184V,L210W,T215Y","K101P,G190A","E29Q,V35T,K43Q,V60I,A98AS,V111I,K122E,D123S,I142V,E169D,D177E,I178L,V179I,T200A,R206K,Q207E,R211RK,L228H,V245E,D250E",NA,NA,NA,None,"M41L,V75M,M184V,L210W,T215Y","K101P,G190A",NA,None,"M41L,V75M,M184V,L210W,T215Y","K101P,G190A",NA,0,None,0,None,0,None,0,None,0,None,0,None,1,RT:E29Q,https://hivdb.stanford.edu/hivdb/by-patterns/report/?name=BC94_ref_V24_05_103&mutations=PR%3AL10V%2CPR%3AI13V%2CPR%3AM36I%2CPR%3AR41K%2CPR%3AD60E%2CPR%3AL63P%2CPR%3AI64V%2CRT%3AE29Q%2CRT%3AV35T%2CRT%3AM41L%2CRT%3AK43Q%2CRT%3AE44D%2CRT%3AV60I%2CRT%3AV75M%2CRT%3AA98AS%2CRT%3AK101P%2CRT%3AV111I%2CRT%3AK122E%2CRT%3AD123S%2CRT%3AI142V%2CRT%3AE169D%2CRT%3AD177E%2CRT%3AI178L%2CRT%3AV179I%2CRT%3AM184V%2CRT%3AG190A%2CRT%3AT200A%2CRT%3AR206K%2CRT%3AQ207E%2CRT%3AL210W%2CRT%3AR211RK%2CRT%3AT215Y%2CRT%3AL228H%2CRT%3AV245E%2CRT%3AD250E,94,barcode94_tig00000001 len=1129 reads=133 class=contig suggestRepeat=no suggestBubble=no suggestCircular=no trim=0-1129,"PR,RT",6,99,1,251,NA,NA,D (5.70%),0.00,None,None,"L10V,I13V,M36I,R41K,D60E,L63P,I64V","M41L,E44D,V75M,M184V,L210W,T215Y","K101P,G190A","E29Q,V35T,K43Q,V60I,V111I,K122E,D123S,I142V,E169D,D177E,I178L,V179I,T200A,R206K,Q207E,L228H,V245E,D250E",NA,NA,NA,None,"M41L,V75M,M184V,L210W,T215Y","K101P,G190A",NA,None,"M41L,V75M,M184V,L210W,T215Y","K101P,G190A",NA,0,None,0,None,0,None,0,None,0,None,0,None,1,RT:E29Q,https://hivdb.stanford.edu/hivdb/by-patterns/report/?name=barcode94_tig00000001+len%3D1129+reads%3D133+class%3Dcontig+suggestRepeat%3Dno+suggestBubble%3Dno+suggestCircular%3Dno+trim%3D0-1129&mutations=PR%3AL10V%2CPR%3AI13V%2CPR%3AM36I%2CPR%3AR41K%2CPR%3AD60E%2CPR%3AL63P%2CPR%3AI64V%2CRT%3AE29Q%2CRT%3AV35T%2CRT%3AM41L%2CRT%3AK43Q%2CRT%3AE44D%2CRT%3AV60I%2CRT%3AV75M%2CRT%3AK101P%2CRT%3AV111I%2CRT%3AK122E%2CRT%3AD123S%2CRT%3AI142V%2CRT%3AE169D%2CRT%3AD177E%2CRT%3AI178L%2CRT%3AV179I%2CRT%3AM184V%2CRT%3AG190A%2CRT%3AT200A%2CRT%3AR206K%2CRT%3AQ207E%2CRT%3AL210W%2CRT%3AT215Y%2CRT%3AL228H%2CRT%3AV245E%2CRT%3AD250E,D,D
BC95_ref_V24_05_104,"PR,RT",6,99,1,251,NA,NA,D (4.35%),1.06,None,None,"I13V,K14R,R41K,L63A,I64V,H69R,V77I",None,None,"V35T,T39M,K49KR,E53D,V60I,K122E,I142V,D177E,I178M,T200I,Q207E,R211K,K238R,V245K,D250E",NA,NA,NA,None,None,None,NA,None,None,None,NA,0,None,0,None,0,None,0,None,0,None,0,None,0,None,https://hivdb.stanford.edu/hivdb/by-patterns/report/?name=BC95_ref_V24_05_104&mutations=PR%3AI13V%2CPR%3AK14R%2CPR%3AR41K%2CPR%3AL63A%2CPR%3AI64V%2CPR%3AH69R%2CPR%3AV77I%2CRT%3AV35T%2CRT%3AT39M%2CRT%3AK49KR%2CRT%3AE53D%2CRT%3AV60I%2CRT%3AK122E%2CRT%3AI142V%2CRT%3AD177E%2CRT%3AI178M%2CRT%3AT200I%2CRT%3AQ207E%2CRT%3AR211K%2CRT%3AK238R%2CRT%3AV245K%2CRT%3AD250E,95,barcode95_tig00000001 len=1130 reads=213 class=contig suggestRepeat=no suggestBubble=no suggestCircular=no trim=0-1130,"PR,RT",6,99,1,251,NA,NA,D (4.54%),0.00,None,None,"I13V,K14R,R41K,L63A,I64V,H69R,V77I",None,None,"V35T,T39M,V60I,K122E,I142V,D177E,I178M,T200I,Q207E,R211K,K238R,V245K,D250E",NA,NA,NA,None,None,None,NA,None,None,None,NA,0,None,0,None,0,None,0,None,0,None,0,None,0,None,https://hivdb.stanford.edu/hivdb/by-patterns/report/?name=barcode95_tig00000001+len%3D1130+reads%3D213+class%3Dcontig+suggestRepeat%3Dno+suggestBubble%3Dno+suggestCircular%3Dno+trim%3D0-1130&mutations=PR%3AI13V%2CPR%3AK14R%2CPR%3AR41K%2CPR%3AL63A%2CPR%3AI64V%2CPR%3AH69R%2CPR%3AV77I%2CRT%3AV35T%2CRT%3AT39M%2CRT%3AV60I%2CRT%3AK122E%2CRT%3AI142V%2CRT%3AD177E%2CRT%3AI178M%2CRT%3AT200I%2CRT%3AQ207E%2CRT%3AR211K%2CRT%3AK238R%2CRT%3AV245K%2CRT%3AD250E,D,D
BC96_ref_V24_05_105,"PR,RT",6,99,1,251,NA,NA,A1 (5.60%),0.48,None,None,"K14R,G17E,K20R,E35D,M36I,R41K,R57K,H69K,L89M",M184MV,Y188L,"P4S,K11T,K20R,V21I,K32I,V35T,T39K,D123N,T165V,K173S,Q174K,D177E,V179I,T200A,I202V,Q207A,R211S,F214L,V245Q,E248D",NA,NA,NA,None,M184V,Y188L,NA,None,M184V,Y188L,NA,0,None,0,None,0,None,0,None,0,None,0,None,0,None,https://hivdb.stanford.edu/hivdb/by-patterns/report/?name=BC96_ref_V24_05_105&mutations=PR%3AK14R%2CPR%3AG17E%2CPR%3AK20R%2CPR%3AE35D%2CPR%3AM36I%2CPR%3AR41K%2CPR%3AR57K%2CPR%3AH69K%2CPR%3AL89M%2CRT%3AP4S%2CRT%3AK11T%2CRT%3AK20R%2CRT%3AV21I%2CRT%3AK32I%2CRT%3AV35T%2CRT%3AT39K%2CRT%3AD123N%2CRT%3AT165V%2CRT%3AK173S%2CRT%3AQ174K%2CRT%3AD177E%2CRT%3AV179I%2CRT%3AM184MV%2CRT%3AY188L%2CRT%3AT200A%2CRT%3AI202V%2CRT%3AQ207A%2CRT%3AR211S%2CRT%3AF214L%2CRT%3AV245Q%2CRT%3AE248D,96,barcode96_tig00000001 len=1206 reads=3170 class=contig suggestRepeat=no suggestBubble=no suggestCircular=no trim=0-1206,"PR,RT",6,99,1,251,NA,NA,A1 (5.60%),0.00,None,None,"K14R,G17E,K20R,E35D,M36I,R41K,R57K,H69K,L89M",M184V,Y188L,"P4S,K11T,K20R,V21I,K32I,V35T,T39K,D123N,T165V,K173S,Q174K,D177E,V179I,T200A,I202V,Q207A,R211S,F214L,V245Q,E248D",NA,NA,NA,None,M184V,Y188L,NA,None,M184V,Y188L,NA,0,None,0,None,0,None,0,None,0,None,0,None,0,None,https://hivdb.stanford.edu/hivdb/by-patterns/report/?name=barcode96_tig00000001+len%3D1206+reads%3D3170+class%3Dcontig+suggestRepeat%3Dno+suggestBubble%3Dno+suggestCircular%3Dno+trim%3D0-1206&mutations=PR%3AK14R%2CPR%3AG17E%2CPR%3AK20R%2CPR%3AE35D%2CPR%3AM36I%2CPR%3AR41K%2CPR%3AR57K%2CPR%3AH69K%2CPR%3AL89M%2CRT%3AP4S%2CRT%3AK11T%2CRT%3AK20R%2CRT%3AV21I%2CRT%3AK32I%2CRT%3AV35T%2CRT%3AT39K%2CRT%3AD123N%2CRT%3AT165V%2CRT%3AK173S%2CRT%3AQ174K%2CRT%3AD177E%2CRT%3AV179I%2CRT%3AM184V%2CRT%3AY188L%2CRT%3AT200A%2CRT%3AI202V%2CRT%3AQ207A%2CRT%3AR211S%2CRT%3AF214L%2CRT%3AV245Q%2CRT%3AE248D,A1,A1
