mode,sample,label,level_numeric,n_reads_sub,n_reads_orig,n_sites_compared,r_shannon_profile,r_pi_profile,r_minor_af_spectrum,mean_shannon_sub,mean_shannon_orig,delta_mean_shannon,mean_pi_sub,mean_pi_orig,delta_mean_pi,mean_abs_diff_minor_af,n_variable_sites_orig_1pct,n_variable_sites_sub_1pct,variable_site_recall_1pct,variable_site_precision_1pct,n_variable_sites_orig_2pct,n_variable_sites_sub_2pct,variable_site_recall_2pct,variable_site_precision_2pct,n_variable_sites_orig_5pct,n_variable_sites_sub_5pct,variable_site_recall_5pct,variable_site_precision_5pct,n_variable_sites_orig_20pct,n_variable_sites_sub_20pct,variable_site_recall_20pct,variable_site_precision_20pct
percent,barcode01,0p5pct,0.5,193,39457,1128,0.9263775622831054,0.9709825134408876,0.985758685608391,0.06049530589429864,0.06671504452404904,-0.0062197386297504,0.017577903329648436,0.01726492741685958,0.000312975912788855,0.0038039764820902784,136,235,0.875,0.5063829787234042,60,74,0.7333333333333333,0.5945945945945946,19,21,1.0,0.9047619047619048,10,9,0.9,1.0
percent,barcode01,10pct,10.0,3898,39457,1129,0.9956913642823294,0.9984863288337188,0.9994847352659352,0.06789301499014981,0.0666559523676947,0.0012370626224551123,0.01778428472010779,0.0172496351870838,0.0005346495330239912,0.0008006294076584663,136,149,0.9705882352941176,0.8859060402684564,60,65,0.9666666666666667,0.8923076923076924,19,19,1.0,1.0,10,10,1.0,1.0
percent,barcode01,1pct,1.0,405,39457,1128,0.9606962158599553,0.9862998322892373,0.9948328175541327,0.0635309877789607,0.06671504452404904,-0.003184056745088343,0.017725413485814943,0.01726492741685958,0.0004604860689553618,0.00256505535921485,136,182,0.9044117647058824,0.6758241758241759,60,75,0.85,0.68,19,20,1.0,0.95,10,9,0.9,1.0
percent,barcode01,20pct,20.0,7909,39457,1129,0.9980757867420134,0.9993235662348964,0.9997725031495817,0.06719831175391779,0.0666559523676947,0.0005423593862230874,0.0175090616805682,0.0172496351870838,0.0002594264934843993,0.0005313221144637266,136,141,0.9705882352941176,0.9361702127659575,60,63,0.95,0.9047619047619048,19,19,1.0,1.0,10,10,1.0,1.0
percent,barcode01,2pct,2.0,811,39457,1128,0.9767995501261846,0.9915831611628975,0.9968984910520119,0.06605771511434429,0.06671504452404904,-0.0006573294097047544,0.01789602240580743,0.01726492741685958,0.0006310949889478494,0.001906322125732544,136,169,0.9558823529411765,0.7692307692307693,60,73,0.9,0.7397260273972602,19,20,1.0,0.95,10,9,0.9,1.0
percent,barcode01,40pct,40.0,15704,39457,1129,0.9992721788954001,0.9997590832761838,0.9999193531710839,0.06634036348370435,0.0666559523676947,-0.0003155888839903448,0.0171959980164605,0.0172496351870838,-5.363717062329895e-05,0.0003211245413811641,136,139,0.9852941176470589,0.9640287769784173,60,57,0.9166666666666666,0.9649122807017544,19,19,1.0,1.0,10,10,1.0,1.0
percent,barcode01,5pct,5.0,2019,39457,1129,0.9908705884240953,0.9967609870021468,0.9986665569279939,0.06785213959327495,0.0666559523676947,0.0011961872255802503,0.017917320525190704,0.0172496351870838,0.0006676853381069048,0.0012170315593933838,136,161,0.9632352941176471,0.8136645962732919,60,73,0.95,0.7808219178082192,19,19,1.0,1.0,10,10,1.0,1.0
percent,barcode02,0p5pct,0.5,96,19999,1129,0.8919299654672294,0.9308779155110809,0.9473615892908405,0.07063384715973127,0.07940776831781152,-0.008773921158080247,0.023079107038347715,0.021509621400560633,0.0015694856377870825,0.00684460996559209,182,422,0.9065934065934066,0.3909952606635071,106,172,0.8584905660377359,0.5290697674418605,32,54,0.9375,0.5555555555555556,9,11,1.0,0.8181818181818182
percent,barcode02,10pct,10.0,2001,19999,1158,0.9833326985334148,0.9918459390064166,0.9954998796963312,0.0771042991783993,0.07956064425303051,-0.0024563450746312165,0.021356900434293988,0.021527663429857447,-0.00017076299556345945,0.0014615326108717982,188,201,0.9308510638297872,0.8706467661691543,109,114,0.944954128440367,0.9035087719298246,33,37,0.9696969696969697,0.8648648648648649,9,9,1.0,1.0
percent,barcode02,1pct,1.0,175,19999,1158,0.9230047751713155,0.9567145150313674,0.9709404904016126,0.06813474232481224,0.07956064425303051,-0.011425901928218268,0.021087313752835353,0.021527663429857447,-0.00044034967702209424,0.00491625750486124,188,249,0.8138297872340425,0.6144578313253012,109,121,0.8073394495412844,0.7272727272727273,33,43,0.8787878787878788,0.6744186046511628,9,12,1.0,0.75
percent,barcode02,20pct,20.0,3953,19999,1158,0.9914992426132602,0.9959072969785633,0.9979843057387106,0.07879851290830797,0.07956064425303051,-0.0007621313447225414,0.021602827459502406,0.021527663429857447,7.516402964495919e-05,0.0009681432154258723,188,198,0.973404255319149,0.9242424242424242,109,116,0.963302752293578,0.9051724137931034,33,35,0.9393939393939394,0.8857142857142857,9,9,1.0,1.0
percent,barcode02,2pct,2.0,363,19999,1158,0.9398285302415756,0.9644308911533833,0.9786118457276194,0.0799262350854071,0.07956064425303051,0.0003655908323765833,0.023616986903466117,0.021527663429857447,0.00208932347360867,0.003930913990798209,188,239,0.9095744680851063,0.7154811715481172,109,141,0.926605504587156,0.7163120567375887,33,47,0.9393939393939394,0.6595744680851063,9,10,1.0,0.9
percent,barcode02,40pct,40.0,7887,19999,1158,0.9945379700984429,0.9973456446265467,0.9987408127298785,0.08007387212446798,0.07956064425303051,0.0005132278714374688,0.021840570618733752,0.021527663429857447,0.00031290718887630464,0.0007192910291257715,188,195,0.9680851063829787,0.9333333333333333,109,118,0.9908256880733946,0.9152542372881356,33,34,1.0,0.9705882352941176,9,9,1.0,1.0
percent,barcode02,5pct,5.0,949,19999,1158,0.9690567023011755,0.9838466415020991,0.9903855891237059,0.07486393587487306,0.07956064425303051,-0.0046967083781574576,0.021142372085438673,0.021527663429857447,-0.00038529134441877416,0.0020846436863613217,188,191,0.8936170212765957,0.8795811518324608,109,118,0.908256880733945,0.8389830508474576,33,39,0.9696969696969697,0.8205128205128205,9,9,1.0,1.0
percent,barcode03,0p5pct,0.5,110,20473,1223,0.86224988246212,0.8821869473946073,0.9222252479709853,0.09397775293155945,0.09602956749687071,-0.002051814565311255,0.03229561638459053,0.027619316162872342,0.00467630022171819,0.008649754854621952,279,376,0.7168458781362007,0.5319148936170213,143,190,0.7972027972027972,0.6,58,87,0.9137931034482759,0.6091954022988506,17,21,0.8235294117647058,0.6666666666666666
percent,barcode03,10pct,10.0,2018,20473,1223,0.9870582454609544,0.9931763332320024,0.9939805930798984,0.09380464138487185,0.09602956749687071,-0.0022249261119988567,0.027705716137574273,0.027619316162872342,8.639997470193117e-05,0.0019108362777839254,279,273,0.8853046594982079,0.9047619047619048,143,155,0.9440559440559441,0.8709677419354839,58,61,0.9655172413793104,0.9180327868852459,17,16,0.9411764705882353,1.0
percent,barcode03,1pct,1.0,212,20473,1223,0.9212532773207579,0.9409458568447835,0.9547538877125968,0.09148642083837544,0.09602956749687071,-0.00454314665849527,0.02973092231655962,0.027619316162872342,0.0021116061536872767,0.006222217473523039,279,336,0.7491039426523297,0.6220238095238095,143,157,0.8461538461538461,0.7707006369426752,58,86,0.9827586206896551,0.6627906976744186,17,18,0.8823529411764706,0.8333333333333334
percent,barcode03,20pct,20.0,4120,20473,1223,0.993510254380642,0.9961938583284713,0.9973512743060886,0.09760783533771515,0.09602956749687071,0.001578267840844444,0.028538206529842805,0.027619316162872342,0.000918890366970463,0.001373200544831356,279,284,0.946236559139785,0.9295774647887324,143,154,0.972027972027972,0.9025974025974026,58,63,0.9827586206896551,0.9047619047619048,17,17,1.0,1.0
percent,barcode03,2pct,2.0,423,20473,1223,0.949269777003375,0.9716804405916412,0.9812072960025492,0.0909333091018223,0.09602956749687071,-0.005096258395048403,0.028116863124263394,0.027619316162872342,0.0004975469613910516,0.004073245544413358,279,278,0.7992831541218638,0.802158273381295,143,158,0.8671328671328671,0.7848101265822784,58,60,0.9137931034482759,0.8833333333333333,17,16,0.8823529411764706,0.9375
percent,barcode03,40pct,40.0,8262,20473,1223,0.997426796564939,0.9985953210854638,0.9992462025128513,0.09669380982897963,0.09602956749687071,0.0006642423321089191,0.0279795860324643,0.027619316162872342,0.00036026986959195734,0.0007925826490707449,279,279,0.956989247311828,0.956989247311828,143,146,0.9790209790209791,0.958904109589041,58,61,1.0,0.9508196721311475,17,17,1.0,1.0
percent,barcode03,5pct,5.0,985,20473,1223,0.9744779066577643,0.9862805671866459,0.989997768729281,0.09145887024498404,0.09602956749687071,-0.004570697251886663,0.027483810198907596,0.027619316162872342,-0.00013550596396474587,0.002681386196524912,279,272,0.8602150537634409,0.8823529411764706,143,157,0.916083916083916,0.8343949044585988,58,60,0.9482758620689655,0.9166666666666666,17,17,1.0,1.0
percent,barcode04,0p5pct,0.5,104,19046,1153,0.8474016002233608,0.8568203950675911,0.866306956109334,0.09903281228673579,0.12924973083962946,-0.03021691855289367,0.03414101503138191,0.04095274180148474,-0.006811726770102833,0.00993339405951542,316,511,0.8322784810126582,0.5146771037181996,202,222,0.7326732673267327,0.6666666666666666,103,86,0.7475728155339806,0.8953488372093024,33,27,0.7272727272727273,0.8888888888888888
percent,barcode04,10pct,10.0,1867,19046,1186,0.9882478500799301,0.993804511609273,0.9950964737904753,0.12947797909185688,0.130952202451003,-0.0014742233591461262,0.04177781816530923,0.04178280124548132,-4.98308017208432e-06,0.0024923596114770803,330,340,0.9181818181818182,0.8911764705882353,210,216,0.9523809523809523,0.9259259259259259,107,107,0.9532710280373832,0.9532710280373832,36,36,1.0,1.0
percent,barcode04,1pct,1.0,206,19046,1157,0.891005021298086,0.8923744268655027,0.8692158737127165,0.10620898041675526,0.13101477626901042,-0.02480579585225516,0.035313588009605094,0.04176249177676942,-0.006448903767164324,0.008612631544979533,318,373,0.8270440251572327,0.7050938337801609,204,189,0.7647058823529411,0.8253968253968254,105,86,0.7714285714285715,0.9418604651162791,35,30,0.7428571428571429,0.8666666666666667
percent,barcode04,20pct,20.0,3767,19046,1186,0.9964699498387547,0.9981703119862261,0.9986560868608533,0.1314594333383121,0.130952202451003,0.0005072308873090847,0.042156329860059266,0.04178280124548132,0.000373528614577949,0.0015986369267735913,330,339,0.9484848484848485,0.9233038348082596,210,214,0.9761904761904762,0.9579439252336449,107,106,0.9626168224299065,0.9716981132075472,36,36,1.0,1.0
percent,barcode04,2pct,2.0,398,19046,1186,0.9661432622473257,0.9754519688648758,0.9668313037241706,0.11305344992779127,0.130952202451003,-0.017898752523211728,0.0378514444621162,0.04178280124548132,-0.00393135678336512,0.00584343165378386,330,339,0.8090909090909091,0.7876106194690266,210,184,0.8047619047619048,0.9184782608695652,107,94,0.822429906542056,0.9361702127659575,36,32,0.8611111111111112,0.96875
percent,barcode04,40pct,40.0,7703,19046,1186,0.9988396660426351,0.9993197414199904,0.9993396292460762,0.1315173455523364,0.130952202451003,0.0005651431013334041,0.04197990028111979,0.04178280124548132,0.00019709903563847053,0.0009474509061928101,330,338,0.9818181818181818,0.9585798816568047,210,209,0.9809523809523809,0.9856459330143541,107,105,0.9719626168224299,0.9904761904761905,36,36,1.0,1.0
percent,barcode04,5pct,5.0,924,19046,1186,0.980601670330007,0.9885178864815576,0.9922302912070294,0.12122960641827085,0.130952202451003,-0.00972259603273215,0.03973086611478036,0.04178280124548132,-0.002051935130700955,0.0035884278144630555,330,327,0.8818181818181818,0.8899082568807339,210,193,0.8571428571428571,0.9326424870466321,107,96,0.8504672897196262,0.9479166666666666,36,37,1.0,0.972972972972973
percent,barcode05,0p5pct,0.5,125,20500,1155,0.928465922924364,0.9627643051249205,0.9772226676161782,0.08294103836688337,0.09806737494869551,-0.015126336581812144,0.02712537629038428,0.02824141471247942,-0.0011160384220951398,0.0059486875903472704,245,348,0.7877551020408163,0.5545977011494253,144,166,0.8402777777777778,0.7289156626506024,60,68,0.9166666666666666,0.8088235294117647,19,17,0.8947368421052632,1.0
percent,barcode05,10pct,10.0,2111,20500,1158,0.9927145500789628,0.9967380161223678,0.9981145621618785,0.09668059218003149,0.0978133143918336,-0.0011327222118021202,0.028441528202083635,0.028168250425659524,0.00027327777642411136,0.0016509471422408047,245,268,0.9591836734693877,0.8768656716417911,144,138,0.9236111111111112,0.9637681159420289,60,61,1.0,0.9836065573770492,19,19,1.0,1.0
percent,barcode05,1pct,1.0,232,20500,1158,0.9503946066050913,0.9749669400807836,0.9854676853706823,0.08454620037530484,0.0978133143918336,-0.013267114016528761,0.026361211318855746,0.028168250425659524,-0.0018070391068037775,0.004638116752433483,245,265,0.763265306122449,0.7056603773584905,144,142,0.8194444444444444,0.8309859154929577,60,60,0.9333333333333333,0.9333333333333333,19,18,0.9473684210526315,1.0
percent,barcode05,20pct,20.0,4157,20500,1158,0.9967297562431955,0.9987107792079182,0.9993588738908571,0.09646621040385359,0.0978133143918336,-0.0013471039879800195,0.027941379922899405,0.028168250425659524,-0.0002268705027601188,0.0010043998892160357,245,249,0.9510204081632653,0.9357429718875502,144,139,0.9513888888888888,0.9856115107913669,60,60,1.0,1.0,19,19,1.0,1.0
percent,barcode05,2pct,2.0,444,20500,1158,0.966016160379853,0.9802467537524623,0.9898134812564714,0.09536026197870175,0.0978133143918336,-0.0024530524131318593,0.029208822456515092,0.028168250425659524,0.0010405720308555681,0.003666558467187446,245,280,0.889795918367347,0.7785714285714286,144,152,0.8958333333333334,0.8486842105263158,60,68,0.9833333333333333,0.8676470588235294,19,18,0.9473684210526315,1.0
percent,barcode05,40pct,40.0,8309,20500,1158,0.9984557688380946,0.9994337516235573,0.9997734696902217,0.09799347787061001,0.0978133143918336,0.00018016347877640448,0.028349896227717886,0.028168250425659524,0.0001816458020583618,0.0006027825664238519,245,255,0.9959183673469387,0.9568627450980393,144,149,0.9861111111111112,0.9530201342281879,60,60,1.0,1.0,19,19,1.0,1.0
percent,barcode05,5pct,5.0,1072,20500,1158,0.9856860516887104,0.992634349342432,0.9955978024688062,0.09753389104702184,0.0978133143918336,-0.00027942334481176334,0.029083494279791018,0.028168250425659524,0.0009152438541314943,0.002486429963289598,245,265,0.9224489795918367,0.8528301886792453,144,155,0.9305555555555556,0.864516129032258,60,63,1.0,0.9523809523809523,19,19,1.0,1.0
percent,barcode06,0p5pct,0.5,137,30537,1128,0.9186268312837657,0.9625087329851733,0.9836354486612764,0.06356704523792629,0.07536109027927307,-0.011794045041346776,0.019411899245226117,0.020108138024531055,-0.0006962387793049384,0.004541816558105022,169,203,0.8106508875739645,0.6748768472906403,105,123,0.8761904761904762,0.7479674796747967,22,19,0.6818181818181818,0.7894736842105263,10,10,1.0,1.0
percent,barcode06,10pct,10.0,3029,30537,1129,0.9942503415483862,0.9978073517171019,0.9992426019793079,0.07394412907421356,0.07529433997787426,-0.0013502109036606924,0.019951759363943864,0.02009032745055007,-0.00013856808660620695,0.0010212553632968603,169,175,0.9585798816568047,0.9257142857142857,105,106,0.9619047619047619,0.9528301886792453,22,23,0.9090909090909091,0.8695652173913043,10,10,1.0,1.0
percent,barcode06,1pct,1.0,299,30537,1129,0.9513296024207566,0.9751859625860165,0.988684386175194,0.0739831580918534,0.07529433997787426,-0.0013111818860208624,0.02178492939654177,0.02009032745055007,0.0016946019459916986,0.003662198552690554,169,263,0.9230769230769231,0.5931558935361216,105,137,0.9428571428571428,0.7226277372262774,22,40,0.9545454545454546,0.525,10,10,1.0,1.0
percent,barcode06,20pct,20.0,6116,30537,1130,0.9976078796245865,0.9991349055883751,0.9997207383417767,0.07348819653861352,0.0752277078186018,-0.0017395112799882817,0.019632620300267224,0.020072548399708876,-0.000439928099441652,0.0006497573117088836,169,167,0.9644970414201184,0.9760479041916168,105,102,0.9523809523809523,0.9803921568627451,22,20,0.9090909090909091,1.0,10,10,1.0,1.0
percent,barcode06,2pct,2.0,599,30537,1129,0.9678343177787988,0.9831132065526131,0.9925010137551032,0.07812471972196677,0.07529433997787426,0.0028303797440925177,0.022306613486351726,0.02009032745055007,0.0022162860358016546,0.0028636190262655995,169,229,0.9585798816568047,0.7074235807860262,105,126,0.9714285714285714,0.8095238095238095,22,43,0.9545454545454546,0.4883720930232558,10,10,1.0,1.0
percent,barcode06,40pct,40.0,12320,30537,1130,0.9990055483045942,0.9996060929418418,0.9998451797145029,0.07407507892373705,0.0752277078186018,-0.0011526288948647545,0.01974331464798449,0.020072548399708876,-0.0003292337517243858,0.0004388449298031902,169,169,0.9704142011834319,0.9704142011834319,105,101,0.9523809523809523,0.9900990099009901,22,20,0.9090909090909091,1.0,10,10,1.0,1.0
percent,barcode06,5pct,5.0,1470,30537,1129,0.9873370348529177,0.9942497414390912,0.9976398960038251,0.07772516983062254,0.07529433997787426,0.002430829852748284,0.02146660605778665,0.02009032745055007,0.0013762786072365786,0.0016752391440532568,169,196,0.9881656804733728,0.8520408163265306,105,117,0.9714285714285714,0.8717948717948718,22,34,1.0,0.6470588235294118,10,10,1.0,1.0
percent,barcode07,0p5pct,0.5,60,13223,1141,0.865722764850892,0.9111050411949349,0.9377926777036018,0.06162256464818587,0.09466635425089168,-0.033043789602705806,0.02125568925368186,0.026530559307539548,-0.005274870053857687,0.007629810358962705,227,292,0.7004405286343612,0.5445205479452054,138,174,0.6521739130434783,0.5172413793103449,49,49,0.7755102040816326,0.7755102040816326,10,11,0.8,0.7272727272727273
percent,barcode07,10pct,10.0,1295,13223,1148,0.9864821507361772,0.9929188572726257,0.995676611781392,0.0863568404194404,0.09465689112953156,-0.008300050710091156,0.02451589829943181,0.026545186577864324,-0.0020292882784325138,0.002023495775531846,229,227,0.8951965065502183,0.9030837004405287,140,124,0.8571428571428571,0.967741935483871,50,45,0.88,0.9777777777777777,10,10,1.0,1.0
percent,barcode07,1pct,1.0,126,13223,1148,0.9137315031954001,0.9470728369711148,0.9623908265735418,0.07114041555578533,0.09465689112953156,-0.023516475573746226,0.022823876967404646,0.026545186577864324,-0.0037213096104596784,0.006056915763888136,229,236,0.7074235807860262,0.6864406779661016,140,129,0.6785714285714286,0.7364341085271318,50,46,0.8,0.8695652173913043,10,14,0.9,0.6428571428571429
percent,barcode07,20pct,20.0,2668,13223,1148,0.9952868808851059,0.9977376182445007,0.9986456450719182,0.09170853503728968,0.09465689112953156,-0.00294835609224188,0.025906093298607095,0.026545186577864324,-0.0006390932792572288,0.0011675533583572681,229,234,0.9475982532751092,0.9273504273504274,140,127,0.8928571428571429,0.984251968503937,50,47,0.92,0.9787234042553191,10,10,1.0,1.0
percent,barcode07,2pct,2.0,267,13223,1148,0.9303571084489318,0.9514348566010975,0.9674816958236854,0.07572698301781443,0.09465689112953156,-0.01892990811171713,0.02299062077482993,0.026545186577864324,-0.003554565803034395,0.004798889307240249,229,221,0.7467248908296943,0.7737556561085973,140,131,0.7357142857142858,0.7862595419847328,50,45,0.82,0.9111111111111111,10,11,0.9,0.8181818181818182
percent,barcode07,40pct,40.0,5290,13223,1148,0.9977364883403786,0.9986643204487213,0.9990589737088329,0.09163116553045199,0.09465689112953156,-0.0030257255990795706,0.02571340487755549,0.026545186577864324,-0.0008317817003088354,0.0008957719359975589,229,227,0.9563318777292577,0.9647577092511013,140,122,0.8714285714285714,1.0,50,45,0.9,1.0,10,10,1.0,1.0
percent,barcode07,5pct,5.0,643,13223,1148,0.9726561784122113,0.9854829370394085,0.9907827615088715,0.08634951110280953,0.09465689112953156,-0.00830738002672203,0.02497811616805661,0.026545186577864324,-0.0015670704098077158,0.002871084790306899,229,246,0.8471615720524017,0.7886178861788617,140,130,0.8357142857142857,0.9,50,46,0.88,0.9565217391304348,10,11,1.0,0.9090909090909091
percent,barcode08,0p5pct,0.5,147,25862,1128,0.9527268549558348,0.9744584535338284,0.9820341195022622,0.09225744187065085,0.11315162316816257,-0.02089418129751172,0.032415212436717376,0.03585878024735946,-0.0034435678106420828,0.0064539636237363664,254,248,0.7322834645669292,0.75,161,179,0.8385093167701864,0.7541899441340782,78,71,0.782051282051282,0.8591549295774648,35,33,0.8571428571428571,0.9090909090909091
percent,barcode08,10pct,10.0,2614,25862,1129,0.9971282209150742,0.9987057842130073,0.9991879856180084,0.11399785370432193,0.11305140029556011,0.0009464534087618159,0.03654750842093144,0.03582701870595347,0.0007204897149779704,0.0014285905746245868,254,265,0.968503937007874,0.9283018867924528,161,170,0.9565217391304348,0.9058823529411765,78,86,0.9871794871794872,0.8953488372093024,35,37,1.0,0.9459459459459459
percent,barcode08,1pct,1.0,276,25862,1129,0.9729320283674691,0.9873086621143368,0.992631377316791,0.10200309747596031,0.11305140029556011,-0.0110483028195998,0.03426472427837908,0.03582701870595347,-0.0015622944275743914,0.004556212273252424,254,282,0.8385826771653543,0.7553191489361702,161,165,0.8633540372670807,0.8424242424242424,78,74,0.8461538461538461,0.8918918918918919,35,34,0.8857142857142857,0.9117647058823529
percent,barcode08,20pct,20.0,5232,25862,1129,0.9987185451953171,0.9994359233472326,0.9996201595127743,0.11343249600447863,0.11305140029556011,0.00038109570891851907,0.03615528006938987,0.03582701870595347,0.0003282613634363954,0.0009799489589678674,254,260,0.9724409448818898,0.95,161,171,0.968944099378882,0.9122807017543859,78,82,1.0,0.9512195121951219,35,36,1.0,0.9722222222222222
percent,barcode08,2pct,2.0,525,25862,1129,0.9860699947268853,0.9942887218358505,0.9962706836124811,0.10621914465376901,0.11305140029556011,-0.006832255641791102,0.03483583382884642,0.03582701870595347,-0.0009911848771070528,0.003213426373277553,254,268,0.8740157480314961,0.8283582089552238,161,150,0.8509316770186336,0.9133333333333333,78,77,0.9230769230769231,0.935064935064935,35,36,0.9714285714285714,0.9444444444444444
percent,barcode08,40pct,40.0,10281,25862,1129,0.9994703743956256,0.9997556418478294,0.9998435166323096,0.1139513837489466,0.11305140029556011,0.0008999834533864881,0.03623813774523776,0.03582701870595347,0.0004111190392842856,0.0006458276583392193,254,262,0.9960629921259843,0.9656488549618321,161,169,0.9813664596273292,0.9349112426035503,78,82,0.9871794871794872,0.9390243902439024,35,35,1.0,1.0
percent,barcode08,5pct,5.0,1343,25862,1129,0.9949339091820274,0.9978484053308672,0.9983653036214231,0.10912661995331208,0.11305140029556011,-0.003924780342248038,0.0351712722832414,0.03582701870595347,-0.0006557464227120724,0.0019395511344431386,254,263,0.9566929133858267,0.9239543726235742,161,159,0.9254658385093167,0.9371069182389937,78,74,0.9358974358974359,0.9864864864864865,35,36,0.9714285714285714,0.9444444444444444
percent,barcode10,0p5pct,0.5,93,13434,1131,0.892304754772214,0.9193352059560115,0.9421529352656964,0.109902550023915,0.1162505248040027,-0.006347974780087709,0.036720600896376035,0.033613200433409214,0.003107400462966821,0.00870667522777786,323,500,0.8452012383900929,0.546,198,282,0.8737373737373737,0.6134751773049646,85,116,0.9176470588235294,0.6724137931034483,9,8,0.8888888888888888,1.0
percent,barcode10,10pct,10.0,1360,13434,1225,0.966504960309665,0.977690604137385,0.9856858359469888,0.11719151274938473,0.12274336794847092,-0.005551855199086186,0.034887101582006745,0.035869586829557064,-0.0009824852475503187,0.002844057542923964,375,393,0.9226666666666666,0.8804071246819338,231,236,0.9047619047619048,0.885593220338983,102,97,0.9019607843137255,0.9484536082474226,10,11,1.0,0.9090909090909091
percent,barcode10,1pct,1.0,148,13434,1213,0.8564953456387089,0.878534894294368,0.9040388925958278,0.10493386127759328,0.12350098402049069,-0.0185671227428974,0.034841397458776555,0.03610634900584001,-0.0012649515470634573,0.008206071116932357,372,354,0.7204301075268817,0.7570621468926554,230,255,0.8130434782608695,0.7333333333333333,102,107,0.8137254901960784,0.7757009345794392,10,15,1.0,0.6666666666666666
percent,barcode10,20pct,20.0,2664,13434,1226,0.9856203686223434,0.9898913714595189,0.9933185564023664,0.11826578995365955,0.12264325100887183,-0.004377461055212278,0.03480284520187158,0.03584032941778744,-0.0010374842159158598,0.0019466570229744182,375,373,0.936,0.9410187667560321,231,231,0.9264069264069265,0.9264069264069265,102,97,0.9313725490196079,0.979381443298969,10,11,1.0,0.9090909090909091
percent,barcode10,2pct,2.0,255,13434,1225,0.9021176798857727,0.9176655899343991,0.9432697902946041,0.11268488466182884,0.12274336794847092,-0.010058483286642078,0.036307331714246334,0.035869586829557064,0.0004377448846892701,0.006525655875562152,375,384,0.7866666666666666,0.7682291666666666,231,248,0.8528138528138528,0.7943548387096774,102,120,0.8921568627450981,0.7583333333333333,10,14,1.0,0.7142857142857143
percent,barcode10,40pct,40.0,5392,13434,1226,0.9935503378905236,0.9951690326219168,0.9970183642893711,0.11895210384975424,0.12264325100887183,-0.003691147159117586,0.034690925236025294,0.03584032941778744,-0.0011494041817621467,0.001316869116166877,375,380,0.96,0.9473684210526315,231,229,0.9653679653679653,0.9737991266375546,102,95,0.9313725490196079,1.0,10,10,1.0,1.0
percent,barcode10,5pct,5.0,667,13434,1225,0.9508732281812184,0.9676331008962336,0.9742613755452507,0.11414910878659755,0.12274336794847092,-0.008594259161873369,0.0346809592192243,0.035869586829557064,-0.0011886276103327612,0.004228909254672665,375,374,0.8666666666666667,0.8689839572192514,231,244,0.8874458874458875,0.8401639344262295,102,111,0.9117647058823529,0.8378378378378378,10,10,1.0,1.0
percent,barcode12,0p5pct,0.5,76,16250,1201,0.8367594110492393,0.876182607652624,0.9406138855327231,0.07059895346685274,0.09483603527213211,-0.024237081805279365,0.02447541094700037,0.026480734599802262,-0.0020053236528018922,0.00801111234648977,273,387,0.684981684981685,0.48320413436692505,145,160,0.7586206896551724,0.6875,41,64,0.8780487804878049,0.5625,14,16,0.9285714285714286,0.8125
percent,barcode12,10pct,10.0,1567,16250,1246,0.9745405885322702,0.9845859288474386,0.9923464069484605,0.09225416494324279,0.0957419811205916,-0.003487816177348807,0.026873658696767635,0.02685068951157523,2.2969185192404235e-05,0.002351648403621587,290,307,0.9103448275862069,0.8599348534201955,156,161,0.9230769230769231,0.8944099378881988,47,51,0.9148936170212766,0.8431372549019608,14,15,1.0,0.9333333333333333
percent,barcode12,1pct,1.0,157,16250,1201,0.8587610125223584,0.8763732731020759,0.9331523053195369,0.08433146195719565,0.09483603527213211,-0.010504573314936455,0.027703166037458673,0.026480734599802262,0.0012224314376564106,0.007234630929131915,273,300,0.7362637362637363,0.67,145,174,0.8413793103448276,0.7011494252873564,41,76,0.9024390243902439,0.4868421052631579,14,16,0.9285714285714286,0.8125
percent,barcode12,20pct,20.0,3226,16250,1246,0.9839986842440682,0.9915146552207554,0.9957804844939215,0.09157965487952777,0.0957419811205916,-0.0041623262410638295,0.026105993995660846,0.02685068951157523,-0.0007446955159143842,0.0016710184039958897,290,289,0.9275862068965517,0.9307958477508651,156,150,0.8974358974358975,0.9333333333333333,47,43,0.851063829787234,0.9302325581395349,14,14,1.0,1.0
percent,barcode12,2pct,2.0,312,16250,1246,0.8795077139360773,0.8491256285599574,0.9225791562295019,0.0939109847622844,0.0957419811205916,-0.0018309963583071909,0.03080106835459215,0.02685068951157523,0.003950378843016921,0.006570990288150584,290,326,0.8241379310344827,0.7331288343558282,156,197,0.9102564102564102,0.7208121827411168,47,88,0.8936170212765957,0.4772727272727273,14,21,1.0,0.6666666666666666
percent,barcode12,40pct,40.0,6401,16250,1246,0.9939052795447112,0.9970212166279314,0.9984512293420817,0.09505108932831453,0.0957419811205916,-0.0006908917922770624,0.026884911806602137,0.02685068951157523,3.42222950269061e-05,0.0010546552538985658,290,302,0.9758620689655172,0.9370860927152318,156,156,0.9423076923076923,0.9423076923076923,47,46,0.9574468085106383,0.9782608695652174,14,15,1.0,0.9333333333333333
percent,barcode12,5pct,5.0,748,16250,1246,0.9369031544003007,0.9482400880759498,0.9725517823010783,0.0945506564527359,0.0957419811205916,-0.001191324667855695,0.028555293050416576,0.02685068951157523,0.0017046035388413455,0.004056618653069526,290,314,0.8862068965517241,0.8184713375796179,156,188,0.9423076923076923,0.7819148936170213,47,74,0.9361702127659575,0.5945945945945946,14,13,0.9285714285714286,1.0
percent,barcode13,0p5pct,0.5,133,30047,1154,0.8949290274102741,0.9484024726205433,0.9723490042788694,0.07126444237922121,0.08512581866102824,-0.01386137628180703,0.021909928233805918,0.023123631109423677,-0.0012137028756177594,0.005639448128985965,225,268,0.7377777777777778,0.6194029850746269,132,158,0.8106060606060606,0.6772151898734177,32,29,0.65625,0.7241379310344828,11,11,1.0,1.0
percent,barcode13,10pct,10.0,3000,30047,1154,0.992829706130652,0.9971568725842069,0.9989323125749346,0.08599491157576654,0.08512581866102824,0.0008690929147383009,0.02380595332440056,0.023123631109423677,0.0006823222149768826,0.001199642885013283,225,236,0.9644444444444444,0.9194915254237288,132,135,0.9545454545454546,0.9333333333333333,32,36,0.96875,0.8611111111111112,11,11,1.0,1.0
percent,barcode13,1pct,1.0,295,30047,1154,0.9509395993944959,0.9788186138237046,0.9909551546275898,0.07893456881452363,0.08512581866102824,-0.006191249846504612,0.023127048918920447,0.023123631109423677,3.417809496770313e-06,0.003539248445832954,225,287,0.8844444444444445,0.6933797909407665,132,142,0.9015151515151515,0.8380281690140845,32,30,0.8125,0.8666666666666667,11,11,1.0,1.0
percent,barcode13,20pct,20.0,6090,30047,1155,0.996993876818814,0.9988002208686207,0.9995505097321044,0.08568338134478995,0.08505211665352952,0.0006312646912604303,0.023455652484617822,0.023103610649588678,0.0003520418350291439,0.0007435839908379808,225,234,0.9822222222222222,0.9444444444444444,132,134,0.9772727272727273,0.9626865671641791,32,34,1.0,0.9411764705882353,11,11,1.0,1.0
percent,barcode13,2pct,2.0,574,30047,1154,0.9699555741802659,0.9877747690800484,0.9947010916889212,0.081532170624145,0.08512581866102824,-0.0035936480368832374,0.02307052500081022,0.023123631109423677,-5.3106108613455716e-05,0.00255430328691695,225,250,0.9155555555555556,0.824,132,134,0.9242424242424242,0.9104477611940298,32,28,0.8125,0.9285714285714286,11,11,1.0,1.0
percent,barcode13,40pct,40.0,12150,30047,1155,0.9983693054393475,0.9993564628054591,0.999785346199033,0.085179369311053,0.08505211665352952,0.00012725265752347448,0.02323529278419014,0.023103610649588678,0.00013168213460146294,0.0004987987315472482,225,227,0.9822222222222222,0.973568281938326,132,131,0.9848484848484849,0.9923664122137404,32,32,1.0,1.0,11,11,1.0,1.0
percent,barcode13,5pct,5.0,1457,30047,1154,0.9868548945514664,0.9944195539481964,0.997643253414303,0.08511726222630468,0.08512581866102824,-8.556434723555606e-06,0.023810338714023247,0.023123631109423677,0.00068670760459957,0.0017271248985174289,225,242,0.9644444444444444,0.8966942148760331,132,144,0.9545454545454546,0.875,32,36,0.9375,0.8333333333333334,11,11,1.0,1.0
percent,barcode14,0p5pct,0.5,117,22793,1129,0.9260079079505416,0.9556057101282814,0.9694026697960895,0.09157076495005484,0.10249672245146665,-0.010925957501411815,0.029327417281955516,0.02916239176326179,0.00016502551869372606,0.006062938655488329,272,366,0.8088235294117647,0.6010928961748634,168,196,0.8392857142857143,0.7193877551020408,68,76,0.8823529411764706,0.7894736842105263,13,12,0.8461538461538461,0.9166666666666666
percent,barcode14,10pct,10.0,2292,22793,1129,0.9948640489436303,0.9975039569615344,0.9984167789902992,0.1006316742692572,0.10249672245146665,-0.00186504818220945,0.0289403097489873,0.02916239176326179,-0.00022208201427448976,0.0012668380871887891,272,271,0.9448529411764706,0.948339483394834,168,171,0.9702380952380952,0.9532163742690059,68,71,1.0,0.9577464788732394,13,15,1.0,0.8666666666666667
percent,barcode14,1pct,1.0,235,22793,1129,0.9596636396924151,0.9748216747414202,0.9819367534133977,0.10448548350548026,0.10249672245146665,0.0019887610540136047,0.03222662711584855,0.02916239176326179,0.003064235352586757,0.004748675717395366,272,338,0.8970588235294118,0.7218934911242604,168,190,0.9285714285714286,0.8210526315789474,68,80,0.9117647058823529,0.775,13,14,1.0,0.9285714285714286
percent,barcode14,20pct,20.0,4529,22793,1129,0.9975497083446881,0.9988262748039481,0.9993393710028629,0.10135815279301427,0.10249672245146665,-0.001138569658452382,0.028899814930119574,0.02916239176326179,-0.0002625768331422154,0.0008912785579842831,272,280,0.9742647058823529,0.9464285714285714,168,168,0.9702380952380952,0.9702380952380952,68,67,0.9852941176470589,1.0,13,13,1.0,1.0
percent,barcode14,2pct,2.0,463,22793,1129,0.9768630758118423,0.9875111202822405,0.991001883313204,0.09875112254968073,0.10249672245146665,-0.003745599901785926,0.029300270932477567,0.02916239176326179,0.00013787916921577728,0.0031204846722043705,272,300,0.9191176470588235,0.8333333333333334,168,173,0.9166666666666666,0.8901734104046243,68,66,0.8823529411764706,0.9090909090909091,13,13,0.9230769230769231,0.9230769230769231
percent,barcode14,40pct,40.0,9116,22793,1129,0.9990538823534524,0.9995365102583101,0.9997095603192042,0.1021801559210757,0.10249672245146665,-0.0003165665303909576,0.02913846872274179,0.02916239176326179,-2.392304051999916e-05,0.0005674666599320545,272,276,0.9852941176470589,0.9710144927536232,168,169,0.9761904761904762,0.9704142011834319,68,67,0.9852941176470589,1.0,13,13,1.0,1.0
percent,barcode14,5pct,5.0,1151,22793,1129,0.9908287871232277,0.9952225692550313,0.9966991086458052,0.09802620129210454,0.10249672245146665,-0.004470521159362112,0.028408022633045992,0.02916239176326179,-0.0007543691302157977,0.0018083114041791064,272,281,0.9375,0.9074733096085409,168,157,0.8928571428571429,0.9554140127388535,68,64,0.9117647058823529,0.96875,13,14,0.9230769230769231,0.8571428571428571
percent,barcode15,0p5pct,0.5,127,28121,1168,0.906840053799361,0.9371113209902304,0.9685544167753679,0.07765791821125076,0.07801592375716189,-0.0003580055459111303,0.024592222853576387,0.020923084929591558,0.003669137923984829,0.006130245511340347,188,238,0.824468085106383,0.6512605042016807,107,142,0.9439252336448598,0.7112676056338029,31,69,0.9354838709677419,0.42028985507246375,10,10,1.0,1.0
percent,barcode15,10pct,10.0,2784,28121,1168,0.9880886461076178,0.9944169622472758,0.9978900976198605,0.07692290690903612,0.07801592375716189,-0.0010930168481257663,0.020921950560638582,0.020923084929591558,-1.1343689529756673e-06,0.0012189482575997283,188,198,0.925531914893617,0.8787878787878788,107,113,0.9906542056074766,0.9380530973451328,31,30,0.9354838709677419,0.9666666666666667,10,10,1.0,1.0
percent,barcode15,1pct,1.0,280,28121,1168,0.9253828176483995,0.9462843691356826,0.9794631963996523,0.07445554624300771,0.07801592375716189,-0.003560377514154181,0.02230509049351723,0.020923084929591558,0.0013820055639256722,0.00389850344295138,188,228,0.8617021276595744,0.7105263157894737,107,125,0.9345794392523364,0.8,31,54,0.9354838709677419,0.5370370370370371,10,10,1.0,1.0
percent,barcode15,20pct,20.0,5595,28121,1168,0.9943897743520566,0.9974770200442291,0.9991005390998441,0.07737991842370603,0.07801592375716189,-0.0006360053334558552,0.02089402488901615,0.020923084929591558,-2.9060040575408508e-05,0.0008052429907489462,188,193,0.9521276595744681,0.927461139896373,107,106,0.9813084112149533,0.9905660377358491,31,31,0.967741935483871,0.967741935483871,10,10,1.0,1.0
percent,barcode15,2pct,2.0,603,28121,1168,0.9570698029219029,0.9759150508278501,0.9912718494307943,0.07498566108199614,0.07801592375716189,-0.0030302626751657485,0.02141603657937365,0.020923084929591558,0.0004929516497820911,0.002673251500548971,188,208,0.8617021276595744,0.7788461538461539,107,126,0.9626168224299065,0.8174603174603174,31,41,0.967741935483871,0.7317073170731707,10,10,1.0,1.0
percent,barcode15,40pct,40.0,11352,28121,1168,0.9981572470261701,0.9993061977570754,0.9997746407778878,0.07743639697721297,0.07801592375716189,-0.0005795267799489218,0.020821031786854273,0.020923084929591558,-0.00010205314273728505,0.0004670523041981231,188,186,0.9574468085106383,0.967741935483871,107,106,0.9906542056074766,1.0,31,31,1.0,1.0,10,10,1.0,1.0
percent,barcode15,5pct,5.0,1372,28121,1168,0.9777418661353685,0.9878050446771441,0.9952440174977161,0.07626377965804237,0.07801592375716189,-0.0017521440991195153,0.021096013270305036,0.020923084929591558,0.00017292834071347754,0.0017521903240948888,188,197,0.8936170212765957,0.8527918781725888,107,118,0.9906542056074766,0.8983050847457628,31,36,0.967741935483871,0.8333333333333334,10,10,1.0,1.0
percent,barcode16,0p5pct,0.5,147,27280,1159,0.9081859628568074,0.9468752723181443,0.9699025416161161,0.0805537470940464,0.09474012888691177,-0.014186381792865368,0.02511331846041044,0.026172354511607158,-0.0010590360511967163,0.005441440307659783,272,268,0.7536764705882353,0.7649253731343284,144,164,0.8194444444444444,0.7195121951219512,50,56,0.9,0.8035714285714286,10,9,0.9,1.0
percent,barcode16,10pct,10.0,2850,27280,1169,0.9872561402314403,0.9911442490227892,0.9958338231885828,0.09520256293740413,0.09404899190525977,0.0011535710321443626,0.02686621526062598,0.025977197653001674,0.0008890176076243074,0.0014154232768165127,273,281,0.9487179487179487,0.9217081850533808,144,157,0.9791666666666666,0.8980891719745223,50,55,1.0,0.9090909090909091,10,9,0.9,1.0
percent,barcode16,1pct,1.0,292,27280,1159,0.9437783306484947,0.9633201962139383,0.9751687702922734,0.09184843620616832,0.09474012888691177,-0.002891692680743449,0.027908226823572538,0.026172354511607158,0.00173587231196538,0.004603652062443897,272,327,0.8786764705882353,0.7308868501529052,144,166,0.8819444444444444,0.7650602409638554,50,67,0.98,0.7313432835820896,10,10,1.0,1.0
percent,barcode16,20pct,20.0,5573,27280,1169,0.9944261148085283,0.9970408326000727,0.998580004986931,0.09176781749900907,0.09404899190525977,-0.0022811744062506967,0.025495920176368647,0.025977197653001674,-0.0004812774766330269,0.0009396458696306789,273,268,0.9304029304029304,0.9477611940298507,144,142,0.9513888888888888,0.9647887323943662,50,48,0.96,1.0,10,9,0.9,1.0
percent,barcode16,2pct,2.0,571,27280,1159,0.9671805736754275,0.982060281338576,0.9893641583460694,0.09037143669354405,0.09474012888691177,-0.004368692193367718,0.02639470609451527,0.026172354511607158,0.00022235158290811324,0.0029241915774662207,272,294,0.8786764705882353,0.8129251700680272,144,150,0.9097222222222222,0.8733333333333333,50,60,1.0,0.8333333333333334,10,9,0.9,1.0
percent,barcode16,40pct,40.0,10992,27280,1169,0.9980483160492274,0.9991174256536502,0.9995555028549348,0.09382577527842026,0.09404899190525977,-0.00022321662683950916,0.025983288161169904,0.025977197653001674,6.09050816822998e-06,0.0005309147860414527,273,270,0.9597069597069597,0.9703703703703703,144,145,0.9861111111111112,0.9793103448275862,50,50,1.0,1.0,10,10,1.0,1.0
percent,barcode16,5pct,5.0,1430,27280,1168,0.9850766509385855,0.9903836938631997,0.9939087980986437,0.09361042172655229,0.09412951330243892,-0.0005190915758866294,0.026734809830795694,0.025999438404416913,0.0007353714263787815,0.001892076145352293,273,285,0.9413919413919414,0.9017543859649123,144,156,0.9652777777777778,0.8910256410256411,50,56,1.0,0.8928571428571429,10,10,1.0,1.0
percent,barcode17,0p5pct,0.5,116,20469,1285,0.8194971814898357,0.7410963489580161,0.7776922132683926,0.12839797307948203,0.13021824584397876,-0.0018202727644967276,0.05112602562173492,0.04026658312255494,0.010859442499179979,0.015011549987273796,389,508,0.7686375321336761,0.5885826771653543,246,310,0.8130081300813008,0.6451612903225806,123,146,0.8211382113821138,0.6917808219178082,28,55,0.9285714285714286,0.4727272727272727
percent,barcode17,10pct,10.0,2060,20469,1298,0.9792582171183433,0.9873936965327529,0.9870948509438193,0.12451322221263028,0.13262450200131398,-0.0081112797886837,0.03944716738571682,0.04123639209098027,-0.0017892247052634508,0.003014703992180319,396,396,0.9191919191919192,0.9191919191919192,253,255,0.9407114624505929,0.9333333333333333,129,123,0.9147286821705426,0.959349593495935,29,29,1.0,1.0
percent,barcode17,1pct,1.0,229,20469,1295,0.8717765961992389,0.8692476110393561,0.8856168712243564,0.12339291733727946,0.13293174022988846,-0.009538822892609003,0.04396248585599575,0.041331920412426545,0.0026305654435692036,0.010324731477448685,396,416,0.7651515151515151,0.7283653846153846,253,249,0.8023715415019763,0.8152610441767069,129,142,0.8294573643410853,0.7535211267605634,29,36,0.9655172413793104,0.7777777777777778
percent,barcode17,20pct,20.0,4176,20469,1298,0.9917519126849753,0.9944312487057749,0.9951138275721615,0.13254741343196025,0.13262450200131398,-7.708856935373376e-05,0.041662688877956475,0.04123639209098027,0.00042629678697620604,0.002039444281332595,396,401,0.946969696969697,0.9351620947630923,253,271,0.9841897233201581,0.9188191881918819,129,130,0.9612403100775194,0.9538461538461539,29,29,1.0,1.0
percent,barcode17,2pct,2.0,424,20469,1298,0.9007877729989036,0.9181168146757809,0.9348960836977797,0.12286554397025888,0.13262450200131398,-0.009758958031055101,0.04150380266735914,0.04123639209098027,0.0002674105763788709,0.007879245755568568,396,385,0.797979797979798,0.8207792207792208,253,259,0.8537549407114624,0.833976833976834,129,156,0.8604651162790697,0.7115384615384616,29,33,0.9655172413793104,0.8484848484848485
percent,barcode17,40pct,40.0,8290,20469,1298,0.9959932107254554,0.997528989305108,0.998500077024361,0.13273958365697916,0.13262450200131398,0.00011508165566517792,0.04144945768929583,0.04123639209098027,0.00021306559831556215,0.0012364570282992725,396,401,0.9621212121212122,0.9501246882793017,253,260,0.9802371541501976,0.9538461538461539,129,127,0.9612403100775194,0.9763779527559056,29,29,1.0,1.0
percent,barcode17,5pct,5.0,1072,20469,1298,0.9526240286463667,0.9660060881961565,0.9587706254655262,0.12328614646041774,0.13262450200131398,-0.009338355540896237,0.0397686866380837,0.04123639209098027,-0.0014677054528965672,0.005031611799389191,396,386,0.8661616161616161,0.8886010362694301,253,271,0.9090909090909091,0.8487084870848709,129,125,0.8992248062015504,0.928,29,29,0.9655172413793104,0.9655172413793104
percent,barcode20,0p5pct,0.5,53,10087,1136,0.6102761901851089,0.7546705666432725,0.8859421225910304,0.03643052093353952,0.05307307951618623,-0.01664255858264671,0.011055022717558927,0.01188895136213026,-0.0008339286445713332,0.005610731640015838,117,231,0.6153846153846154,0.3116883116883117,30,104,0.5,0.14423076923076922,3,7,1.0,0.42857142857142855,2,2,1.0,1.0
percent,barcode20,10pct,10.0,994,10087,1168,0.8709128478375996,0.913718858426733,0.9652347853734792,0.04670471099810645,0.05533276094938173,-0.00862804995127528,0.011094338641274362,0.012564303858652473,-0.0014699652173781105,0.0019473705478205482,130,108,0.6692307692307692,0.8055555555555556,38,21,0.42105263157894735,0.7619047619047619,5,8,0.8,0.5,2,2,1.0,1.0
percent,barcode20,1pct,1.0,102,10087,1156,0.6166971678817323,0.7856175145361046,0.9281015637468426,0.03710662854393194,0.055141591437656894,-0.018034962893724957,0.010355684557507325,0.012477962020430437,-0.002122277462923112,0.004878446527882072,128,336,0.6328125,0.24107142857142858,36,83,0.4444444444444444,0.1927710843373494,4,4,0.75,0.75,2,2,1.0,1.0
percent,barcode20,20pct,20.0,2003,10087,1168,0.9541285115783511,0.9703545791695511,0.9873115269420253,0.05268170574864553,0.05533276094938173,-0.002651055200736198,0.012338315610887366,0.012564303858652473,-0.00022598824776510693,0.0011702072946738135,130,137,0.9,0.8540145985401459,38,34,0.7631578947368421,0.8529411764705882,5,6,0.8,0.6666666666666666,2,2,1.0,1.0
percent,barcode20,2pct,2.0,206,10087,1160,0.6949252932294883,0.832702064079344,0.9461611259123837,0.0362252925281587,0.05564692441691393,-0.01942163188875523,0.009327063301188043,0.012634375980754585,-0.0033073126795665417,0.0036914228187793978,130,148,0.5538461538461539,0.4864864864864865,38,23,0.23684210526315788,0.391304347826087,5,4,0.6,0.75,2,2,1.0,1.0
percent,barcode20,40pct,40.0,4039,10087,1168,0.9812693018504587,0.9909104619376168,0.9969855704840883,0.054028454381095076,0.05533276094938173,-0.001304306568286652,0.012386237595856798,0.012564303858652473,-0.00017806626279567514,0.0006831013375729813,130,123,0.8769230769230769,0.926829268292683,38,39,0.9473684210526315,0.9230769230769231,5,5,0.8,0.8,2,2,1.0,1.0
percent,barcode20,5pct,5.0,506,10087,1168,0.8224361906809939,0.8602406709123336,0.9409913367594772,0.04532099242149528,0.05533276094938173,-0.010011768527886447,0.011198024939737549,0.012564303858652473,-0.0013662789189149236,0.002432703660496238,130,130,0.7846153846153846,0.7846153846153846,38,18,0.3684210526315789,0.7777777777777778,5,8,1.0,0.625,2,2,1.0,1.0
percent,barcode21,0p5pct,0.5,169,32745,1128,0.9321568659137723,0.9675060438316164,0.9835095240686265,0.07928083743128009,0.08777483152059179,-0.008493994089311702,0.024278388457731497,0.024420827078722215,-0.00014243862099071886,0.004668527799453117,209,293,0.8277511961722488,0.590443686006826,129,138,0.8449612403100775,0.7898550724637681,39,36,0.7948717948717948,0.8611111111111112,14,12,0.8571428571428571,1.0
percent,barcode21,10pct,10.0,3304,32745,1128,0.9953988462940527,0.9980531995490842,0.9989209050956682,0.08626910511484506,0.08777483152059179,-0.0015057264057467268,0.024039136438134687,0.024420827078722215,-0.00038169064058752797,0.0010778882777466062,209,208,0.9521531100478469,0.9567307692307693,129,124,0.937984496124031,0.9758064516129032,39,37,0.9487179487179487,1.0,14,13,0.9285714285714286,1.0
percent,barcode21,1pct,1.0,322,32745,1128,0.9601369671869423,0.9820201686552097,0.9913393611807678,0.08767874255925101,0.08777483152059179,-9.608896134077893e-05,0.026027742997710265,0.024420827078722215,0.0016069159189880493,0.0035197796828880675,209,262,0.8899521531100478,0.7099236641221374,129,144,0.9069767441860465,0.8125,39,46,0.9743589743589743,0.8260869565217391,14,13,0.9285714285714286,1.0
percent,barcode21,20pct,20.0,6656,32745,1128,0.9981825747483166,0.9992453417644824,0.9995684625061642,0.08716351460629414,0.08777483152059179,-0.0006113169142976521,0.02428645563541449,0.024420827078722215,-0.00013437144330772505,0.0007019651900974952,209,212,0.9856459330143541,0.9716981132075472,129,126,0.9612403100775194,0.9841269841269841,39,36,0.9230769230769231,1.0,14,14,1.0,1.0
percent,barcode21,2pct,2.0,651,32745,1128,0.9802123861175557,0.9919194174659992,0.9953838381524055,0.08257473498414514,0.08777483152059179,-0.005200096536446652,0.023641310972112504,0.024420827078722215,-0.0007795161066097116,0.002287014467512702,209,225,0.9234449760765551,0.8577777777777778,129,124,0.8914728682170543,0.9274193548387096,39,35,0.8974358974358975,1.0,14,13,0.9285714285714286,1.0
percent,barcode21,40pct,40.0,13159,32745,1128,0.9993907559980674,0.9997558449583499,0.99984840223206,0.08746646316189728,0.08777483152059179,-0.00030836835869450796,0.024337046810206722,0.024420827078722215,-8.378026851549314e-05,0.0004091684208339982,209,208,0.9904306220095693,0.9951923076923077,129,125,0.9612403100775194,0.992,39,38,0.9487179487179487,0.9736842105263158,14,14,1.0,1.0
percent,barcode21,5pct,5.0,1668,32745,1128,0.9918494350844224,0.9965959054957115,0.9983434640478258,0.08521120408073646,0.08777483152059179,-0.0025636274398553316,0.023891403722349696,0.024420827078722215,-0.0005294233563725194,0.0014479027919031974,209,215,0.9473684210526315,0.9209302325581395,129,120,0.8914728682170543,0.9583333333333334,39,40,0.9743589743589743,0.95,14,14,1.0,1.0
percent,barcode29,0p5pct,0.5,47,9224,1136,0.8916658110659934,0.9428456378894069,0.9635379020397725,0.06438033351059065,0.08983135675888673,-0.02545102324829608,0.023232121962464793,0.025755520365981565,-0.0025233984035167717,0.007289636969169205,202,270,0.7227722772277227,0.5407407407407407,112,270,0.875,0.362962962962963,46,55,0.8913043478260869,0.7454545454545455,19,17,0.8421052631578947,0.9411764705882353
percent,barcode29,10pct,10.0,932,9224,1157,0.9838026647980463,0.9919194438122225,0.995907340748454,0.09035785438299217,0.08914225150602055,0.0012156028769716165,0.02683857029840284,0.02551981099417336,0.001318759304229481,0.002296508667490971,205,251,0.9560975609756097,0.7808764940239044,113,128,0.9292035398230089,0.8203125,46,54,1.0,0.8518518518518519,19,21,1.0,0.9047619047619048
percent,barcode29,1pct,1.0,105,9224,1157,0.9225458727694013,0.9571849164978449,0.9748890112942147,0.084171486588305,0.08914225150602055,-0.004970764917715545,0.028163786244432065,0.02551981099417336,0.002643975250258706,0.006525750080156148,205,426,0.8975609756097561,0.431924882629108,113,198,0.8849557522123894,0.5050505050505051,46,75,1.0,0.6133333333333333,19,21,1.0,0.9047619047619048
percent,barcode29,20pct,20.0,1858,9224,1157,0.9931182994543881,0.9970517157446546,0.9985285867567663,0.0891582292574959,0.08914225150602055,1.5977751475354518e-05,0.025975134948622604,0.02551981099417336,0.00045532395444924587,0.0013889227254036466,205,232,0.9707317073170731,0.8577586206896551,113,116,0.9380530973451328,0.9137931034482759,46,51,1.0,0.9019607843137255,19,19,0.9473684210526315,0.9473684210526315
percent,barcode29,2pct,2.0,199,9224,1157,0.9500689761115615,0.9760923836974221,0.9879452290024915,0.08569931822227539,0.08914225150602055,-0.0034429332837451615,0.026950895137751837,0.02551981099417336,0.001431084143578478,0.004408715265064436,205,330,0.9121951219512195,0.5666666666666667,113,136,0.8938053097345132,0.7426470588235294,46,58,0.9565217391304348,0.7586206896551724,19,19,0.9473684210526315,0.9473684210526315
percent,barcode29,40pct,40.0,3732,9224,1157,0.9977047261649195,0.9990579315774809,0.9994578719587416,0.09072150344674407,0.08914225150602055,0.0015792519407235167,0.026242358722556678,0.02551981099417336,0.0007225477283833194,0.0009074837671911902,205,224,0.975609756097561,0.8928571428571429,113,123,0.9911504424778761,0.9105691056910569,46,51,1.0,0.9019607843137255,19,19,1.0,1.0
percent,barcode29,5pct,5.0,471,9224,1157,0.97119010065556,0.9868705080818602,0.9936645090940242,0.08697314158390507,0.08914225150602055,-0.0021691099221154836,0.02629910777753974,0.02551981099417336,0.000779296783366381,0.003048623877010559,205,244,0.8780487804878049,0.7377049180327869,113,123,0.8672566371681416,0.7967479674796748,46,56,1.0,0.8214285714285714,19,19,0.9473684210526315,0.9473684210526315
percent,barcode30,0p5pct,0.5,189,37012,1128,0.9331443572392853,0.9641233697423388,0.9812314606952182,0.08438858676123875,0.08710217720145334,-0.002713590440214589,0.025243479330614833,0.023530174563217775,0.001713304767397058,0.00461863950167857,223,317,0.8699551569506726,0.61198738170347,112,145,0.9107142857142857,0.7034482758620689,28,45,0.9642857142857143,0.6,10,11,1.0,0.9090909090909091
percent,barcode30,10pct,10.0,3666,37012,1286,0.9732753929524525,0.9828974307805074,0.9925417006844612,0.09582996469905312,0.09413079190953842,0.0016991727895147024,0.026997473517178478,0.025703219638622866,0.0012942538785556124,0.0020288257837241435,282,313,0.950354609929078,0.8562300319488818,155,172,0.967741935483871,0.872093023255814,43,50,0.9069767441860465,0.78,10,11,1.0,0.9090909090909091
percent,barcode30,1pct,1.0,367,37012,1284,0.8145728885428939,0.764748823708443,0.8600316998945776,0.09033247932453177,0.09427741308073707,-0.003944933756205304,0.03007941469647318,0.02574325580628427,0.004336158890188908,0.0072175792184612595,282,283,0.7801418439716312,0.7773851590106007,155,155,0.8064516129032258,0.8064516129032258,43,64,0.8837209302325582,0.59375,10,28,1.0,0.35714285714285715
percent,barcode30,20pct,20.0,7265,37012,1286,0.9821258781884952,0.9893265528265994,0.9952417990236361,0.09252253154418628,0.09413079190953842,-0.0016082603653521377,0.02547973392922125,0.025703219638622866,-0.00022348570940161627,0.0013892784464812837,282,294,0.950354609929078,0.9115646258503401,155,157,0.9612903225806452,0.9490445859872612,43,39,0.8604651162790697,0.9487179487179487,10,10,1.0,1.0
percent,barcode30,2pct,2.0,755,37012,1284,0.8632791215912169,0.8618653638096382,0.926739873535893,0.08981541168094731,0.09427741308073707,-0.004462001399789764,0.027679119752584767,0.02574325580628427,0.0019358639463004958,0.005110422465743664,282,273,0.7907801418439716,0.8168498168498168,155,154,0.8129032258064516,0.8181818181818182,43,69,0.9534883720930233,0.5942028985507246,10,11,1.0,0.9090909090909091
percent,barcode30,40pct,40.0,14781,37012,1286,0.996143649694012,0.9978041714238138,0.9988130514691796,0.09469858476530155,0.09413079190953842,0.0005677928557631245,0.025999323619750887,0.025703219638622866,0.0002961039811280215,0.0007523361502593895,282,288,0.975177304964539,0.9548611111111112,155,157,0.9870967741935484,0.9745222929936306,43,41,0.9069767441860465,0.9512195121951219,10,10,1.0,1.0
percent,barcode30,5pct,5.0,1830,37012,1286,0.9599882657269333,0.9695440912197076,0.9848898308520931,0.0968315149372208,0.09413079190953842,0.0027007230276823724,0.027910690181522334,0.025703219638622866,0.002207470542899468,0.0028029697114702154,282,305,0.9184397163120568,0.8491803278688524,155,192,0.9612903225806452,0.7760416666666666,43,64,0.9534883720930233,0.640625,10,11,1.0,0.9090909090909091
percent,barcode32,0p5pct,0.5,76,18300,1237,0.8254683664068677,0.8117729244426621,0.8430412543436271,0.0888293080068047,0.11845753866559858,-0.029628230658793872,0.03201157757287645,0.034730883271342536,-0.0027193056984660888,0.010807952083172772,359,449,0.7214484679665738,0.576837416481069,214,201,0.7336448598130841,0.7810945273631841,107,113,0.7757009345794392,0.7345132743362832,12,28,0.9166666666666666,0.39285714285714285
percent,barcode32,10pct,10.0,1858,18300,1237,0.9820689207507673,0.9885146993152679,0.9929279039548228,0.11211012177497606,0.11845753866559858,-0.006347416890622515,0.03331471144148239,0.034730883271342536,-0.0014161718298601467,0.0024451576002185674,359,368,0.9136490250696379,0.8913043478260869,214,219,0.9345794392523364,0.91324200913242,107,99,0.8878504672897196,0.9595959595959596,12,12,1.0,1.0
percent,barcode32,1pct,1.0,173,18300,1237,0.8749438529896623,0.8978071582582827,0.9273296169124665,0.09499153095962351,0.11845753866559858,-0.023466007705975067,0.03086027860098362,0.034730883271342536,-0.0038706046703589174,0.00745325769635336,359,354,0.724233983286908,0.7344632768361582,214,215,0.8037383177570093,0.8,107,103,0.7663551401869159,0.7961165048543689,12,12,0.9166666666666666,0.9166666666666666
percent,barcode32,20pct,20.0,3658,18300,1237,0.9913508691875225,0.9946254578605735,0.9965866890648146,0.11451394640551926,0.11845753866559858,-0.003943592260079315,0.033743410822422805,0.034730883271342536,-0.000987472448919731,0.0016626395216248265,359,350,0.9331476323119777,0.9571428571428572,214,215,0.9532710280373832,0.9488372093023256,107,100,0.9065420560747663,0.97,12,12,1.0,1.0
percent,barcode32,2pct,2.0,360,18300,1237,0.9313716814157864,0.9506916152193636,0.9699937160773818,0.1017156017264389,0.11845753866559858,-0.01674193693915968,0.031830882770369266,0.034730883271342536,-0.0029000005009732696,0.005285463860286175,359,335,0.766016713091922,0.8208955223880597,214,214,0.8738317757009346,0.8738317757009346,107,114,0.8317757009345794,0.7807017543859649,12,13,1.0,0.9230769230769231
percent,barcode32,40pct,40.0,7296,18300,1237,0.9964987249903954,0.9980109064777184,0.9987920953163796,0.11702210696402955,0.11845753866559858,-0.001435431701569026,0.034411842513755904,0.034730883271342536,-0.0003190407575866319,0.0009333628878567629,359,353,0.9526462395543176,0.9688385269121813,214,220,0.985981308411215,0.9590909090909091,107,103,0.9439252336448598,0.9805825242718447,12,12,1.0,1.0
percent,barcode32,5pct,5.0,904,18300,1237,0.9614296995456817,0.9784375549735315,0.987609895709701,0.10688288894006591,0.11845753866559858,-0.011574649725532668,0.03224466676170182,0.034730883271342536,-0.002486216509640718,0.003363037029044117,359,343,0.8495821727019499,0.8892128279883382,214,228,0.9158878504672897,0.8596491228070176,107,98,0.8878504672897196,0.9693877551020408,12,13,1.0,0.9230769230769231
percent,barcode33,0p5pct,0.5,204,43001,1207,0.8383717021419994,0.7332554765601126,0.7870440247297235,0.08759662965461118,0.08976093765087745,-0.002164307996266268,0.03180304378471957,0.02424165817812863,0.007561385606590941,0.00889041349706584,256,350,0.828125,0.6057142857142858,135,168,0.8296296296296296,0.6666666666666666,37,60,0.9459459459459459,0.5833333333333334,10,27,0.9,0.3333333333333333
percent,barcode33,10pct,10.0,4367,43001,1296,0.97514330317427,0.9830940615710605,0.9902483688452306,0.09337094903921374,0.09221699698338724,0.001153952055826496,0.026598313460522084,0.025260914999767528,0.001337398460754556,0.0021483893341622375,283,318,0.9575971731448764,0.8522012578616353,153,177,0.9673202614379085,0.8361581920903954,48,56,0.9166666666666666,0.7857142857142857,10,11,1.0,0.9090909090909091
percent,barcode33,1pct,1.0,425,43001,1295,0.8417117722726146,0.7396212833636956,0.7642812413070086,0.09790155559051689,0.09205697217861496,0.00584458341190193,0.037230520022580045,0.02521077736585271,0.012019742656727336,0.010237631860528857,282,310,0.7943262411347518,0.7225806451612903,152,175,0.8618421052631579,0.7485714285714286,48,83,0.9791666666666666,0.5662650602409639,10,47,1.0,0.2127659574468085
percent,barcode33,20pct,20.0,8691,43001,1296,0.9861833669553294,0.9910677156329011,0.9952944251320918,0.09213941155377589,0.09221699698338724,-7.758542961135151e-05,0.025681189961689697,0.025260914999767528,0.00042027496192216865,0.0013608563356430306,283,295,0.9434628975265018,0.9050847457627119,153,161,0.9607843137254902,0.9130434782608695,48,48,0.8958333333333334,0.8958333333333334,10,10,1.0,1.0
percent,barcode33,2pct,2.0,832,43001,1296,0.8990177988275183,0.9109946807369351,0.9479933253961544,0.08790751366828789,0.09221699698338724,-0.004309483315099352,0.026949132887952424,0.025260914999767528,0.001688217888184896,0.0045231117783437235,283,277,0.7879858657243817,0.8050541516245487,153,163,0.8758169934640523,0.8220858895705522,48,78,0.9791666666666666,0.6025641025641025,10,16,1.0,0.625
percent,barcode33,40pct,40.0,17301,43001,1296,0.994490411512557,0.9967930618282709,0.9984381277290084,0.0908458371150187,0.09221699698338724,-0.0013711598683685405,0.02499192397770297,0.025260914999767528,-0.0002689910220645582,0.0007638681707457495,283,284,0.9575971731448764,0.954225352112676,153,151,0.9607843137254902,0.9735099337748344,48,48,0.9583333333333334,0.9583333333333334,10,10,1.0,1.0
percent,barcode33,5pct,5.0,2193,43001,1296,0.9480870570783223,0.9671738953651691,0.9832424156115119,0.08819068014503903,0.09221699698338724,-0.004026316838348212,0.0254545944160916,0.025260914999767528,0.00019367941632407112,0.0025644901664146104,283,285,0.8833922261484098,0.8771929824561403,153,175,0.954248366013072,0.8342857142857143,48,56,0.9375,0.8035714285714286,10,11,1.0,0.9090909090909091
percent,barcode34,0p5pct,0.5,76,16099,1207,0.8557123118125649,0.8847278252757393,0.9185554536563154,0.10424651472535713,0.11952227905408438,-0.015275764328727251,0.037204668917895874,0.03523479729474242,0.0019698716231534505,0.01089885751918874,347,472,0.7694524495677233,0.565677966101695,215,226,0.772093023255814,0.7345132743362832,96,133,0.8020833333333334,0.5789473684210527,15,22,1.0,0.6818181818181818
percent,barcode34,10pct,10.0,1644,16099,1210,0.9889836409376459,0.9950115777755593,0.9972346515685568,0.11548800929808707,0.11922594282502466,-0.0037379335269375896,0.03477282643265537,0.03514743829318521,-0.00037461186052983875,0.0019741235099170976,347,348,0.9106628242074928,0.9080459770114943,215,221,0.9720930232558139,0.9457013574660633,96,99,0.9375,0.9090909090909091,15,15,1.0,1.0
percent,barcode34,1pct,1.0,157,16099,1210,0.9249952319137922,0.9454163690100594,0.9597546138312636,0.12097941154335573,0.11922594282502466,0.0017534687183310693,0.04104738223910105,0.03514743829318521,0.005899943945915843,0.008904813891811273,347,368,0.8126801152737753,0.7663043478260869,215,261,0.9162790697674419,0.7547892720306514,96,149,0.9270833333333334,0.5973154362416108,15,19,1.0,0.7894736842105263
percent,barcode34,20pct,20.0,3229,16099,1210,0.993495178423661,0.9966769013728101,0.9972393919868362,0.11418466099189427,0.11922594282502466,-0.005041281833130393,0.0338486355172625,0.03514743829318521,-0.0012988027759227097,0.0016399216506300693,347,339,0.9221902017291066,0.943952802359882,215,211,0.9627906976744186,0.981042654028436,96,97,0.96875,0.9587628865979382,15,15,1.0,1.0
percent,barcode34,2pct,2.0,336,16099,1210,0.9477043765044564,0.9620554376099671,0.9675735450282026,0.11542360915332762,0.11922594282502466,-0.0038023336716970363,0.03737315910799041,0.03514743829318521,0.002225720814805203,0.0058661077646837406,347,371,0.8587896253602305,0.8032345013477089,215,252,0.9441860465116279,0.8055555555555556,96,116,0.9479166666666666,0.7844827586206896,15,18,1.0,0.8333333333333334
percent,barcode34,40pct,40.0,6408,16099,1210,0.9974532164951887,0.9985701666721672,0.9990864448310587,0.11465438932127411,0.11922594282502466,-0.004571553503750547,0.033780718692238115,0.03514743829318521,-0.001366719600947093,0.0011532170481663028,347,339,0.9510086455331412,0.9734513274336283,215,205,0.9488372093023256,0.9951219512195122,96,93,0.9583333333333334,0.989247311827957,15,15,1.0,1.0
percent,barcode34,5pct,5.0,816,16099,1210,0.9782100269472855,0.9883314604048029,0.9920053667895735,0.11517414045371112,0.11922594282502466,-0.004051802371313543,0.035495809004613355,0.03514743829318521,0.0003483707114281462,0.0031776788992771113,347,366,0.8904899135446686,0.8442622950819673,215,230,0.958139534883721,0.8956521739130435,96,105,0.9270833333333334,0.8476190476190476,15,16,1.0,0.9375
percent,barcode35,0p5pct,0.5,139,26415,1126,0.8944108370635492,0.9320323346301953,0.9527861309141329,0.07077919692037207,0.09484346833733406,-0.02406427141696199,0.021923949000496115,0.026483002195412286,-0.00455905319491617,0.006273318410279843,231,214,0.683982683982684,0.7383177570093458,143,120,0.6713286713286714,0.8,62,40,0.5806451612903226,0.9,11,13,1.0,0.8461538461538461
percent,barcode35,10pct,10.0,2702,26415,1165,0.9888825027809892,0.9951099962318338,0.9970392565519824,0.09227586952474977,0.09418805545059854,-0.0019121859258487695,0.026086243558267577,0.026198423400935925,-0.00011217984266834874,0.001299497020940048,240,246,0.9458333333333333,0.9227642276422764,147,151,0.9795918367346939,0.9536423841059603,62,66,0.967741935483871,0.9090909090909091,11,11,1.0,1.0
percent,barcode35,1pct,1.0,270,26415,1157,0.9327315159499806,0.958884823462715,0.970220521722769,0.07497700923110594,0.09474520839297505,-0.019768199161869116,0.02218292253758535,0.026358104287625903,-0.004175181750040554,0.004679550260097796,240,235,0.7708333333333334,0.7872340425531915,147,117,0.7551020408163265,0.9487179487179487,62,39,0.5967741935483871,0.9487179487179487,11,11,0.9090909090909091,0.9090909090909091
percent,barcode35,20pct,20.0,5340,26415,1165,0.9937559750591178,0.9972500573921648,0.9984685301626495,0.09239626358910463,0.09418805545059854,-0.001791791861493905,0.025853216557522846,0.026198423400935925,-0.00034520684341307964,0.0009198469046672089,240,246,0.9583333333333334,0.9349593495934959,147,145,0.9659863945578231,0.9793103448275862,62,60,0.9193548387096774,0.95,11,11,1.0,1.0
percent,barcode35,2pct,2.0,536,26415,1165,0.9603492737383632,0.9772141902994811,0.9877962249164622,0.0858459690762753,0.09418805545059854,-0.008342086374323238,0.024829128354807124,0.026198423400935925,-0.0013692950461288017,0.003070930847159983,240,263,0.8583333333333333,0.7832699619771863,147,131,0.8571428571428571,0.9618320610687023,62,47,0.6935483870967742,0.9148936170212766,11,11,1.0,1.0
percent,barcode35,40pct,40.0,10581,26415,1165,0.9975081862286743,0.9989090563844949,0.9994629006268012,0.09390263068583812,0.09418805545059854,-0.0002854247647604141,0.026202087544152864,0.026198423400935925,3.6641432169387533e-06,0.0005728809112638808,240,244,0.975,0.9590163934426229,147,148,0.9795918367346939,0.972972972972973,62,63,0.9838709677419355,0.9682539682539683,11,11,1.0,1.0
percent,barcode35,5pct,5.0,1335,26415,1165,0.9815739223140165,0.991568594240742,0.9946697792442234,0.0896166281176145,0.09418805545059854,-0.004571427332984032,0.025358454652077603,0.026198423400935925,-0.0008399687488583225,0.0018848567006175267,240,241,0.9083333333333333,0.9045643153526971,147,142,0.9387755102040817,0.971830985915493,62,52,0.7741935483870968,0.9230769230769231,11,11,1.0,1.0
percent,barcode36,0p5pct,0.5,113,23505,1128,0.8934365526482202,0.9311976576084401,0.9586294633223854,0.08305242456216547,0.09463092136191677,-0.0115784967997513,0.02539308553878371,0.02562845663058946,-0.0002353710918057486,0.005809796302426446,232,298,0.7931034482758621,0.6174496644295302,136,146,0.8161764705882353,0.7602739726027398,57,54,0.8070175438596491,0.8518518518518519,6,6,1.0,1.0
percent,barcode36,10pct,10.0,2280,23505,1294,0.9627885586421696,0.9761903191654856,0.9853861097005606,0.09591266264511114,0.1015155617577581,-0.005602899112646956,0.026984476763398196,0.02781876306542523,-0.0008342863020270354,0.002351466971718037,302,335,0.9205298013245033,0.8298507462686567,175,197,0.9428571428571428,0.8375634517766497,72,68,0.875,0.9264705882352942,7,7,1.0,1.0
percent,barcode36,1pct,1.0,228,23505,1293,0.8121256691158815,0.8723702191899401,0.9257449801134787,0.07159946868755547,0.10134207650770098,-0.02974260782014551,0.021302585893983254,0.02776715703764911,-0.006464571143665856,0.005997026417838524,301,266,0.6312292358803987,0.7142857142857143,174,139,0.6494252873563219,0.8129496402877698,72,50,0.6527777777777778,0.94,7,9,1.0,0.7777777777777778
percent,barcode36,20pct,20.0,4625,23505,1294,0.982888085204344,0.9897504081448314,0.9942030294240671,0.09867862239341664,0.1015155617577581,-0.0028369393643414564,0.027437573716729082,0.02781876306542523,-0.00038118934869614887,0.0014791006186900527,302,331,0.9602649006622517,0.8761329305135952,175,183,0.9371428571428572,0.8961748633879781,72,75,0.9444444444444444,0.9066666666666666,7,7,1.0,1.0
percent,barcode36,2pct,2.0,455,23505,1294,0.8848940603080705,0.91458754674719,0.9423810022046798,0.08775722606766086,0.1015155617577581,-0.01375833569009724,0.026019304845582927,0.02781876306542523,-0.0017994582198423044,0.004821730114243975,302,321,0.8013245033112583,0.7538940809968847,175,183,0.8285714285714286,0.7923497267759563,72,87,0.8472222222222222,0.7011494252873564,7,7,0.8571428571428571,0.8571428571428571
percent,barcode36,40pct,40.0,9326,23505,1294,0.9927353344537628,0.9949815184276671,0.9965402153256862,0.09891239098104256,0.1015155617577581,-0.002603170776715541,0.02715947805956879,0.02781876306542523,-0.0006592850058564394,0.0009849680643674334,302,306,0.956953642384106,0.9444444444444444,175,173,0.9485714285714286,0.9595375722543352,72,68,0.9027777777777778,0.9558823529411765,7,7,1.0,1.0
percent,barcode36,5pct,5.0,1144,23505,1294,0.9307295692298323,0.9509118538456206,0.9710848890139578,0.09073195410941813,0.1015155617577581,-0.010783607648339966,0.026138832223505125,0.02781876306542523,-0.0016799308419201062,0.003460369765381843,302,300,0.8609271523178808,0.8666666666666667,175,188,0.8857142857142857,0.824468085106383,72,82,0.875,0.7682926829268293,7,8,1.0,0.875
percent,barcode37,0p5pct,0.5,209,41249,1092,0.7830995021582091,0.8874731424551374,0.9454080308441486,0.044828586519761064,0.06133991645643145,-0.016511329936670385,0.0113060869533463,0.013996605559647156,-0.002690518606300856,0.0037201773734064007,130,181,0.6307692307692307,0.4530386740331492,54,38,0.4074074074074074,0.5789473684210527,2,2,1.0,1.0,2,2,1.0,1.0
percent,barcode37,10pct,10.0,4087,41249,1175,0.9228445180048266,0.9489777829590845,0.9776850443065505,0.061680479181671875,0.06514649107308336,-0.0034660118914114843,0.01473371323087074,0.015340044896768467,-0.0006063316658977275,0.001361418511835521,153,153,0.869281045751634,0.869281045751634,65,74,0.9076923076923077,0.7972972972972973,6,7,1.0,0.8571428571428571,2,2,1.0,1.0
percent,barcode37,1pct,1.0,393,41249,1168,0.6470353385732499,0.7367153309563187,0.8554883924223784,0.044885457340412216,0.06544335727414088,-0.02055789993372867,0.010710890039369168,0.015407163738404601,-0.004696273699035433,0.0036389152320165084,152,125,0.5592105263157895,0.68,65,15,0.18461538461538463,0.8,6,2,0.3333333333333333,1.0,2,2,1.0,1.0
percent,barcode37,20pct,20.0,8255,41249,1175,0.9764135578438817,0.9871142470451337,0.9943804446621102,0.06439590546330919,0.06514649107308336,-0.0007505856097741737,0.015296109306338202,0.015340044896768467,-4.39355904302656e-05,0.0007874388743286443,153,159,0.934640522875817,0.89937106918239,65,73,1.0,0.8904109589041096,6,7,1.0,0.8571428571428571,2,2,1.0,1.0
percent,barcode37,2pct,2.0,791,41249,1168,0.7597467936223087,0.8117882625492375,0.8960480822170377,0.05175491527667009,0.06544335727414088,-0.013688441997470796,0.012423360393583405,0.015407163738404601,-0.002983803344821196,0.0029597955115355633,152,111,0.631578947368421,0.8648648648648649,65,32,0.4307692307692308,0.875,6,7,0.8333333333333334,0.7142857142857143,2,3,1.0,0.6666666666666666
percent,barcode37,40pct,40.0,16614,41249,1175,0.9872221574089872,0.991345851666971,0.9956013810283498,0.06492872178858035,0.06514649107308336,-0.00021776928450301103,0.015317993485165528,0.015340044896768467,-2.2051411602939594e-05,0.0005564800052911511,153,152,0.9411764705882353,0.9473684210526315,65,66,0.9846153846153847,0.9696969696969697,6,7,1.0,0.8571428571428571,2,2,1.0,1.0
percent,barcode37,5pct,5.0,2043,41249,1169,0.902607032480567,0.9432028292323944,0.9723448352924204,0.059440420040849345,0.065387374932589,-0.005946954891739659,0.01427383959578039,0.015393983957618968,-0.0011201443618385782,0.0015902717237051805,152,144,0.868421052631579,0.9166666666666666,65,67,0.8769230769230769,0.8507462686567164,6,10,0.8333333333333334,0.5,2,2,1.0,1.0
percent,barcode43,0p5pct,0.5,95,20986,1131,0.8713720338670212,0.8755552133597106,0.8700687769233069,0.10027702983293198,0.10654235598383437,-0.006265326150902389,0.03370487676530274,0.030995023554709712,0.0027098532105930273,0.008971480588039718,277,487,0.9169675090252708,0.5215605749486653,188,246,0.8617021276595744,0.6585365853658537,90,113,0.8888888888888888,0.7079646017699115,10,9,0.6,0.6666666666666666
percent,barcode43,10pct,10.0,2080,20986,1184,0.9841070165128647,0.987806890421078,0.9809631485937761,0.1053223329772409,0.10797348209942802,-0.002651149122187113,0.03171799473317843,0.031823738151041274,-0.00010574341786284691,0.002336514773987537,289,286,0.9342560553633218,0.9440559440559441,196,203,0.9438775510204082,0.9113300492610837,95,100,0.9789473684210527,0.93,13,13,0.9230769230769231,0.9230769230769231
percent,barcode43,1pct,1.0,199,20986,1178,0.9434496634654554,0.9584447782938278,0.9593070114293794,0.09070969384795696,0.10750392341131845,-0.01679422956336149,0.02961491372493855,0.03170002470201412,-0.002085110977075571,0.005379440711844014,286,355,0.8951048951048951,0.7211267605633803,194,203,0.8762886597938144,0.8374384236453202,94,91,0.8617021276595744,0.8901098901098901,13,15,0.9230769230769231,0.8
percent,barcode43,20pct,20.0,4134,20986,1184,0.9936824661424148,0.996408045525306,0.9936220902849363,0.10558995967146109,0.10797348209942802,-0.002383522427966925,0.03136138588666543,0.031823738151041274,-0.0004623522643758468,0.0014871398183957571,289,291,0.9446366782006921,0.9381443298969072,196,202,0.9591836734693877,0.9306930693069307,95,94,0.9894736842105263,1.0,13,13,0.9230769230769231,0.9230769230769231
percent,barcode43,2pct,2.0,381,20986,1181,0.9597689983172977,0.9701890535648395,0.9806787156020523,0.09086865572429835,0.10776469264826526,-0.016896036923966906,0.028727786935038333,0.031778029999876674,-0.0030502430648383407,0.004058412190010572,287,289,0.8780487804878049,0.8719723183391004,195,176,0.841025641025641,0.9318181818181818,95,89,0.8736842105263158,0.9325842696629213,13,15,0.9230769230769231,0.8
percent,barcode43,40pct,40.0,8252,20986,1184,0.997080027872581,0.9979201054025465,0.9945509957658768,0.10669225840949045,0.10797348209942802,-0.0012812236899375634,0.031631677406348785,0.031823738151041274,-0.00019206074469248907,0.001115197270627567,289,292,0.9550173010380623,0.9452054794520548,196,197,0.9744897959183674,0.9695431472081218,95,94,0.968421052631579,0.9787234042553191,13,12,0.9230769230769231,1.0
percent,barcode43,5pct,5.0,1016,20986,1184,0.9627767557260845,0.9675247161374826,0.9788314285168348,0.09631622145235158,0.10797348209942802,-0.011657260647076437,0.029404545656952177,0.031823738151041274,-0.0024191924940890966,0.0032936580560595746,289,274,0.8650519031141869,0.9124087591240876,196,182,0.8826530612244898,0.9505494505494505,95,89,0.8842105263157894,0.9438202247191011,13,14,1.0,0.9285714285714286
percent,barcode44,0p5pct,0.5,135,26956,1128,0.860583702338444,0.8791706074109455,0.908037745624751,0.06234510854631812,0.07011910148232658,-0.007773992936008466,0.018476687488767535,0.017196820929272185,0.0012798665594953504,0.005032258970272002,168,218,0.8273809523809523,0.6376146788990825,91,126,0.945054945054945,0.6825396825396826,10,29,0.9,0.3103448275862069,4,5,1.0,0.8
percent,barcode44,10pct,10.0,2719,26956,1129,0.986173432658278,0.990816191918585,0.994009986759711,0.07304323465897275,0.07005699421794898,0.002986240441023774,0.01854905023174196,0.01718158902410897,0.001367461207632991,0.0013912126314041277,168,192,0.9761904761904762,0.8541666666666666,91,101,1.0,0.900990099009901,10,18,1.0,0.5555555555555556,4,4,1.0,1.0
percent,barcode44,1pct,1.0,258,26956,1128,0.9019301540011502,0.9348574975029214,0.9632218265478746,0.06307565302315746,0.07011910148232658,-0.007043448459169127,0.01753574510066352,0.017196820929272185,0.000338924171391336,0.003581748247169329,168,208,0.8214285714285714,0.6634615384615384,91,108,0.9120879120879121,0.7685185185185185,10,19,1.0,0.5263157894736842,4,4,1.0,1.0
percent,barcode44,20pct,20.0,5414,26956,1129,0.9945308578052297,0.996646873006211,0.9979746193694686,0.07217837052445197,0.07005699421794898,0.002121376306502998,0.018029252631247498,0.01718158902410897,0.0008476636071385289,0.000851437391290871,168,179,0.9761904761904762,0.9162011173184358,91,97,0.989010989010989,0.9278350515463918,10,14,1.0,0.7142857142857143,4,4,1.0,1.0
percent,barcode44,2pct,2.0,537,26956,1129,0.9467731257236982,0.9660759570452667,0.9787138821369412,0.0671011089300754,0.07005699421794898,-0.0029558852878735775,0.017789267766470305,0.01718158902410897,0.000607678742361336,0.0024970676851198605,168,202,0.8928571428571429,0.7425742574257426,91,105,0.9560439560439561,0.8285714285714286,10,15,0.9,0.6,4,4,1.0,1.0
percent,barcode44,40pct,40.0,10925,26956,1129,0.9977453045849086,0.9988387232939153,0.9994100838230835,0.07143382792362162,0.07005699421794898,0.0013768337056726393,0.017670011068342904,0.01718158902410897,0.0004884220442339347,0.0005015261436901615,168,172,0.9821428571428571,0.9593023255813954,91,95,1.0,0.9578947368421052,10,13,1.0,0.7692307692307693,4,4,1.0,1.0
percent,barcode44,5pct,5.0,1321,26956,1129,0.9752650667799163,0.9874979580292936,0.9928861259310567,0.0670848565557601,0.07005699421794898,-0.002972137662188873,0.01704969001647598,0.01718158902410897,-0.00013189900763298928,0.001519558675594127,168,189,0.9285714285714286,0.8253968253968254,91,94,0.945054945054945,0.9148936170212766,10,12,1.0,0.8333333333333334,4,4,1.0,1.0
percent,barcode45,0p5pct,0.5,144,26131,1136,0.9015138662264818,0.9443388999499889,0.9640646250633561,0.07537513770294237,0.09382064893333639,-0.01844551123039402,0.02343732885080374,0.02632743294405091,-0.0028901040932471714,0.005990519751999482,246,247,0.7195121951219512,0.7165991902834008,139,142,0.6834532374100719,0.6690140845070423,53,41,0.6981132075471698,0.9024390243902439,13,13,0.7692307692307693,0.7692307692307693
percent,barcode45,10pct,10.0,2671,26131,1159,0.9836539119310859,0.9860636269365985,0.9917809798915691,0.09151886906613481,0.0929907427759012,-0.001471873709766397,0.026039265052208747,0.026058789742594145,-1.9524690385398086e-05,0.0014360120062985406,252,254,0.9444444444444444,0.937007874015748,139,140,0.935251798561151,0.9285714285714286,53,55,0.9811320754716981,0.9454545454545454,13,15,1.0,0.8666666666666667
percent,barcode45,1pct,1.0,286,26131,1136,0.9529145013036924,0.9753810641111575,0.981849905806117,0.08104313474762437,0.09382064893333639,-0.012777514185712019,0.024300904241937538,0.02632743294405091,-0.002026528702113374,0.004118128275829901,246,273,0.8455284552845529,0.7619047619047619,139,137,0.8129496402877698,0.8248175182481752,53,43,0.7547169811320755,0.9302325581395349,13,14,0.8461538461538461,0.7857142857142857
percent,barcode45,20pct,20.0,5292,26131,1159,0.9928897199531658,0.9962801674864301,0.9978961064536567,0.09249471156659263,0.0929907427759012,-0.0004960312093085784,0.026202577986100803,0.026058789742594145,0.00014378824350665814,0.0009738049238813525,252,256,0.9603174603174603,0.9453125,139,142,0.9856115107913669,0.9647887323943662,53,53,1.0,1.0,13,15,1.0,0.8666666666666667
percent,barcode45,2pct,2.0,540,26131,1148,0.9706934470678751,0.9859085560980195,0.9896563102078412,0.08660634257235514,0.09365752750537149,-0.007051184933016347,0.025393966714247436,0.026255644287701125,-0.000861677573453689,0.0029890710788025854,252,272,0.876984126984127,0.8125,139,135,0.8776978417266187,0.9037037037037037,53,52,0.8679245283018868,0.8846153846153846,13,14,0.9230769230769231,0.8571428571428571
percent,barcode45,40pct,40.0,10514,26131,1159,0.9967967481711173,0.9986921273394971,0.9993960952879403,0.09191002655354076,0.0929907427759012,-0.001080716222360445,0.025818651332904393,0.026058789742594145,-0.00024013840968975173,0.0005765788865317829,252,257,0.9722222222222222,0.953307392996109,139,134,0.9568345323741008,0.9925373134328358,53,53,1.0,1.0,13,14,1.0,0.9285714285714286
percent,barcode45,5pct,5.0,1335,26131,1159,0.9845339895370152,0.9928569611874344,0.9956301621362329,0.09023207673740284,0.0929907427759012,-0.002758666038498364,0.025715753408101102,0.026058789742594145,-0.00034303633449304233,0.0019281709582401171,252,256,0.9087301587301587,0.89453125,139,139,0.9280575539568345,0.9280575539568345,53,53,0.9433962264150944,0.9433962264150944,13,13,0.8461538461538461,0.8461538461538461
percent,barcode46,0p5pct,0.5,95,19974,1129,0.8979396986112173,0.9356819533688684,0.9489759549232247,0.08257079551542201,0.09832577127508993,-0.015754975759667916,0.026701747196496584,0.027542220429348598,-0.0008404732328520133,0.006850001330652236,255,466,0.8980392156862745,0.49141630901287553,154,190,0.8311688311688312,0.6736842105263158,62,69,0.7741935483870968,0.6956521739130435,13,13,0.9230769230769231,0.9230769230769231
percent,barcode46,10pct,10.0,2035,19974,1298,0.9734123929213506,0.9832143523988212,0.9881314881690653,0.101505587961308,0.10973211309940081,-0.008226525138092813,0.030047364223423776,0.03177648650219064,-0.0017291222787668668,0.002720845869111786,331,335,0.9093655589123867,0.8985074626865671,204,195,0.9019607843137255,0.9435897435897436,91,87,0.8681318681318682,0.9080459770114943,18,17,0.9444444444444444,1.0
percent,barcode46,1pct,1.0,201,19974,1296,0.8148492385138525,0.8222855836871478,0.8504754091401009,0.0887489105744926,0.10911471713383666,-0.020365806559344057,0.03011643118495069,0.03143806885398966,-0.001321637669038974,0.008473147341629695,330,355,0.7181818181818181,0.6676056338028169,203,201,0.7389162561576355,0.746268656716418,90,96,0.7111111111111111,0.6666666666666666,17,19,0.9411764705882353,0.8421052631578947
percent,barcode46,20pct,20.0,4012,19974,1298,0.986861099165074,0.992324963001562,0.9943969500092671,0.10737815849900183,0.10973211309940081,-0.002353954600398986,0.03147036177150845,0.03177648650219064,-0.0003061247306821932,0.0018152931923712014,331,344,0.9365558912386707,0.9011627906976745,204,207,0.9705882352941176,0.9565217391304348,91,88,0.9230769230769231,0.9545454545454546,18,17,0.9444444444444444,1.0
percent,barcode46,2pct,2.0,397,19974,1298,0.8751780805139776,0.8981499832893437,0.9270651196567439,0.09750588650179592,0.10973211309940081,-0.012226226597604889,0.03169481724306003,0.03177648650219064,-8.166925913061229e-05,0.006334707433233592,331,324,0.7734138972809668,0.7901234567901234,204,199,0.8088235294117647,0.8291457286432161,91,103,0.8021978021978022,0.7087378640776699,18,19,0.9444444444444444,0.8947368421052632
percent,barcode46,40pct,40.0,7953,19974,1298,0.9949243551542005,0.9972483179592464,0.9979473849390927,0.10922627805530552,0.10973211309940081,-0.000505835044095293,0.031828603851656,0.03177648650219064,5.211734946535679e-05,0.001067732822081119,331,334,0.9667673716012085,0.9580838323353293,204,205,0.9852941176470589,0.9804878048780488,91,93,0.989010989010989,0.967741935483871,18,16,0.8888888888888888,1.0
percent,barcode46,5pct,5.0,1027,19974,1298,0.9510940297562305,0.9653888264409047,0.9770351342514672,0.10330827628610352,0.10973211309940081,-0.006423836813297293,0.03162558757799732,0.03177648650219064,-0.00015089892419332257,0.0036944083187758054,331,340,0.8731117824773413,0.85,204,213,0.9264705882352942,0.8873239436619719,91,95,0.8791208791208791,0.8421052631578947,18,17,0.8888888888888888,0.9411764705882353
percent,barcode48,0p5pct,0.5,190,35645,1128,0.9157820117165737,0.963020433020477,0.9837912980745306,0.06080351235984076,0.07740723510108806,-0.0166037227412473,0.017667359896072484,0.020017279213263645,-0.002349919317191161,0.003970873973374747,183,237,0.8469945355191257,0.6540084388185654,96,103,0.8333333333333334,0.7766990291262136,27,16,0.5555555555555556,0.9375,7,7,1.0,1.0
percent,barcode48,10pct,10.0,3520,35645,1303,0.9340611287534649,0.942244187012828,0.9301034091903161,0.10416713042388683,0.11157208291331085,-0.0074049524894240215,0.033708797515688976,0.03409626404282675,-0.0003874665271377739,0.005436017768971182,288,271,0.84375,0.8966789667896679,179,180,0.8603351955307262,0.8555555555555555,79,85,0.8607594936708861,0.8,30,28,0.7333333333333333,0.7857142857142857
percent,barcode48,1pct,1.0,379,35645,1287,0.6824544538798304,0.6741228411532474,0.7288738411176905,0.07472464217781963,0.10807523188481259,-0.033350589706992964,0.029306093673144597,0.0323476048022909,-0.003041511129146305,0.010423859880523977,281,210,0.6120996441281139,0.819047619047619,173,105,0.5549132947976878,0.9142857142857143,74,42,0.4594594594594595,0.8095238095238095,25,34,0.68,0.5
percent,barcode48,20pct,20.0,7072,35645,1303,0.9700857579094043,0.9788580198268185,0.976506476984898,0.10616071720867847,0.11157208291331085,-0.0054113657046323815,0.03297493880657753,0.03409626404282675,-0.001121325236249221,0.0032443742402783653,288,288,0.9201388888888888,0.9201388888888888,179,199,0.9273743016759777,0.8341708542713567,79,81,0.8987341772151899,0.8765432098765432,30,24,0.8,1.0
percent,barcode48,2pct,2.0,715,35645,1292,0.7883944252953877,0.7965693704300938,0.8142003816470751,0.08432234411236939,0.11100089316702126,-0.026678549054651876,0.03042403218945944,0.03362461727896111,-0.0032005850895016653,0.008333767993716436,286,230,0.6643356643356644,0.8260869565217391,177,123,0.655367231638418,0.943089430894309,77,55,0.5844155844155844,0.8181818181818182,28,44,0.8571428571428571,0.5454545454545454
percent,barcode48,40pct,40.0,14221,35645,1303,0.9917312013735566,0.9943532736048913,0.9936332097052246,0.10909606860230521,0.11157208291331085,-0.0024760143110056365,0.033582481775859825,0.03409626404282675,-0.0005137822669669251,0.0017748894715599848,288,301,0.9618055555555556,0.920265780730897,179,177,0.9273743016759777,0.9378531073446328,79,82,0.9873417721518988,0.9512195121951219,30,27,0.8666666666666667,0.9629629629629629
percent,barcode48,5pct,5.0,1780,35645,1302,0.9116975390251393,0.9196183982790797,0.9126186239484675,0.10338098334114033,0.1116577757573303,-0.008276792416189963,0.035284052812135584,0.034122451649618475,0.001161601162517109,0.006455193027423395,288,269,0.8229166666666666,0.8810408921933085,179,168,0.8268156424581006,0.8809523809523809,79,95,0.8734177215189873,0.7263157894736842,30,31,0.7666666666666667,0.7419354838709677
percent,barcode49,0p5pct,0.5,206,43455,1220,0.8030141494040969,0.7630317314963617,0.826334815048709,0.07436659537285778,0.0875760500377151,-0.013209454664857317,0.023178640888270877,0.023875349144515834,-0.0006967082562449566,0.006327941200697802,245,332,0.7673469387755102,0.5662650602409639,127,132,0.7165354330708661,0.6893939393939394,40,47,0.825,0.7021276595744681,11,14,0.9090909090909091,0.7142857142857143
percent,barcode49,10pct,10.0,4373,43455,1222,0.9841166710250654,0.9925082047261522,0.996438167102823,0.08550428584842446,0.08743271771359445,-0.0019284318651699994,0.023682242381846682,0.023836273286668836,-0.00015403090482215415,0.0013486986052944532,245,253,0.9387755102040817,0.9090909090909091,127,132,0.9291338582677166,0.8939393939393939,40,41,0.975,0.9512195121951219,11,11,1.0,1.0
percent,barcode49,1pct,1.0,436,43455,1222,0.8446261029013873,0.8635582950530262,0.8895943761529947,0.07601848236866754,0.08743271771359445,-0.011414235344926915,0.02213827846789019,0.023836273286668836,-0.0016979948187786469,0.0044283013056968,245,243,0.7755102040816326,0.7818930041152263,127,115,0.7401574803149606,0.8173913043478261,40,41,0.825,0.8048780487804879,11,11,0.9090909090909091,0.9090909090909091
percent,barcode49,20pct,20.0,8614,43455,1222,0.9933548896226295,0.9964250065751566,0.9981053331907779,0.08756383195918663,0.08743271771359445,0.00013111424559217322,0.024073955269115425,0.023836273286668836,0.00023768198244658936,0.0009321332544360306,245,255,0.9591836734693877,0.9215686274509803,127,128,0.952755905511811,0.9453125,40,41,0.975,0.9512195121951219,11,11,1.0,1.0
percent,barcode49,2pct,2.0,873,43455,1222,0.9106327804245943,0.9478370700249761,0.9683621984498229,0.07935780251325267,0.08743271771359445,-0.008074915200341787,0.02254309026016204,0.023836273286668836,-0.0012931830265067966,0.003256325660438485,245,232,0.7959183673469388,0.8405172413793104,127,117,0.7716535433070866,0.8376068376068376,40,43,0.875,0.813953488372093,11,13,1.0,0.8461538461538461
percent,barcode49,40pct,40.0,17336,43455,1222,0.9970825775599166,0.99842522912693,0.9989321833936908,0.08764693901135753,0.08743271771359445,0.00021422129776307863,0.024042150182247524,0.023836273286668836,0.00020587689557868827,0.0006331756238414646,245,247,0.9755102040816327,0.9676113360323887,127,127,0.952755905511811,0.952755905511811,40,42,1.0,0.9523809523809523,11,11,1.0,1.0
percent,barcode49,5pct,5.0,2191,43455,1222,0.9549793862625561,0.9748110228474904,0.9817560874938659,0.08218717953498177,0.08743271771359445,-0.005245538178612688,0.02297412576337921,0.023836273286668836,-0.0008621475232896275,0.0022793465493738964,245,232,0.8653061224489796,0.9137931034482759,127,126,0.84251968503937,0.8492063492063492,40,40,0.925,0.925,11,12,1.0,0.9166666666666666
percent,barcode50,0p5pct,0.5,177,34180,1114,0.7873443402268593,0.8025342824670394,0.8637690283141705,0.050829030658276105,0.0674396836282291,-0.01661065296995299,0.013808922118362672,0.01613778423693825,-0.0023288621185755774,0.004452340412991446,166,224,0.7590361445783133,0.5625,84,59,0.5238095238095238,0.7457627118644068,6,10,0.5,0.3,2,3,1.0,0.6666666666666666
percent,barcode50,10pct,10.0,3400,34180,1158,0.9843555180330402,0.991842652972366,0.9951178217819222,0.06452612999677472,0.06761541676430066,-0.0030892867675259422,0.01569809252505101,0.016272708024963323,-0.0005746154999123135,0.0009764681721678936,174,175,0.9367816091954023,0.9314285714285714,87,84,0.9310344827586207,0.9642857142857143,8,7,0.875,1.0,2,2,1.0,1.0
percent,barcode50,1pct,1.0,334,34180,1158,0.8693684876095938,0.8551410107784477,0.8758518337908577,0.058824896502186336,0.06761541676430066,-0.008790520262114326,0.015815974626373696,0.016272708024963323,-0.0004567333985896274,0.0034365489329928225,174,186,0.7816091954022989,0.7311827956989247,87,95,0.8275862068965517,0.7578947368421053,8,15,0.625,0.3333333333333333,2,3,1.0,0.6666666666666666
percent,barcode50,20pct,20.0,6886,34180,1158,0.9908244611206196,0.9941956463911151,0.9965734788839691,0.06717899772823631,0.06761541676430066,-0.0004364190360643533,0.01631198509240901,0.016272708024963323,3.927706744568521e-05,0.0006985513206259052,174,181,0.9712643678160919,0.9337016574585635,87,86,0.9655172413793104,0.9767441860465116,8,8,0.875,0.875,2,2,1.0,1.0
percent,barcode50,2pct,2.0,667,34180,1158,0.9219745343580829,0.9334007525786695,0.9538896112828384,0.06043409020930496,0.06761541676430066,-0.007181326554995704,0.015359799634709567,0.016272708024963323,-0.0009129083902537569,0.002341316380187835,174,188,0.8620689655172413,0.7978723404255319,87,93,0.8735632183908046,0.8172043010752689,8,8,0.5,0.5,2,2,1.0,1.0
percent,barcode50,40pct,40.0,13721,34180,1158,0.9967636795998389,0.9983467185747296,0.9990774096631042,0.06670897715721495,0.06761541676430066,-0.00090643960708571,0.01604041919519559,0.016272708024963323,-0.00023228882976773432,0.00043663424461784685,174,172,0.9597701149425287,0.9709302325581395,87,84,0.9540229885057471,0.9880952380952381,8,8,0.875,0.875,2,2,1.0,1.0
percent,barcode50,5pct,5.0,1726,34180,1158,0.9684866496379962,0.9808180919415909,0.9862567521349594,0.06117317482284258,0.06761541676430066,-0.0064422419414580795,0.014897466003855466,0.016272708024963323,-0.0013752420211078573,0.0015893302613697552,174,177,0.8620689655172413,0.847457627118644,87,83,0.9080459770114943,0.9518072289156626,8,6,0.625,0.8333333333333334,2,2,1.0,1.0
percent,barcode53,0p5pct,0.5,57,9628,1225,0.8211337867673142,0.8407235057325664,0.904028716442768,0.1103555720001338,0.1509672731680771,-0.0406117011679433,0.04114993833860583,0.04828724677555983,-0.007137308436954003,0.011990392181950665,424,416,0.6933962264150944,0.7067307692307693,267,306,0.7265917602996255,0.6339869281045751,158,145,0.7468354430379747,0.8137931034482758,23,22,0.8260869565217391,0.8636363636363636
percent,barcode53,10pct,10.0,979,9628,1228,0.9686421136771658,0.9785104376090428,0.9878144116857412,0.14327925821854107,0.15147530837313292,-0.00819605015459185,0.04668536155709787,0.04847194183415129,-0.0017865802770534178,0.003746973274945909,427,414,0.8805620608899297,0.9082125603864735,268,286,0.9365671641791045,0.8776223776223776,159,160,0.9433962264150944,0.9375,23,21,0.9130434782608695,1.0
percent,barcode53,1pct,1.0,114,9628,1228,0.8281013694046282,0.865210818344678,0.9229448046238441,0.10424971851107818,0.15147530837313292,-0.04722558986205473,0.03574834832003318,0.04847194183415129,-0.012723593514118108,0.011264106557245008,427,428,0.6885245901639344,0.6869158878504673,268,244,0.7052238805970149,0.7745901639344263,159,113,0.6792452830188679,0.9557522123893806,23,19,0.8260869565217391,1.0
percent,barcode53,20pct,20.0,1946,9628,1228,0.9853447633397786,0.9898806467813879,0.9933186575855247,0.14432890997785713,0.15147530837313292,-0.007146398395275783,0.04635852226555482,0.04847194183415129,-0.002113419568596467,0.002654786681611786,427,421,0.927400468384075,0.9406175771971497,268,271,0.9365671641791045,0.9261992619926199,159,151,0.9245283018867925,0.9735099337748344,23,21,0.9130434782608695,1.0
percent,barcode53,2pct,2.0,199,9628,1228,0.9098750753660295,0.9384362592938492,0.965329053669083,0.12356409182835498,0.15147530837313292,-0.027911216544777934,0.04207542626690154,0.04847194183415129,-0.006396515567249746,0.0072905642147755405,427,428,0.7915690866510539,0.7897196261682243,268,260,0.7985074626865671,0.823076923076923,159,149,0.8805031446540881,0.9395973154362416,23,21,0.9130434782608695,1.0
percent,barcode53,40pct,40.0,3856,9628,1228,0.9971295177226476,0.9983807114974108,0.9989148864850845,0.15082370190505912,0.15147530837313292,-0.000651606468073801,0.0484846693401196,0.04847194183415129,1.2727505968312958e-05,0.001377385508553507,427,430,0.9672131147540983,0.9604651162790697,268,272,0.9626865671641791,0.9485294117647058,159,162,0.9685534591194969,0.9506172839506173,23,23,1.0,1.0
percent,barcode53,5pct,5.0,519,9628,1228,0.943259127827826,0.9594304840527572,0.9768318222813632,0.1392879522806563,0.15147530837313292,-0.01218735609247662,0.04604427226606201,0.04847194183415129,-0.0024276695680892774,0.005128057429745647,427,425,0.8665105386416861,0.8705882352941177,268,280,0.8992537313432836,0.8607142857142858,159,155,0.8867924528301887,0.9096774193548387,23,21,0.9130434782608695,1.0
percent,barcode54,0p5pct,0.5,109,22851,1128,0.8740695744316508,0.8934691240298087,0.9169422035467693,0.09384379739967384,0.09838720957430033,-0.0045434121746264905,0.030532721811096283,0.02682434058113558,0.0037083812299607034,0.007894555530025124,275,474,0.8545454545454545,0.4957805907172996,164,238,0.8963414634146342,0.6176470588235294,64,112,0.9375,0.5357142857142857,6,5,0.8333333333333334,1.0
percent,barcode54,10pct,10.0,2323,22851,1160,0.986915917080049,0.9925468415840403,0.9953907702882705,0.09625251966680466,0.09715733447034565,-0.0009048148035409875,0.026533962110446084,0.02645273603421419,8.122607623189254e-05,0.0014881762210851783,280,285,0.925,0.9087719298245615,165,166,0.9696969696969697,0.963855421686747,64,67,0.96875,0.9253731343283582,6,6,1.0,1.0
percent,barcode54,1pct,1.0,223,22851,1130,0.9212239416709732,0.9484753124043295,0.9644102994405658,0.0884815142085117,0.09833594547784923,-0.009854431269337521,0.02636578139869806,0.0268031721186644,-0.0004373907199663428,0.00497575620807959,275,362,0.8436363636363636,0.6408839779005525,164,193,0.8780487804878049,0.7461139896373057,64,68,0.875,0.8235294117647058,6,6,1.0,1.0
percent,barcode54,20pct,20.0,4603,22851,1160,0.992368214728202,0.9955788947323325,0.9970863568013767,0.09435105569578933,0.09715733447034565,-0.0028062787745563172,0.02572755117492275,0.02645273603421419,-0.0007251848592914403,0.0011213327534265582,280,270,0.9285714285714286,0.9629629629629629,165,168,0.9757575757575757,0.9583333333333334,64,64,0.984375,0.984375,6,6,1.0,1.0
percent,barcode54,2pct,2.0,436,22851,1137,0.9552576873352692,0.9658581960277057,0.9736701024131272,0.09749037521937191,0.0980298796682136,-0.0005395044488416822,0.02809392676045469,0.02670904748204212,0.0013848792784125694,0.003642345220035975,277,321,0.9025270758122743,0.778816199376947,164,183,0.9146341463414634,0.819672131147541,64,69,0.90625,0.8405797101449275,6,7,1.0,0.8571428571428571
percent,barcode54,40pct,40.0,9174,22851,1160,0.9956723861807616,0.997563164594654,0.9985740899406653,0.09448160749481924,0.09715733447034565,-0.002675726975526413,0.02564701950825635,0.02645273603421419,-0.0008057165259578412,0.0008128470209536997,280,271,0.9464285714285714,0.977859778597786,165,163,0.9696969696969697,0.9815950920245399,64,61,0.953125,1.0,6,6,1.0,1.0
percent,barcode54,5pct,5.0,1159,22851,1152,0.9769213084592149,0.9853580739800276,0.9910449723071308,0.09502891765579626,0.09777555113771386,-0.0027466334819176014,0.02632853273233923,0.026623080889152648,-0.00029454815681341853,0.0021386786608594355,280,287,0.9,0.8780487804878049,165,167,0.9272727272727272,0.9161676646706587,64,67,0.96875,0.9253731343283582,6,6,1.0,1.0
percent,barcode55,0p5pct,0.5,251,48266,1145,0.9359935442253237,0.9779347805826714,0.9915523168787126,0.05510265167272706,0.06746959486191399,-0.012366943189186935,0.01652466581206504,0.01808391837815042,-0.0015592525660853805,0.0032604754132627193,120,133,0.7583333333333333,0.6842105263157895,51,59,0.8235294117647058,0.711864406779661,23,24,0.9565217391304348,0.9166666666666666,17,14,0.8235294117647058,1.0
percent,barcode55,10pct,10.0,4942,48266,1188,0.959046223142148,0.9555112127035983,0.9793282380428909,0.06900173249625069,0.06767698202548601,0.0013247504707646768,0.019325253118117686,0.018148967865836755,0.0011762852522809314,0.0014951214959181382,133,136,0.924812030075188,0.9044117647058824,57,68,0.9824561403508771,0.8235294117647058,24,29,0.9583333333333334,0.7931034482758621,17,17,1.0,1.0
percent,barcode55,1pct,1.0,502,48266,1159,0.9163331210999835,0.8645066884640144,0.9317737270968478,0.06205385369358239,0.06777702837229314,-0.005723174678710752,0.01887699242627959,0.0181742365403038,0.0007027558859757886,0.0034268410908436034,123,161,0.8373983739837398,0.639751552795031,54,58,0.8148148148148148,0.7586206896551724,24,26,0.9583333333333334,0.8846153846153846,17,17,0.8235294117647058,0.8235294117647058
percent,barcode55,20pct,20.0,9825,48266,1188,0.9787438878018156,0.9820943863032425,0.9913511910174646,0.06765278150578856,0.06767698202548601,-2.4200519697453737e-05,0.01856357062005829,0.018148967865836755,0.00041460275422153595,0.0009882427225661873,133,129,0.9172932330827067,0.9457364341085271,57,56,0.9473684210526315,0.9642857142857143,24,28,0.9583333333333334,0.8214285714285714,17,17,1.0,1.0
percent,barcode55,2pct,2.0,989,48266,1163,0.933014916509572,0.9260741495261833,0.9478576692862242,0.06455356854632213,0.06795509401954707,-0.003401525473224934,0.01889694402746403,0.0182270088663737,0.0006699351610903286,0.0026900878807382175,125,141,0.864,0.7659574468085106,55,56,0.8363636363636363,0.8214285714285714,24,28,0.9583333333333334,0.8214285714285714,17,19,1.0,0.8947368421052632
percent,barcode55,40pct,40.0,19424,48266,1188,0.9922448163967098,0.996154540978705,0.9986792410950849,0.06768791550076063,0.06767698202548601,1.0933475274615967e-05,0.018292008490934354,0.018148967865836755,0.0001430406250975992,0.0005473536609311808,133,132,0.9473684210526315,0.9545454545454546,57,59,0.9649122807017544,0.9322033898305084,24,24,0.9583333333333334,0.9583333333333334,17,17,1.0,1.0
percent,barcode55,5pct,5.0,2494,48266,1188,0.9362502718305605,0.9126012139525849,0.9573534773886855,0.06876817746650271,0.06767698202548601,0.0010911954410166985,0.019798638812742245,0.018148967865836755,0.0016496709469054904,0.0021063813445974656,133,147,0.8721804511278195,0.7891156462585034,57,70,0.9649122807017544,0.7857142857142857,24,28,0.9583333333333334,0.8214285714285714,17,20,1.0,0.85
percent,barcode57,0p5pct,0.5,87,17108,1128,0.9307143075048999,0.9492019191098939,0.9604842685333054,0.12757015682158745,0.13316781845462933,-0.005597661633041873,0.044266974838730475,0.04092521128155691,0.003341763557173562,0.008715635678567833,342,536,0.9415204678362573,0.6007462686567164,234,306,0.9230769230769231,0.7058823529411765,123,140,0.9024390243902439,0.7928571428571428,14,15,1.0,0.9333333333333333
percent,barcode57,10pct,10.0,1709,17108,1271,0.9777414754162781,0.9808883137084558,0.9763652877914012,0.1514817737951361,0.1497799277597474,0.0017018460353886988,0.050322629807214796,0.047797356410212655,0.002525273397002141,0.004649473031216967,428,442,0.9369158878504673,0.9072398190045249,294,327,0.9795918367346939,0.8807339449541285,160,165,0.9625,0.9333333333333333,28,31,1.0,0.9032258064516129
percent,barcode57,1pct,1.0,179,17108,1208,0.8649099692719361,0.8739240196335739,0.9132358329975994,0.11223184994747591,0.1425303970180504,-0.030298547070574486,0.03763868280451779,0.04434466337028883,-0.0067059805657710345,0.007972142416393114,395,405,0.789873417721519,0.7703703703703704,272,245,0.7757352941176471,0.8612244897959184,143,119,0.7692307692307693,0.9243697478991597,19,18,0.8421052631578947,0.8888888888888888
percent,barcode57,20pct,20.0,3462,17108,1271,0.9899474944551534,0.9931637224971172,0.9948131045237449,0.1486431952676076,0.1497799277597474,-0.0011367324921398025,0.04822425618153181,0.047797356410212655,0.0004268997713191558,0.0023539894847637525,428,439,0.955607476635514,0.9316628701594533,294,317,0.9863945578231292,0.9148264984227129,160,164,0.9875,0.9634146341463414,28,29,1.0,0.9655172413793104
percent,barcode57,2pct,2.0,358,17108,1211,0.9282628518533271,0.944485839696287,0.9635081820964115,0.13428512383772787,0.14303759783279268,-0.008752473995064819,0.044995038141638494,0.044511654074603266,0.00048338406703522796,0.006352824160660217,398,402,0.8542713567839196,0.845771144278607,273,272,0.8827838827838828,0.8860294117647058,144,150,0.9236111111111112,0.8866666666666667,19,20,0.9473684210526315,0.9
percent,barcode57,40pct,40.0,6853,17108,1271,0.9959477758542297,0.9973969506322669,0.9971785449001976,0.14909128480084963,0.1497799277597474,-0.0006886429588977838,0.04788162832952769,0.047797356410212655,8.427191931503764e-05,0.0015297837248800243,428,435,0.9789719626168224,0.9632183908045977,294,303,0.9931972789115646,0.9636963696369637,160,165,0.99375,0.9636363636363636,28,28,1.0,1.0
percent,barcode57,5pct,5.0,847,17108,1271,0.9574568326911188,0.963530898497902,0.9616384052452669,0.14408844525336906,0.1497799277597474,-0.005691482506378354,0.04838833299740038,0.047797356410212655,0.0005909765871877221,0.005470977740638592,428,438,0.8925233644859814,0.8721461187214612,294,300,0.9319727891156463,0.9133333333333333,160,162,0.91875,0.9074074074074074,28,27,0.9642857142857143,1.0
percent,barcode58,0p5pct,0.5,136,25975,1128,0.90087659898364,0.9444086480864158,0.9721380456208829,0.07132937451218846,0.08929243654048664,-0.017963062028298185,0.021517865636248332,0.02406406479203844,-0.002546199155790109,0.005169441614775147,245,227,0.726530612244898,0.7841409691629956,135,141,0.8074074074074075,0.7730496453900709,44,34,0.7272727272727273,0.9411764705882353,7,8,1.0,0.875
percent,barcode58,10pct,10.0,2645,25975,1210,0.972588933346567,0.9761807957542252,0.9837052773171086,0.10179846676990621,0.10028254342964286,0.0015159233402633476,0.029286461798745073,0.027795672347771472,0.0014907894509736015,0.0021695042222294202,299,320,0.9498327759197325,0.8875,170,178,0.9529411764705882,0.9101123595505618,63,69,0.9523809523809523,0.8695652173913043,7,9,1.0,0.7777777777777778
percent,barcode58,1pct,1.0,264,25975,1210,0.7797360218256685,0.7726959697065086,0.8699889435146894,0.07453668653192963,0.10028254342964286,-0.025745856897713235,0.023168455153596345,0.027795672347771472,-0.004627217194175127,0.0063695101509741595,299,254,0.6956521739130435,0.8188976377952756,170,135,0.7,0.8814814814814815,63,43,0.5714285714285714,0.8372093023255814,7,16,1.0,0.4375
percent,barcode58,20pct,20.0,5167,25975,1210,0.9870225894035172,0.9904189677481445,0.994668010302616,0.10142303401918994,0.10028254342964286,0.0011404905895470718,0.02860135933182358,0.027795672347771472,0.0008056869840521071,0.0013317420092047905,299,311,0.9464882943143813,0.909967845659164,170,173,0.9411764705882353,0.9248554913294798,63,65,1.0,0.9692307692307692,7,7,1.0,1.0
percent,barcode58,2pct,2.0,519,25975,1210,0.9136752865960326,0.9096873393363293,0.9260346205137054,0.0934242071791754,0.10028254342964286,-0.006858336250467459,0.02936269240648743,0.027795672347771472,0.001567020058715958,0.004921080435463569,299,307,0.8394648829431438,0.8175895765472313,170,183,0.8941176470588236,0.8306010928961749,63,72,0.9206349206349206,0.8055555555555556,7,15,1.0,0.4666666666666667
percent,barcode58,40pct,40.0,10237,25975,1210,0.9946382184379909,0.9961489097137429,0.9979156672204289,0.09844983013574886,0.10028254342964286,-0.001832713293894006,0.027225281284056733,0.027795672347771472,-0.0005703910637147383,0.0008621888005483756,299,304,0.9632107023411371,0.9473684210526315,170,166,0.9411764705882353,0.963855421686747,63,60,0.9523809523809523,1.0,7,7,1.0,1.0
percent,barcode58,5pct,5.0,1364,25975,1210,0.9223901747363217,0.9308208326840938,0.9635229254287562,0.0960367006710819,0.10028254342964286,-0.004245842758560964,0.028184546489750766,0.027795672347771472,0.00038887414197929376,0.0032692122642277686,299,293,0.8762541806020067,0.89419795221843,170,178,0.9176470588235294,0.8764044943820225,63,67,0.8888888888888888,0.835820895522388,7,10,1.0,0.7
percent,barcode59,0p5pct,0.5,89,18496,1083,0.9209932126152057,0.9601457145788631,0.9788532409836381,0.07760750107347315,0.10700112031165014,-0.029393619238176988,0.026468940629328506,0.03253283537004234,-0.006063894740713834,0.007594504420409553,244,402,0.8114754098360656,0.4925373134328358,157,161,0.7579617834394905,0.7391304347826086,86,46,0.4883720930232558,0.9130434782608695,23,23,1.0,1.0
percent,barcode59,10pct,10.0,1792,18496,1128,0.9938185556886777,0.9969615736309884,0.9982255199694658,0.10564543317332407,0.10744855040703918,-0.0018031172337151097,0.03263654958176996,0.03289066640751673,-0.00025411682574676825,0.001817045356925555,254,273,0.9606299212598425,0.8937728937728938,166,162,0.9337349397590361,0.9567901234567902,91,90,0.9560439560439561,0.9666666666666667,25,24,0.96,1.0
percent,barcode59,1pct,1.0,186,18496,1128,0.915531620076809,0.9139447421325543,0.9562753039622953,0.0764346148865622,0.10744855040703918,-0.031013935520476987,0.025571672228818336,0.03289066640751673,-0.007318994178698392,0.007459863795080493,254,270,0.7598425196850394,0.7148148148148148,166,123,0.6506024096385542,0.8780487804878049,91,38,0.3956043956043956,0.9473684210526315,25,26,1.0,0.9615384615384616
percent,barcode59,20pct,20.0,3565,18496,1128,0.9964989719330257,0.9983360964970688,0.9991945538222103,0.10677097596610413,0.10744855040703918,-0.0006775744409350526,0.03292782918892285,0.03289066640751673,3.716278140612067e-05,0.001102012491354071,254,258,0.9566929133858267,0.9418604651162791,166,166,0.9819277108433735,0.9819277108433735,91,94,0.989010989010989,0.9574468085106383,25,24,0.96,1.0
percent,barcode59,2pct,2.0,360,18496,1128,0.9686003795225735,0.9774235607846816,0.9826681539401211,0.09867954662490636,0.10744855040703918,-0.008769003782132828,0.03187118131049183,0.03289066640751673,-0.0010194850970248956,0.004057981839452788,254,263,0.8700787401574803,0.8403041825095057,166,163,0.8975903614457831,0.9141104294478528,91,91,0.8791208791208791,0.8791208791208791,25,25,1.0,1.0
percent,barcode59,40pct,40.0,7321,18496,1128,0.9991198056991396,0.9996010295728742,0.9997094096970373,0.10599407302308787,0.10744855040703918,-0.0014544773839513109,0.0324848545164826,0.03289066640751673,-0.0004058118910341274,0.0006951005272374355,254,249,0.9566929133858267,0.9759036144578314,166,163,0.9759036144578314,0.9938650306748467,91,90,0.978021978021978,0.9888888888888889,25,24,0.96,1.0
percent,barcode59,5pct,5.0,944,18496,1128,0.987358983170443,0.9929821803642158,0.9959790765567788,0.10433966163190646,0.10744855040703918,-0.003108888775132726,0.03272313141462585,0.03289066640751673,-0.0001675349928908776,0.002426320266926814,254,276,0.937007874015748,0.8623188405797102,166,175,0.9337349397590361,0.8857142857142857,91,89,0.9010989010989011,0.9213483146067416,25,24,0.96,1.0
percent,barcode60,0p5pct,0.5,132,23591,1128,0.8386972690238123,0.8753249943600775,0.919911468815725,0.07572308392410164,0.08337497205420641,-0.00765188813010477,0.022020952602947404,0.021277178650833704,0.0007437739521137,0.005637729425902345,224,260,0.7589285714285714,0.6538461538461539,131,153,0.8015267175572519,0.6862745098039216,41,48,0.7804878048780488,0.6666666666666666,2,2,1.0,1.0
percent,barcode60,10pct,10.0,2384,23591,1129,0.9891347510157457,0.9939522878236777,0.996537479364072,0.0824847085523812,0.08330112354042943,-0.000816414988048228,0.021365159204361134,0.021258332611284694,0.00010682659307643949,0.00115966648829226,224,243,0.9285714285714286,0.8559670781893004,131,131,0.9541984732824428,0.9541984732824428,41,42,1.0,0.9761904761904762,2,2,1.0,1.0
percent,barcode60,1pct,1.0,229,23591,1128,0.9072498970876508,0.9385346605134363,0.9620262937978257,0.07402816325206497,0.08337497205420641,-0.009346808802141435,0.02043789406067228,0.021277178650833704,-0.0008392845901614224,0.0038091609819092018,224,242,0.8214285714285714,0.7603305785123967,131,128,0.7709923664122137,0.7890625,41,35,0.7804878048780488,0.9142857142857143,2,2,1.0,1.0
percent,barcode60,20pct,20.0,4766,23591,1129,0.9943682724961381,0.9969698554030875,0.9983981387219342,0.0829526640917281,0.08330112354042943,-0.0003484594487013215,0.021301163932685815,0.021258332611284694,4.2831321401121114e-05,0.0007977147558339713,224,226,0.9464285714285714,0.9380530973451328,131,131,0.9618320610687023,0.9618320610687023,41,42,1.0,0.9761904761904762,2,2,1.0,1.0
percent,barcode60,2pct,2.0,437,23591,1128,0.9494374728295901,0.9691661038385456,0.9795198383097096,0.08100435181669126,0.08337497205420641,-0.0023706202375151503,0.021913176148786077,0.021277178650833704,0.000635997497952373,0.002818603742612291,224,261,0.875,0.7509578544061303,131,146,0.9007633587786259,0.8082191780821918,41,41,0.926829268292683,0.926829268292683,2,2,1.0,1.0
percent,barcode60,40pct,40.0,9530,23591,1129,0.9975350997266164,0.9984721508600246,0.9989671547453394,0.08145704925557304,0.08330112354042943,-0.0018440742848563896,0.0206749149277867,0.021258332611284694,-0.0005834176834979936,0.0006152492303989023,224,219,0.9508928571428571,0.9726027397260274,131,123,0.9312977099236641,0.991869918699187,41,39,0.9512195121951219,1.0,2,2,1.0,1.0
percent,barcode60,5pct,5.0,1143,23591,1129,0.9793353351238739,0.9884075574605473,0.9930618766927879,0.0822315880933999,0.08330112354042943,-0.0010695354470295348,0.021581234410595364,0.021258332611284694,0.0003229017993106702,0.001659209526924361,224,239,0.9017857142857143,0.8451882845188284,131,132,0.9236641221374046,0.9166666666666666,41,43,0.975609756097561,0.9302325581395349,2,2,1.0,1.0
percent,barcode61,0p5pct,0.5,133,27316,1093,0.806770348495283,0.8794558343562694,0.9366285740880728,0.05783785843527554,0.07403916150325843,-0.01620130306798289,0.015694625333722893,0.018096481557395995,-0.0024018562236731017,0.0049193560178769176,179,181,0.5977653631284916,0.5911602209944752,91,76,0.6043956043956044,0.7236842105263158,19,8,0.3157894736842105,0.75,2,2,1.0,1.0
percent,barcode61,10pct,10.0,2773,27316,1191,0.8639760304375562,0.7636523566861256,0.8274475604621075,0.07393038074399533,0.07923722951613935,-0.005306848772144018,0.01974078802118424,0.019617235094497212,0.0001235529266870282,0.002412929465726455,223,208,0.8430493273542601,0.9038461538461539,109,110,0.8715596330275229,0.8636363636363636,22,24,0.8181818181818182,0.75,2,5,1.0,0.4
percent,barcode61,1pct,1.0,267,27316,1121,0.8249787618298624,0.8413499632001611,0.8997987899013016,0.06349756572328755,0.07675123461795233,-0.013253668894664783,0.016596548141171057,0.01880405497705609,-0.0022075068358850328,0.0038783150010920325,197,202,0.7258883248730964,0.7079207920792079,98,76,0.6224489795918368,0.8026315789473685,19,7,0.3157894736842105,0.8571428571428571,2,3,1.0,0.6666666666666666
percent,barcode61,20pct,20.0,5467,27316,1209,0.8442759284010134,0.7427560923343665,0.7741950158803207,0.07854469642208063,0.08297718876001904,-0.00443249233793841,0.021814368617016366,0.021643756493565577,0.00017061212345078833,0.0030382442821536627,233,225,0.8927038626609443,0.9244444444444444,119,121,0.8907563025210085,0.8760330578512396,32,32,0.8125,0.8125,3,8,0.6666666666666666,0.25
percent,barcode61,2pct,2.0,559,27316,1162,0.8089940304624114,0.8267378765225839,0.89921377412656,0.06412043198743113,0.07898280508899597,-0.014862373101564838,0.01656164918271219,0.019384160160815483,-0.002822510978103293,0.003490657026602346,216,180,0.6805555555555556,0.8166666666666667,103,78,0.6310679611650486,0.8333333333333334,19,13,0.2631578947368421,0.38461538461538464,2,3,1.0,0.6666666666666666
percent,barcode61,40pct,40.0,10883,27316,1210,0.8817298367881738,0.8101694917791751,0.8520229104289018,0.08064282926989787,0.08290861257096117,-0.0022657833010633066,0.021288585207919247,0.02162586909150478,-0.00033728388358553185,0.001962841763903233,233,235,0.9356223175965666,0.9276595744680851,119,122,0.9243697478991597,0.9016393442622951,32,30,0.84375,0.9,3,6,0.6666666666666666,0.3333333333333333
percent,barcode61,5pct,5.0,1384,27316,1181,0.8584526150624655,0.7718823241150851,0.8331412120845034,0.07414717058264955,0.0792739203536411,-0.005126749770991548,0.01983627123378955,0.019535307116525732,0.0003009641172638175,0.002840992016014078,221,220,0.8371040723981901,0.8409090909090909,107,112,0.8317757009345794,0.7946428571428571,20,25,0.85,0.68,2,5,1.0,0.4
percent,barcode62,0p5pct,0.5,164,30150,1206,0.8955256971510341,0.927464155458887,0.9633309044974563,0.08554577011483337,0.09656188449291443,-0.01101611437808106,0.028829562261868575,0.02793371730297578,0.0008958449588927948,0.006435009178813197,232,301,0.8017241379310345,0.6179401993355482,145,159,0.8344827586206897,0.7610062893081762,41,64,0.8536585365853658,0.546875,26,25,0.9615384615384616,1.0
percent,barcode62,10pct,10.0,3132,30150,1206,0.9813907713948687,0.9901275056393051,0.9952726950902817,0.09278959050865399,0.09656188449291443,-0.003772293984260447,0.027151342756298418,0.02793371730297578,-0.000782374546677362,0.001671139222532514,232,236,0.9353448275862069,0.9194915254237288,145,141,0.9103448275862069,0.9361702127659575,41,36,0.8536585365853658,0.9722222222222222,26,26,1.0,1.0
percent,barcode62,1pct,1.0,318,30150,1206,0.9377613467788044,0.963610132985507,0.9800150522235325,0.09052012692820595,0.09656188449291443,-0.006041757564708483,0.028712489671104704,0.02793371730297578,0.0007787723681289237,0.0046529752115289725,232,276,0.8318965517241379,0.6992753623188406,145,153,0.8551724137931035,0.8104575163398693,41,65,0.926829268292683,0.5846153846153846,26,25,0.9615384615384616,1.0
percent,barcode62,20pct,20.0,6049,30150,1206,0.9934583810935637,0.9967864408518993,0.9985829671536917,0.09610937155990439,0.09656188449291443,-0.00045251293301004636,0.027998555636515366,0.02793371730297578,6.483833353958593e-05,0.0011256521035590626,232,243,0.9655172413793104,0.9218106995884774,145,152,0.9724137931034482,0.9276315789473685,41,43,0.926829268292683,0.8837209302325582,26,26,1.0,1.0
percent,barcode62,2pct,2.0,639,30150,1206,0.9627022790388912,0.9812492160799727,0.9897492109792292,0.09447349514671087,0.09656188449291443,-0.002088389346203562,0.02911993211308631,0.02793371730297578,0.0011862148101105287,0.0033744990321366315,232,263,0.9008620689655172,0.7946768060836502,145,159,0.9172413793103448,0.8364779874213837,41,59,0.9512195121951219,0.6610169491525424,26,25,0.9615384615384616,1.0
percent,barcode62,40pct,40.0,12093,30150,1206,0.9974865313134099,0.9987985012737988,0.9995670696380996,0.09563431703280506,0.09656188449291443,-0.0009275674601093714,0.027714586838008193,0.02793371730297578,-0.00021913046496758667,0.0006655912884088378,232,241,0.9741379310344828,0.9377593360995851,145,143,0.9655172413793104,0.9790209790209791,41,40,0.9512195121951219,0.975,26,25,0.9615384615384616,1.0
percent,barcode62,5pct,5.0,1577,30150,1206,0.9739432364116192,0.9885874624439605,0.9933490532353114,0.08969282312351035,0.09656188449291443,-0.006869061369404086,0.026656710817040997,0.02793371730297578,-0.0012770064859347827,0.0023126279313969884,232,249,0.9181034482758621,0.8554216867469879,145,139,0.896551724137931,0.935251798561151,41,39,0.8536585365853658,0.8974358974358975,26,26,1.0,1.0
percent,barcode63,0p5pct,0.5,262,50480,1133,0.8722337364435013,0.9167809077531464,0.9620267592476769,0.0519833907523198,0.06392338604619943,-0.01193999529387963,0.014336135268638419,0.015700252038174912,-0.0013641167695364938,0.00356127010918776,137,151,0.7518248175182481,0.6821192052980133,73,52,0.5616438356164384,0.7884615384615384,14,16,0.8571428571428571,0.75,5,5,1.0,1.0
percent,barcode63,10pct,10.0,5140,50480,1158,0.9883374321503899,0.9952498815744169,0.9980891105789519,0.06454816864081095,0.0643401512030922,0.00020801743771875492,0.016149601442355183,0.015812659962989514,0.000336941479365669,0.0008321966677201305,145,159,0.9724137931034482,0.8867924528301887,75,84,0.9733333333333334,0.8690476190476191,14,14,1.0,1.0,5,5,1.0,1.0
percent,barcode63,1pct,1.0,523,50480,1158,0.8869061489214766,0.919258521920123,0.9601474298634964,0.05470785565986111,0.0643401512030922,-0.009632295543231084,0.014458137012577673,0.015812659962989514,-0.0013545229504118416,0.002857679325754934,145,135,0.696551724137931,0.7481481481481481,75,48,0.52,0.8125,14,15,0.8571428571428571,0.8,5,5,1.0,1.0
percent,barcode63,20pct,20.0,10184,50480,1158,0.9954419469109836,0.9982501020279975,0.9992876361197774,0.06377792966367607,0.0643401512030922,-0.0005622215394161245,0.015772601804413852,0.015812659962989514,-4.0058158575662084e-05,0.0004854593757400637,145,149,0.9655172413793104,0.9395973154362416,75,73,0.9466666666666667,0.9726027397260274,14,13,0.9285714285714286,1.0,5,5,1.0,1.0
percent,barcode63,2pct,2.0,1019,50480,1158,0.9570015112990728,0.9781486201056504,0.9883368360256504,0.06201034130771615,0.0643401512030922,-0.0023298098953760463,0.01601869420817613,0.015812659962989514,0.00020603424518661484,0.001813879782496793,145,168,0.8827586206896552,0.7619047619047619,75,77,0.8933333333333333,0.8701298701298701,14,16,0.8571428571428571,0.75,5,5,1.0,1.0
percent,barcode63,40pct,40.0,20186,50480,1159,0.9971790495343725,0.9986817804754426,0.999351293701598,0.06344635081982838,0.0642846376990343,-0.00083828687920591,0.015594535631687988,0.015799016598051645,-0.00020448096636365744,0.0003725600099056594,145,141,0.9517241379310345,0.9787234042553191,75,70,0.92,0.9857142857142858,14,13,0.9285714285714286,1.0,5,5,1.0,1.0
percent,barcode63,5pct,5.0,2586,50480,1158,0.9835160393206451,0.9920694943699677,0.9959990003145178,0.0642523303862301,0.0643401512030922,-8.78208168620942e-05,0.01625517594651504,0.015812659962989514,0.0004425159835255259,0.0011306686120627109,145,160,0.9655172413793104,0.875,75,88,0.9733333333333334,0.8295454545454546,14,13,0.8571428571428571,0.9230769230769231,5,5,1.0,1.0
percent,barcode66,0p5pct,0.5,179,35191,1128,0.951090641397396,0.9757060615341532,0.9847954476932672,0.09125064406846575,0.10409039095513022,-0.012839746886664463,0.028717644989171277,0.030527163381727625,-0.001809518392556348,0.004881689728231059,257,324,0.8443579766536965,0.6697530864197531,167,152,0.8023952095808383,0.881578947368421,68,60,0.8382352941176471,0.95,20,18,0.9,1.0
percent,barcode66,10pct,10.0,3501,35191,1153,0.9964134710705245,0.9983441712846911,0.9990426912351626,0.10085660428321983,0.1027874867621162,-0.0019308824788963758,0.029689406850912363,0.03008060178394807,-0.0003911949330357087,0.0010858496246116194,259,263,0.9575289575289575,0.9429657794676806,167,171,0.9760479041916168,0.9532163742690059,68,66,0.9558823529411765,0.9848484848484849,20,20,1.0,1.0
percent,barcode66,1pct,1.0,379,35191,1147,0.965374797314228,0.9721845310442716,0.9828640053634403,0.09486742168819655,0.10330537950882629,-0.00843795782062974,0.029152607579961517,0.03023409684231131,-0.0010814892623497926,0.0036118981490571877,259,272,0.8803088803088803,0.8382352941176471,167,171,0.9281437125748503,0.9064327485380117,68,63,0.8823529411764706,0.9523809523809523,20,20,0.95,0.95
percent,barcode66,20pct,20.0,7001,35191,1153,0.998536492289375,0.999326273270874,0.9994968845690669,0.10146646298390657,0.1027874867621162,-0.0013210237782096262,0.02981738744653764,0.03008060178394807,-0.00026321433741043065,0.0007621037873943152,259,262,0.9768339768339769,0.9656488549618321,167,171,0.9940119760479041,0.9707602339181286,68,67,0.9705882352941176,0.9850746268656716,20,20,1.0,1.0
percent,barcode66,2pct,2.0,679,35191,1153,0.9784540856856269,0.9842104168171361,0.9894197125010019,0.102163518535859,0.1027874867621162,-0.0006239682262571961,0.031150589154172164,0.03008060178394807,0.0010699873702240924,0.0027779077323386433,259,282,0.9343629343629344,0.8581560283687943,167,187,0.9760479041916168,0.8716577540106952,68,73,0.9411764705882353,0.8767123287671232,20,20,1.0,1.0
percent,barcode66,40pct,40.0,14095,35191,1153,0.9991176379029626,0.9995871033797546,0.9997248121306969,0.10173156779355876,0.1027874867621162,-0.0010559189685574455,0.029788033270610532,0.03008060178394807,-0.00029256851333753914,0.0005549876420403951,259,259,0.9691119691119691,0.9691119691119691,167,168,0.9880239520958084,0.9821428571428571,68,66,0.9705882352941176,1.0,20,20,1.0,1.0
percent,barcode66,5pct,5.0,1745,35191,1153,0.9922720111199572,0.9959876986006501,0.997217593258074,0.10392501799897894,0.1027874867621162,0.001137531236862735,0.031014483670890446,0.03008060178394807,0.0009338818869423747,0.0017661841523078587,259,283,0.9613899613899614,0.8798586572438163,167,183,0.9760479041916168,0.8907103825136612,68,72,0.9852941176470589,0.9305555555555556,20,20,1.0,1.0
percent,barcode67,0p5pct,0.5,137,25634,1128,0.9682846395731003,0.9850725288769445,0.9900821247513384,0.1099999908493791,0.11601592450124344,-0.006015933651864341,0.03964653708735306,0.03807863280803263,0.0015679042793204298,0.006231622757134913,228,341,0.8947368421052632,0.5982404692082112,155,202,0.9483870967741935,0.7277227722772277,85,100,0.9411764705882353,0.8,42,41,0.9761904761904762,1.0
percent,barcode67,10pct,10.0,2645,25634,1129,0.9981824821416801,0.9993355957069653,0.999596668168663,0.11273271418866228,0.11591316460354527,-0.0031804504148829904,0.03731642638823333,0.038044905055324006,-0.000728478667090679,0.0012337529476536696,228,226,0.9473684210526315,0.9557522123893806,155,149,0.9483870967741935,0.9865771812080537,85,83,0.9764705882352941,1.0,42,40,0.9523809523809523,1.0
percent,barcode67,1pct,1.0,268,25634,1128,0.9814004528392515,0.9926473547566375,0.9953849944172602,0.10610973706747451,0.11601592450124344,-0.009906187433768934,0.037040509325344056,0.03807863280803263,-0.0010381234826885716,0.004170706772092762,228,288,0.8991228070175439,0.7118055555555556,155,158,0.8838709677419355,0.8670886075949367,85,83,0.9294117647058824,0.9518072289156626,42,45,1.0,0.9333333333333333
percent,barcode67,20pct,20.0,5210,25634,1129,0.9991716974013369,0.9996662663555881,0.9996780320248113,0.11441146456414561,0.11591316460354527,-0.0015017000393996588,0.03766723032016253,0.038044905055324006,-0.0003776747351614748,0.0009244454131517406,228,221,0.956140350877193,0.9864253393665159,155,153,0.967741935483871,0.9803921568627451,85,84,0.9882352941176471,1.0,42,41,0.9761904761904762,1.0
percent,barcode67,2pct,2.0,505,25634,1128,0.9902877036900047,0.9964206809750569,0.9971665960578651,0.10947429461794893,0.11601592450124344,-0.006541629883294514,0.037388509473098804,0.03807863280803263,-0.0006901233349338246,0.0030273009392606156,228,260,0.9166666666666666,0.8038461538461539,155,160,0.9483870967741935,0.91875,85,89,0.9764705882352941,0.9325842696629213,42,44,0.9761904761904762,0.9318181818181818
percent,barcode67,40pct,40.0,10269,25634,1129,0.9996560353627233,0.999863535246428,0.9999055911116993,0.11492746950166055,0.11591316460354527,-0.0009856951018847177,0.03778166070454515,0.038044905055324006,-0.00026324435077885316,0.0005459142173764395,228,222,0.9605263157894737,0.9864864864864865,155,153,0.9741935483870968,0.9869281045751634,85,85,1.0,1.0,42,41,0.9761904761904762,1.0
percent,barcode67,5pct,5.0,1306,25634,1128,0.9960916307340435,0.9984361360403862,0.9990088025415302,0.11074306754547422,0.11601592450124344,-0.00527285695576922,0.036908854848962495,0.03807863280803263,-0.0011697779590701327,0.0018600774669818817,228,226,0.9166666666666666,0.9247787610619469,155,145,0.9161290322580645,0.9793103448275862,85,81,0.9529411764705882,1.0,42,41,0.9761904761904762,1.0
percent,barcode68,0p5pct,0.5,163,32033,1210,0.893376380648259,0.9268730137211146,0.9505173395494547,0.08839987983061717,0.09561200040553093,-0.007212120574913758,0.028468904702547402,0.02672793612619887,0.0017409685763485304,0.006887639007349116,281,308,0.7437722419928826,0.6785714285714286,147,196,0.8231292517006803,0.6173469387755102,52,81,0.9230769230769231,0.5925925925925926,15,14,0.9333333333333333,1.0
percent,barcode68,10pct,10.0,3173,32033,1210,0.9887429452726862,0.9940222111028568,0.9964102171883148,0.0946339016570065,0.09561200040553093,-0.0009780987485244336,0.02690944342093297,0.02672793612619887,0.00018150729473409913,0.0015475861711687798,281,296,0.9430604982206405,0.8952702702702703,147,156,0.9523809523809523,0.8974358974358975,52,52,0.9615384615384616,0.9615384615384616,15,15,1.0,1.0
percent,barcode68,1pct,1.0,316,32033,1210,0.9244106158061278,0.9589808134614005,0.9759765687173816,0.08317683746225699,0.09561200040553093,-0.012435162943273945,0.025354144429421067,0.02672793612619887,-0.0013737916967778048,0.00448007153161123,281,285,0.7829181494661922,0.7719298245614035,147,157,0.8095238095238095,0.7579617834394905,52,62,0.9230769230769231,0.7741935483870968,15,15,1.0,1.0
percent,barcode68,20pct,20.0,6323,32033,1210,0.9940236846287717,0.9971233227220185,0.9986101186687875,0.09497287439992072,0.09561200040553093,-0.0006391260056102105,0.026711986691124498,0.02672793612619887,-1.5949435074373575e-05,0.0010037543928698256,281,288,0.9679715302491103,0.9444444444444444,147,151,0.9659863945578231,0.9403973509933775,52,51,0.9615384615384616,0.9803921568627451,15,15,1.0,1.0
percent,barcode68,2pct,2.0,646,32033,1210,0.9518170426551193,0.9687274262478816,0.9817378750951304,0.09301972550162885,0.09561200040553093,-0.0025922749039020837,0.02779597341709839,0.02672793612619887,0.0010680372908995171,0.0036513305514228964,281,296,0.8683274021352313,0.8243243243243243,147,185,0.9319727891156463,0.7405405405405405,52,67,0.9423076923076923,0.7313432835820896,15,15,1.0,1.0
percent,barcode68,40pct,40.0,12811,32033,1210,0.9981828308734348,0.9991220070959861,0.9995336266890963,0.09549740394375515,0.09561200040553093,-0.00011459646177577887,0.026707575684959836,0.02672793612619887,-2.036044123903541e-05,0.0005615235458590519,281,281,0.9822064056939501,0.9822064056939501,147,150,0.9931972789115646,0.9733333333333334,52,49,0.9423076923076923,1.0,15,15,1.0,1.0
percent,barcode68,5pct,5.0,1583,32033,1210,0.9792570661832021,0.9876851397737626,0.9920098922619909,0.09426617310824627,0.09561200040553093,-0.001345827297284663,0.027169703783663447,0.02672793612619887,0.000441767657464575,0.00220613543670935,281,303,0.9252669039145908,0.858085808580858,147,159,0.9455782312925171,0.8742138364779874,52,60,0.9423076923076923,0.8166666666666667,15,15,1.0,1.0
percent,barcode70,0p5pct,0.5,99,19941,1210,0.8865221029847522,0.8891936505190535,0.9341440640074316,0.09373596258151089,0.1277703196410969,-0.034034357059586004,0.034849354866511285,0.03951154301417146,-0.004662188147660173,0.01003536429031531,351,491,0.7663817663817664,0.5478615071283096,223,217,0.726457399103139,0.7465437788018433,102,81,0.6862745098039216,0.8641975308641975,31,44,0.9032258064516129,0.6363636363636364
percent,barcode70,10pct,10.0,1942,19941,1210,0.9857407953883615,0.9908264087503718,0.9945716860533556,0.11906232947086012,0.1277703196410969,-0.008707990170236768,0.037261876886004054,0.03951154301417146,-0.0022496661281674046,0.0025652285080019353,351,349,0.9230769230769231,0.9283667621776505,223,210,0.9013452914798207,0.9571428571428572,102,91,0.8627450980392157,0.967032967032967,31,30,0.967741935483871,1.0
percent,barcode70,1pct,1.0,172,19941,1210,0.9256214016758066,0.9434617542057219,0.9613727606855602,0.09521671394226615,0.1277703196410969,-0.03255360569883074,0.03327474333062107,0.03951154301417146,-0.006236799683550391,0.007928503686668597,351,305,0.7094017094017094,0.8163934426229508,223,180,0.7040358744394619,0.8722222222222222,102,81,0.7156862745098039,0.9012345679012346,31,29,0.9032258064516129,0.9655172413793104
percent,barcode70,20pct,20.0,3861,19941,1210,0.9952958702060996,0.9970186066680179,0.9980081434434176,0.1210785773154502,0.1277703196410969,-0.006691742325646691,0.037535574982484936,0.03951154301417146,-0.001975968031686523,0.0018297185068859273,351,343,0.9344729344729344,0.956268221574344,223,214,0.9372197309417041,0.9766355140186916,102,91,0.8823529411764706,0.989010989010989,31,29,0.9354838709677419,1.0
percent,barcode70,2pct,2.0,349,19941,1210,0.9486740083171922,0.9645861956106101,0.976007713517988,0.10143411413912434,0.1277703196410969,-0.02633620550197255,0.033529302699458405,0.03951154301417146,-0.005982240314713054,0.006137406874979413,351,307,0.7549857549857549,0.8631921824104235,223,187,0.7757847533632287,0.9251336898395722,102,88,0.7549019607843137,0.875,31,29,0.9354838709677419,1.0
percent,barcode70,40pct,40.0,7784,19941,1210,0.9979721436402755,0.9986958289715934,0.9991572986697027,0.12601044481784754,0.1277703196410969,-0.0017598748232493522,0.03897569940291867,0.03951154301417146,-0.0005358436112527856,0.0010801377872891385,351,349,0.9572649572649573,0.9627507163323782,223,224,0.9730941704035875,0.96875,102,99,0.9411764705882353,0.9696969696969697,31,30,0.967741935483871,1.0
percent,barcode70,5pct,5.0,966,19941,1210,0.9769797136231713,0.9862986021376985,0.9924147242872858,0.1206506765750529,0.1277703196410969,-0.007119643066043985,0.03848317504867986,0.03951154301417146,-0.0010283679654915986,0.003172936316009339,351,352,0.9031339031339032,0.9005681818181818,223,235,0.9237668161434978,0.8765957446808511,102,95,0.8823529411764706,0.9473684210526315,31,30,0.967741935483871,1.0
percent,barcode71,0p5pct,0.5,164,26402,1129,0.9033831358888679,0.9334974864746127,0.9600682523641291,0.07898348772497676,0.07624208456056242,0.0027414031644143466,0.024024278527285895,0.019969855818923958,0.004054422708361937,0.0056052273994009905,192,259,0.890625,0.6602316602316602,118,180,0.9491525423728814,0.6222222222222222,30,58,0.8666666666666667,0.4482758620689655,5,6,1.0,0.8333333333333334
percent,barcode71,10pct,10.0,2709,26402,1129,0.9914158679042763,0.9946855528827587,0.9965628609786549,0.080449267351509,0.07624208456056242,0.004207182790946576,0.021600286747986377,0.019969855818923958,0.0016304309290624194,0.0014256989312338342,192,213,0.9947916666666666,0.8967136150234741,118,131,1.0,0.9007633587786259,30,32,0.9666666666666667,0.90625,5,6,1.0,0.8333333333333334
percent,barcode71,1pct,1.0,322,26402,1129,0.9435038954832556,0.9600624347815166,0.9719610675951257,0.08245111158290284,0.07624208456056242,0.006209027022340427,0.024022991686498584,0.019969855818923958,0.004053135867574626,0.004366724740389051,192,276,0.9739583333333334,0.677536231884058,118,158,0.9830508474576272,0.7341772151898734,30,57,0.9,0.47368421052631576,5,6,1.0,0.8333333333333334
percent,barcode71,20pct,20.0,5371,26402,1129,0.9961539094876318,0.9978626964541876,0.9987367748033602,0.0786211320855693,0.07624208456056242,0.0023790475250068804,0.020841396445685004,0.019969855818923958,0.0008715406267610463,0.0008882014832941967,192,208,0.9895833333333334,0.9134615384615384,118,124,1.0,0.9516129032258065,30,30,1.0,1.0,5,5,1.0,1.0
percent,barcode71,2pct,2.0,583,26402,1129,0.9614368209669854,0.9723048911264072,0.9824609061822001,0.08344457756848737,0.07624208456056242,0.007202493007924957,0.023652213224189065,0.019969855818923958,0.003682357405265107,0.0033476285170007964,192,239,0.9427083333333334,0.7573221757322176,118,152,1.0,0.7763157894736842,30,58,0.9666666666666667,0.5,5,6,1.0,0.8333333333333334
percent,barcode71,40pct,40.0,10589,26402,1129,0.9987769397144151,0.9994367362487422,0.9997107572175004,0.07637707725007967,0.07624208456056242,0.0001349926895172493,0.020094153025574966,0.019969855818923958,0.0001242972066510077,0.00043711999952407546,192,199,0.984375,0.949748743718593,118,119,0.9915254237288136,0.9831932773109243,30,29,0.9666666666666667,1.0,5,5,1.0,1.0
percent,barcode71,5pct,5.0,1402,26402,1129,0.9868730951398758,0.9933410730349524,0.9960820107471097,0.07765637456296569,0.07624208456056242,0.0014142900024032706,0.021043992051228956,0.019969855818923958,0.001074136232304998,0.001565832830191756,192,215,0.9739583333333334,0.8697674418604651,118,127,1.0,0.9291338582677166,30,32,0.9666666666666667,0.90625,5,6,1.0,0.8333333333333334
percent,barcode72,0p5pct,0.5,173,40065,1129,0.8674417449695464,0.9195772915297886,0.9379729443571333,0.05873261033652889,0.07755335232144266,-0.018820741984913764,0.016387856022721952,0.019616883336535794,-0.003229027313813842,0.004692316121438683,199,235,0.7437185929648241,0.6297872340425532,96,93,0.7083333333333334,0.7311827956989247,24,20,0.75,0.9,3,2,0.6666666666666666,1.0
percent,barcode72,10pct,10.0,3871,40065,1173,0.983257715837015,0.9878759968330594,0.9909349032866687,0.08104207085297893,0.07902319550131044,0.0020188753516684893,0.02149632054329121,0.02022130667124109,0.0012750138720501215,0.0015962652455866315,209,235,0.9617224880382775,0.8553191489361702,101,125,0.9900990099009901,0.8,27,39,0.9629629629629629,0.6666666666666666,4,4,1.0,1.0
percent,barcode72,1pct,1.0,358,40065,1143,0.8750208207441419,0.8846523271092035,0.8828392587131124,0.07465133184637615,0.07859787770363011,-0.003946545857253958,0.02004614193283941,0.020007475136707344,3.866679613206622e-05,0.0037097952353931157,202,225,0.8465346534653465,0.76,98,116,0.9183673469387755,0.7758620689655172,25,31,0.92,0.7419354838709677,4,2,0.5,1.0
percent,barcode72,20pct,20.0,7816,40065,1198,0.928733603721378,0.9118774613685974,0.931898637020687,0.07885593730697668,0.07988678060809604,-0.0010308433011193552,0.020890647493694178,0.02082733886162251,6.330863207166734e-05,0.0013595834595924875,214,220,0.9626168224299065,0.9363636363636364,106,114,0.9716981132075472,0.9035087719298246,30,32,0.9333333333333333,0.875,6,5,0.6666666666666666,0.8
percent,barcode72,2pct,2.0,734,40065,1170,0.9362328837407937,0.9544857083401813,0.9569476557748047,0.07356861316410636,0.07908962244474488,-0.00552100928063852,0.019613556980585818,0.0202334026474007,-0.0006198456668148819,0.0026221450137701267,208,216,0.8701923076923077,0.8379629629629629,100,108,0.91,0.8425925925925926,27,28,0.9259259259259259,0.8928571428571429,4,2,0.5,1.0
percent,barcode72,40pct,40.0,15800,40065,1198,0.9883248951817997,0.9867983257283954,0.9833422535566713,0.07860987069026922,0.07988678060809604,-0.0012769099178268212,0.02057398613797095,0.02082733886162251,-0.00025335272365156064,0.0007838619537278239,214,222,0.9906542056074766,0.954954954954955,106,107,0.9811320754716981,0.9719626168224299,30,31,0.9666666666666667,0.9354838709677419,6,4,0.6666666666666666,1.0
percent,barcode72,5pct,5.0,1883,40065,1170,0.9641124114311337,0.975010058497345,0.9878663813317652,0.07904861384944067,0.07908962244474488,-4.1008595304203865e-05,0.021046162997389192,0.0202334026474007,0.0008127603499884922,0.0017537821141029267,208,234,0.9471153846153846,0.8418803418803419,100,124,1.0,0.8064516129032258,27,36,1.0,0.75,4,4,1.0,1.0
percent,barcode73,0p5pct,0.5,21,6328,1126,0.8735381680224925,0.8794281611572331,0.8783727417200046,0.1977927979700713,0.20499318361436483,-0.007200385644293539,0.08913118669303746,0.07115394608951957,0.017977240603517894,0.02936897042271602,461,349,0.6550976138828634,0.8653295128939829,359,349,0.7520891364902507,0.7736389684813754,214,339,0.8925233644859814,0.5634218289085545,63,121,0.9841269841269841,0.512396694214876
percent,barcode73,10pct,10.0,612,6328,1219,0.9837087103719009,0.988674326862388,0.9893577022569209,0.2106977978186676,0.21734934724769495,-0.006651549429027348,0.07565595087276389,0.07588760120186575,-0.0002316503291018568,0.0055506435288191006,525,527,0.9238095238095239,0.920303605313093,410,403,0.926829268292683,0.9429280397022333,247,250,0.9392712550607287,0.928,72,73,0.9583333333333334,0.9452054794520548
percent,barcode73,1pct,1.0,48,6328,1128,0.924223321858524,0.9418926447409848,0.9550644524449534,0.1885876506039147,0.20462972052285003,-0.016042069918935337,0.07570751730387557,0.07102778661063744,0.004679730693238127,0.01638119712042791,461,463,0.7787418655097614,0.775377969762419,359,463,0.8746518105849582,0.6781857451403888,214,238,0.8878504672897196,0.7983193277310925,63,79,0.9523809523809523,0.759493670886076
percent,barcode73,20pct,20.0,1223,6328,1219,0.9934695853281116,0.995324092912548,0.9947728653959531,0.21599368388104395,0.21734934724769495,-0.0013556633666509943,0.07661913940671858,0.07588760120186575,0.0007315382048528329,0.0037073328666611008,525,536,0.9676190476190476,0.9477611940298507,410,408,0.9536585365853658,0.9583333333333334,247,255,0.9635627530364372,0.9333333333333333,72,73,0.9583333333333334,0.9452054794520548
percent,barcode73,2pct,2.0,111,6328,1217,0.9208536817181454,0.9356167043842513,0.9422414284047751,0.18278647170403883,0.21770653598598202,-0.03492006428194319,0.07060599099651652,0.07601231377573898,-0.005406322779222469,0.01279071482687478,525,591,0.8266666666666667,0.7343485617597293,410,384,0.8146341463414634,0.8697916666666666,247,247,0.8623481781376519,0.8623481781376519,72,75,0.9166666666666666,0.88
percent,barcode73,40pct,40.0,2482,6328,1219,0.9972155090408926,0.9983262389082872,0.9984054333201209,0.21702936831588593,0.21734934724769495,-0.0003199789318090174,0.07641902723845986,0.07588760120186575,0.0005314260365941181,0.0022650135149600873,525,535,0.9809523809523809,0.9626168224299065,410,411,0.9658536585365853,0.9635036496350365,247,246,0.979757085020243,0.983739837398374,72,73,0.9861111111111112,0.9726027397260274
percent,barcode73,5pct,5.0,318,6328,1219,0.9749122118917136,0.9808789978276686,0.9806813028819393,0.202189011037015,0.21734934724769495,-0.015160336210679942,0.07339580447083277,0.07588760120186575,-0.0024917967310329747,0.007874045572760207,525,512,0.88,0.90234375,410,399,0.9048780487804878,0.9298245614035088,247,262,0.9149797570850202,0.8625954198473282,72,73,0.9444444444444444,0.9315068493150684
percent,barcode75,0p5pct,0.5,66,11395,1085,0.8751991995530394,0.8875099548692401,0.8861000065643062,0.11041515832525811,0.13528113759368923,-0.02486597926843112,0.03723350490593757,0.040902053472920384,-0.0036685485669828155,0.010426334195037223,354,439,0.8220338983050848,0.662870159453303,235,224,0.7659574468085106,0.8035714285714286,114,133,0.8245614035087719,0.706766917293233,7,6,0.42857142857142855,0.5
percent,barcode75,10pct,10.0,1129,11395,1129,0.9894786338327161,0.9920907034721721,0.9910977163726113,0.135209232304521,0.13703899917255147,-0.0018297668680304635,0.04250007503256193,0.04211577061502512,0.00038430441753681266,0.002648486143981867,365,371,0.9397260273972603,0.9245283018867925,245,247,0.926530612244898,0.9190283400809717,121,129,0.9917355371900827,0.9302325581395349,10,14,1.0,0.7142857142857143
percent,barcode75,1pct,1.0,118,11395,1125,0.9147519921692678,0.9009687651066937,0.8619734457491243,0.1291941350955324,0.13752624894738721,-0.008332113851854811,0.044535636881162105,0.04226551557721187,0.002270121303950233,0.009121359130725523,365,438,0.8273972602739726,0.6894977168949772,245,271,0.8408163265306122,0.7601476014760148,121,141,0.9173553719008265,0.7872340425531915,10,17,1.0,0.5882352941176471
percent,barcode75,20pct,20.0,2220,11395,1129,0.9953539715298547,0.9970896219631005,0.9961371821209366,0.13539671953309648,0.13703899917255147,-0.0016422796394549855,0.0418982387177175,0.04211577061502512,-0.00021753189730761707,0.0017709477115042606,365,357,0.936986301369863,0.957983193277311,245,248,0.9673469387755103,0.9556451612903226,121,126,0.9834710743801653,0.9444444444444444,10,12,1.0,0.8333333333333334
percent,barcode75,2pct,2.0,242,11395,1129,0.9490786389966147,0.9501753551858095,0.9437318735200331,0.12720993999363708,0.13703899917255147,-0.009829059178914384,0.04161883662902014,0.04211577061502512,-0.0004969339860049771,0.006000055043984192,365,390,0.8657534246575342,0.8102564102564103,245,259,0.9061224489795918,0.8571428571428571,121,130,0.9256198347107438,0.8615384615384616,10,13,0.9,0.6923076923076923
percent,barcode75,40pct,40.0,4447,11395,1129,0.9983330747704878,0.9988489586206669,0.9973514474505082,0.13656638311374716,0.13703899917255147,-0.0004726160588043038,0.04207070840362972,0.04211577061502512,-4.5062211395399676e-05,0.0010966188692013955,365,355,0.9561643835616438,0.9830985915492958,245,245,0.9795918367346939,0.9795918367346939,121,127,1.0,0.952755905511811,10,13,1.0,0.7692307692307693
percent,barcode75,5pct,5.0,585,11395,1129,0.9799355386110788,0.9847114169165799,0.9867348376823134,0.13483649347306517,0.13703899917255147,-0.0022025056994862957,0.04311999064153764,0.04211577061502512,0.0010042200265125215,0.003663155891749696,365,381,0.9260273972602739,0.8871391076115486,245,260,0.9387755102040817,0.8846153846153846,121,134,0.9752066115702479,0.8805970149253731,10,13,1.0,0.7692307692307693
percent,barcode76,0p5pct,0.5,222,50849,1143,0.9505128732361521,0.9739600627287102,0.978678588392763,0.08054410841937945,0.08645681363683302,-0.005912705217453573,0.024753662645462735,0.023967394756512536,0.0007862678889501984,0.004452490778293407,217,280,0.8433179723502304,0.6535714285714286,110,144,0.9,0.6875,32,40,0.9375,0.75,12,18,1.0,0.6666666666666666
percent,barcode76,10pct,10.0,4945,50849,1144,0.9964511145795494,0.9984635150145765,0.9990792575867048,0.08727422042918444,0.08646416320972485,0.0008100572194595923,0.02438837224096678,0.023963518460441004,0.0004248537805257753,0.0009340617037184904,217,218,0.9493087557603687,0.944954128440367,110,111,0.9545454545454546,0.9459459459459459,32,33,0.96875,0.9393939393939394,12,12,1.0,1.0
percent,barcode76,1pct,1.0,486,50849,1144,0.9721277566041464,0.9884670459906775,0.9932540119906784,0.07911149434732599,0.08646416320972485,-0.007352668862398853,0.023273576689404947,0.023963518460441004,-0.0006899417710360574,0.0026843042413812906,217,234,0.8387096774193549,0.7777777777777778,110,122,0.9181818181818182,0.8278688524590164,32,33,0.96875,0.9393939393939394,12,11,0.9166666666666666,1.0
percent,barcode76,20pct,20.0,9945,50849,1144,0.9984293911081412,0.9993773930697724,0.9996815434527738,0.08605848054677824,0.08646416320972485,-0.0004056826629466048,0.02395547768956164,0.023963518460441004,-8.04077087936464e-06,0.0005653755513284806,217,212,0.9631336405529954,0.9858490566037735,110,110,0.9727272727272728,0.9727272727272728,32,32,0.96875,0.96875,12,11,0.9166666666666666,1.0
percent,barcode76,2pct,2.0,1004,50849,1144,0.982788762304068,0.9915329983924362,0.9947555629026169,0.08098560964953348,0.08646416320972485,-0.005478553560191363,0.02321838009454742,0.023963518460441004,-0.0007451383658935856,0.0020243549928591394,217,216,0.8663594470046083,0.8703703703703703,110,110,0.9181818181818182,0.9181818181818182,32,32,0.96875,0.96875,12,11,0.9166666666666666,1.0
percent,barcode76,40pct,40.0,20175,50849,1144,0.9991893384400342,0.9996945164164062,0.9998830842431932,0.08663172782442612,0.08646416320972485,0.00016756461470127104,0.024078206338196618,0.023963518460441004,0.00011468787775561345,0.00033414574614332946,217,212,0.9723502304147466,0.9952830188679245,110,109,0.9727272727272728,0.981651376146789,32,34,1.0,0.9411764705882353,12,12,1.0,1.0
percent,barcode76,5pct,5.0,2469,50849,1144,0.9934424748946056,0.9972250623762575,0.9981299444601888,0.08515907236945759,0.08646416320972485,-0.0013050908402672534,0.02394781399052322,0.023963518460441004,-1.570446991778357e-05,0.0012272786335819008,217,212,0.9170506912442397,0.9386792452830188,110,109,0.9363636363636364,0.944954128440367,32,31,0.96875,1.0,12,12,1.0,1.0
percent,barcode78,0p5pct,0.5,53,9767,1128,0.9438504674794171,0.9628783698418618,0.9699126465940594,0.17563539557670477,0.20209686649934974,-0.026461470922644975,0.0686473878148016,0.07120481650901747,-0.002557428694215866,0.011956624150568996,429,480,0.8368298368298368,0.7479166666666667,331,471,0.9033232628398792,0.6348195329087049,197,208,0.8934010152284264,0.8461538461538461,82,79,0.8658536585365854,0.8987341772151899
percent,barcode78,10pct,10.0,971,9767,1129,0.9969265954559118,0.9983517734368882,0.9983924432848309,0.20293195139653558,0.201917861303159,0.0010140900933765795,0.07262132047170339,0.07114174758385448,0.001479572887848904,0.002969119263308428,429,440,0.9766899766899767,0.9522727272727273,331,337,0.9667673716012085,0.9495548961424333,197,202,0.9847715736040609,0.9603960396039604,82,85,0.9878048780487805,0.9529411764705882
percent,barcode78,1pct,1.0,102,9767,1128,0.9701807286558749,0.9810965664910103,0.9817306571272112,0.18633620808310689,0.20209686649934974,-0.015760658416242856,0.06914606291565888,0.07120481650901747,-0.002058753593358595,0.008923403531049636,429,626,0.9603729603729604,0.65814696485623,331,379,0.9244712990936556,0.8073878627968337,197,202,0.949238578680203,0.9257425742574258,82,71,0.8414634146341463,0.971830985915493
percent,barcode78,20pct,20.0,1935,9767,1129,0.9983808611469984,0.9991431717140217,0.9992448396497569,0.20228929109927515,0.201917861303159,0.0003714297961161517,0.07173592138733728,0.07114174758385448,0.0005941738034827976,0.0019666657733714028,429,430,0.9813519813519813,0.9790697674418605,331,344,0.9848942598187311,0.9476744186046512,197,198,0.9898477157360406,0.9848484848484849,82,83,1.0,0.9879518072289156
percent,barcode78,2pct,2.0,196,9767,1128,0.9859796449156979,0.9918539055639399,0.9928673941049425,0.1985264562595651,0.20209686649934974,-0.0035704102397846327,0.07282083343176962,0.07120481650901747,0.0016160169227521504,0.006099826378020345,429,499,0.9557109557109557,0.8216432865731463,331,360,0.9486404833836858,0.8722222222222222,197,204,0.9847715736040609,0.9509803921568627,82,82,0.975609756097561,0.975609756097561
percent,barcode78,40pct,40.0,3916,9767,1130,0.999370214769294,0.9996047300801741,0.999598314697671,0.20321842209880886,0.2017391729303243,0.0014792491684845477,0.07185048946011233,0.0710787902851077,0.0007716991750046226,0.0014135211009554624,429,434,0.986013986013986,0.9746543778801844,331,342,0.9969788519637462,0.9649122807017544,197,197,0.9898477157360406,0.9898477157360406,82,84,1.0,0.9761904761904762
percent,barcode78,5pct,5.0,483,9767,1129,0.9930649731144799,0.9958117266584671,0.9959346341517781,0.20212204780963233,0.201917861303159,0.0002041865064733306,0.0735299904993236,0.07114174758385448,0.002388242915469116,0.004885234879720128,429,461,0.9743589743589743,0.9067245119305857,331,347,0.945619335347432,0.9020172910662824,197,209,0.9898477157360406,0.9330143540669856,82,89,0.9878048780487805,0.9101123595505618
percent,barcode81,0p5pct,0.5,168,36366,1290,0.8362881779216164,0.8519609247616848,0.8908135236882404,0.10073571849670317,0.10170392071963695,-0.0009682022229337839,0.03278348701190033,0.02840123284209683,0.004382254169803496,0.008349341611375528,324,390,0.7561728395061729,0.6282051282051282,177,239,0.7740112994350282,0.5732217573221757,76,104,0.8289473684210527,0.6057692307692307,9,16,0.8888888888888888,0.5
percent,barcode81,10pct,10.0,3592,36366,1292,0.9843972545843892,0.9910507059697584,0.9941099107176581,0.09884594422372948,0.10170987113482485,-0.0028639269110953686,0.02796220219338446,0.028396277927024437,-0.0004340757336399777,0.001754624975305833,325,316,0.8923076923076924,0.9177215189873418,177,187,0.9265536723163842,0.8770053475935828,76,75,0.9078947368421053,0.92,9,10,1.0,0.9
percent,barcode81,1pct,1.0,365,36366,1292,0.8816420722175848,0.9160774673315982,0.9389400990883408,0.09544704583122603,0.10170987113482485,-0.006262825303598826,0.029197908134915896,0.028396277927024437,0.0008016302078914586,0.005957922797582169,325,328,0.7753846153846153,0.7682926829268293,177,197,0.8022598870056498,0.7208121827411168,76,94,0.8552631578947368,0.6914893617021277,9,12,1.0,0.75
percent,barcode81,20pct,20.0,7295,36366,1292,0.9925961793082555,0.9959247574597414,0.9975687887481136,0.09992938219690842,0.10170987113482485,-0.0017804889379164357,0.02799474875083115,0.028396277927024437,-0.0004015291761932868,0.0011612606230599289,325,319,0.9292307692307692,0.9467084639498433,177,177,0.9265536723163842,0.9265536723163842,76,76,0.9605263157894737,0.9605263157894737,9,10,1.0,0.9
percent,barcode81,2pct,2.0,705,36366,1292,0.9055648076063293,0.9390151212026879,0.9598181090399854,0.09429416493125409,0.10170987113482485,-0.0074157062035707655,0.027971955395079556,0.028396277927024437,-0.0004243225319448818,0.004525718359839459,325,319,0.8123076923076923,0.8275862068965517,177,200,0.8192090395480226,0.725,76,82,0.881578947368421,0.8170731707317073,9,11,0.8888888888888888,0.7272727272727273
percent,barcode81,40pct,40.0,14528,36366,1292,0.9959542730796941,0.9974921536928582,0.9984399797668425,0.09989079391563402,0.10170987113482485,-0.0018190772191908344,0.027850031549559718,0.028396277927024437,-0.0005462463774647194,0.0008090961209215467,325,313,0.9353846153846154,0.9712460063897763,177,170,0.9265536723163842,0.9647058823529412,76,72,0.9342105263157895,0.9861111111111112,9,10,1.0,0.9
percent,barcode81,5pct,5.0,1787,36366,1292,0.9598940565397368,0.9727984313754233,0.9805771098036666,0.09932128997653204,0.10170987113482485,-0.00238858115829281,0.028535424502486827,0.028396277927024437,0.00013914657546238926,0.0028880877048679744,325,334,0.8892307692307693,0.8652694610778443,177,190,0.8813559322033898,0.8210526315789474,76,79,0.868421052631579,0.8354430379746836,9,10,1.0,0.9
percent,barcode82,0p5pct,0.5,133,28487,1225,0.9065111818407822,0.9257350228997104,0.9388252260777703,0.10318055436225844,0.13152803675590916,-0.028347482393650716,0.03603124799032958,0.041430826341182087,-0.005399578350852509,0.008997393349535839,342,296,0.6988304093567251,0.8074324324324325,226,202,0.7389380530973452,0.8267326732673267,123,107,0.7642276422764228,0.8785046728971962,34,34,0.8529411764705882,0.8529411764705882
percent,barcode82,10pct,10.0,2790,28487,1225,0.9925687376960981,0.9954846675528013,0.9959599979950875,0.13123267947519152,0.13152803675590916,-0.00029535728071763967,0.042133289632253254,0.041430826341182087,0.0007024632910711676,0.0021573066726042673,342,367,0.956140350877193,0.8910081743869209,226,243,0.9823008849557522,0.9135802469135802,123,125,0.967479674796748,0.952,34,35,1.0,0.9714285714285714
percent,barcode82,1pct,1.0,266,28487,1225,0.9340135886079349,0.958482886536134,0.9656210407808086,0.11384901192681122,0.13152803675590916,-0.01767902482909793,0.038486737388887006,0.041430826341182087,-0.0029440889522950806,0.006176174885465993,342,325,0.7923976608187134,0.8338461538461538,226,213,0.8141592920353983,0.863849765258216,123,112,0.8373983739837398,0.9196428571428571,34,35,0.9117647058823529,0.8857142857142857
percent,barcode82,20pct,20.0,5581,28487,1226,0.9960295607324912,0.9974895343465756,0.9982544106241565,0.1312659315553916,0.13142075450733173,-0.00015482295194013673,0.04180771424581968,0.041397032844982105,0.0004106814008375745,0.0013737967170065286,342,349,0.9473684210526315,0.9283667621776505,226,232,0.9867256637168141,0.9612068965517241,123,124,0.975609756097561,0.967741935483871,34,35,1.0,0.9714285714285714
percent,barcode82,2pct,2.0,568,28487,1225,0.9701618444277075,0.9798551879851652,0.9852056403703735,0.12622634995567833,0.13152803675590916,-0.005301686800230826,0.042168295575871276,0.041430826341182087,0.0007374692346891892,0.004742915686611078,342,346,0.8596491228070176,0.8497109826589595,226,244,0.9380530973451328,0.8688524590163934,123,140,0.9512195121951219,0.8357142857142857,34,34,0.9411764705882353,0.9411764705882353
percent,barcode82,40pct,40.0,11190,28487,1226,0.9984565125991705,0.9991641483231872,0.9995405881909902,0.13032901101295674,0.13142075450733173,-0.0010917434943749915,0.041217002492726966,0.041397032844982105,-0.00018003035225513941,0.0007796189107055485,342,340,0.9707602339181286,0.9764705882352941,226,227,0.9867256637168141,0.9823788546255506,123,120,0.975609756097561,1.0,34,34,1.0,1.0
percent,barcode82,5pct,5.0,1428,28487,1225,0.9873115976951641,0.9922124793475644,0.9924074785183866,0.12952993892775042,0.13152803675590916,-0.0019980978281587403,0.04201284785296436,0.041430826341182087,0.0005820215117822714,0.0029563835840675963,342,355,0.9210526315789473,0.8873239436619719,226,243,0.9690265486725663,0.9012345679012346,123,130,0.959349593495935,0.9076923076923077,34,35,0.9705882352941176,0.9428571428571428
percent,barcode83,0p5pct,0.5,57,13407,1203,0.8983751122333544,0.8863338937340991,0.9094921697783098,0.14353930104232882,0.17865983685096815,-0.03512053580863933,0.05948985440936454,0.06058689776193903,-0.0010970433525744963,0.015055791467738291,446,459,0.7085201793721974,0.6884531590413944,308,350,0.762987012987013,0.6714285714285714,178,188,0.848314606741573,0.8031914893617021,58,65,0.7931034482758621,0.7076923076923077
percent,barcode83,10pct,10.0,1351,13407,1209,0.9831199236873004,0.9886930139303312,0.9902716964533275,0.17373864813830506,0.18146378937223273,-0.007725141233927674,0.06000805014574689,0.06164051349832548,-0.001632463352578592,0.003861840683442008,452,452,0.9491150442477876,0.9491150442477876,314,312,0.9394904458598726,0.9455128205128205,182,181,0.9615384615384616,0.9668508287292817,59,55,0.9152542372881356,0.9818181818181818
percent,barcode83,1pct,1.0,135,13407,1209,0.9221684731046363,0.9405312825975248,0.95810826664374,0.15510702474408075,0.18146378937223273,-0.02635676462815198,0.05906004794444086,0.06164051349832548,-0.002580465553884616,0.010831304423360317,452,436,0.7632743362831859,0.7912844036697247,314,312,0.7993630573248408,0.8044871794871795,182,183,0.8956043956043956,0.8907103825136612,59,67,0.8813559322033898,0.7761194029850746
percent,barcode83,20pct,20.0,2682,13407,1209,0.9941884750111359,0.9962567485317028,0.9970010264743101,0.17668925187210133,0.18146378937223273,-0.004774537500131404,0.06042585469391331,0.06164051349832548,-0.0012146588044121692,0.002313289891244948,452,455,0.9623893805309734,0.9560439560439561,314,318,0.9617834394904459,0.949685534591195,182,184,0.9725274725274725,0.9619565217391305,59,56,0.9322033898305084,0.9821428571428571
percent,barcode83,2pct,2.0,265,13407,1209,0.9449308325233073,0.9602121394590432,0.9676918361883668,0.16575360433499528,0.18146378937223273,-0.01571018503723745,0.060792192775172865,0.06164051349832548,-0.0008483207231526138,0.008588956716344628,452,448,0.8429203539823009,0.8504464285714286,314,309,0.8535031847133758,0.8673139158576052,182,191,0.9395604395604396,0.8952879581151832,59,62,0.9152542372881356,0.8709677419354839
percent,barcode83,40pct,40.0,5339,13407,1209,0.9981545546119547,0.998786110993581,0.9988012935266181,0.17911483873194464,0.18146378937223273,-0.002348950640288089,0.06100374187304389,0.06164051349832548,-0.0006367716252815916,0.0015365222153986397,452,456,0.9823008849557522,0.9736842105263158,314,313,0.9777070063694268,0.9808306709265175,182,181,0.9835164835164835,0.988950276243094,59,58,0.9491525423728814,0.9655172413793104
percent,barcode83,5pct,5.0,684,13407,1209,0.977378379059026,0.9854185981217793,0.9886703254046635,0.16857641792132766,0.18146378937223273,-0.012887371450905072,0.058990640298611084,0.06164051349832548,-0.002649873199714395,0.005279171686430467,452,434,0.8849557522123894,0.9216589861751152,314,301,0.8885350318471338,0.9269102990033222,182,180,0.9340659340659341,0.9444444444444444,59,54,0.8813559322033898,0.9629629629629629
percent,barcode84,0p5pct,0.5,177,37357,1194,0.9107547575352669,0.8857804990998303,0.9010869489887503,0.1028241310515721,0.10789463276831335,-0.005070501716741241,0.03512222595482177,0.031533639113104854,0.003588586841716916,0.00774454844314478,287,352,0.8466898954703833,0.6903409090909091,183,203,0.8743169398907104,0.7881773399014779,82,95,0.8902439024390244,0.7684210526315789,16,25,1.0,0.64
percent,barcode84,10pct,10.0,3678,37357,1194,0.9898080899079438,0.9936837545591459,0.9966282047717914,0.10550111469425254,0.10789463276831335,-0.0023935180740608103,0.031253901927030044,0.031533639113104854,-0.00027973718607481046,0.0016700032768825392,287,290,0.9198606271777003,0.9103448275862069,183,177,0.9344262295081968,0.9661016949152542,82,83,0.926829268292683,0.9156626506024096,16,17,1.0,0.9411764705882353
percent,barcode84,1pct,1.0,378,37357,1194,0.9441504195998277,0.9454689120409199,0.9551632520365677,0.09909369619616076,0.10789463276831335,-0.008800936572152585,0.031721282195681495,0.031533639113104854,0.0001876430825766412,0.005093130493837717,287,293,0.8362369337979094,0.8191126279863481,183,189,0.8743169398907104,0.8465608465608465,82,83,0.8414634146341463,0.8313253012048193,16,20,0.9375,0.75
percent,barcode84,20pct,20.0,7427,37357,1194,0.9968308808687241,0.9984778611200598,0.9992436944638439,0.10555993384501715,0.10789463276831335,-0.0023346989232961995,0.03099256502680172,0.031533639113104854,-0.0005410740863031338,0.0009412056131862958,287,292,0.9547038327526133,0.9383561643835616,183,176,0.9508196721311475,0.9886363636363636,82,79,0.9390243902439024,0.9746835443037974,16,16,1.0,1.0
percent,barcode84,2pct,2.0,762,37357,1194,0.9677615942833382,0.9800001978422894,0.9890932673706143,0.10500295999312192,0.10789463276831335,-0.002891672775191423,0.03224557794745889,0.031533639113104854,0.0007119388343540325,0.0033324143025300988,287,314,0.8989547038327527,0.821656050955414,183,193,0.9180327868852459,0.8704663212435233,82,90,0.975609756097561,0.8888888888888888,16,16,0.9375,0.9375
percent,barcode84,40pct,40.0,14954,37357,1194,0.9988645580748401,0.9994391611388073,0.9996581475178752,0.10694670376393625,0.10789463276831335,-0.000947929004377096,0.031306061481065295,0.031533639113104854,-0.00022757763203955922,0.0005652019025452462,287,295,0.9895470383275261,0.9627118644067797,183,178,0.9617486338797814,0.9887640449438202,82,79,0.9634146341463414,1.0,16,16,1.0,1.0
percent,barcode84,5pct,5.0,1839,37357,1194,0.9854562687229169,0.9923657515516294,0.9959580873125986,0.10524099409344495,0.10789463276831335,-0.002653638674868397,0.03147054846448551,0.031533639113104854,-6.309064861934749e-05,0.0021174347980127497,287,311,0.9337979094076655,0.8617363344051447,183,179,0.9234972677595629,0.9441340782122905,82,84,0.9512195121951219,0.9285714285714286,16,15,0.9375,1.0
percent,barcode85,0p5pct,0.5,85,18290,1128,0.9081623107253075,0.9432282278967584,0.9626886443426595,0.07515064739781036,0.11105446562104716,-0.03590381822323681,0.024984732368718468,0.03240981046570238,-0.007425078096983909,0.00744186656192077,295,402,0.7830508474576271,0.5746268656716418,186,155,0.7043010752688172,0.8451612903225807,75,59,0.68,0.864406779661017,14,14,0.9285714285714286,0.9285714285714286
percent,barcode85,10pct,10.0,1879,18290,1157,0.9906983976067468,0.9949561562352898,0.997711741778705,0.10951138151548145,0.11002181045091444,-0.0005104289354329883,0.03251673335554734,0.03202622701074816,0.0004905063447991839,0.0017985057737414268,299,319,0.9531772575250836,0.8934169278996865,189,196,0.9735449735449735,0.9387755102040817,75,77,0.96,0.935064935064935,14,14,1.0,1.0
percent,barcode85,1pct,1.0,191,18290,1135,0.9539603648102045,0.975240117844784,0.9859063958919432,0.09482907812292425,0.11102989462228774,-0.016200816499363488,0.02983083560840013,0.03238452845578359,-0.0025536928473834583,0.004861152830555018,297,367,0.8754208754208754,0.7084468664850136,188,176,0.8085106382978723,0.8636363636363636,75,72,0.8666666666666667,0.9027777777777778,14,14,1.0,1.0
percent,barcode85,20pct,20.0,3736,18290,1157,0.9964115959691925,0.9981572428579804,0.9991504270640039,0.10984289852928728,0.11002181045091444,-0.0001789119216271673,0.03231270632328762,0.03202622701074816,0.00028647931253946574,0.0011172222803083494,299,306,0.9565217391304348,0.934640522875817,189,196,0.9841269841269841,0.9489795918367347,75,75,0.96,0.96,14,14,1.0,1.0
percent,barcode85,2pct,2.0,355,18290,1149,0.9412904412047864,0.9467246478618296,0.9776434025184915,0.09947631121721646,0.11072817514190395,-0.01125186392468748,0.030504897933552676,0.032236734159868094,-0.0017318362263154183,0.004243460130452719,299,317,0.8528428093645485,0.804416403785489,189,180,0.8465608465608465,0.8888888888888888,75,69,0.84,0.9130434782608695,14,15,1.0,0.9333333333333333
percent,barcode85,40pct,40.0,7324,18290,1157,0.9983925871422169,0.999225730373058,0.9996132899337393,0.11113751426782184,0.11002181045091444,0.0011157038169073985,0.03254755104580984,0.03202622701074816,0.0005213240350616863,0.000762937350471073,299,303,0.9765886287625418,0.9636963696369637,189,189,0.9894179894179894,0.9894179894179894,75,78,0.9866666666666667,0.9487179487179487,14,14,1.0,1.0
percent,barcode85,5pct,5.0,937,18290,1157,0.9844876720449192,0.9914273866287141,0.9959362124245824,0.10937831418836311,0.11002181045091444,-0.0006434962625513352,0.03287833940138959,0.03202622701074816,0.000852112390641431,0.002354968661345292,299,325,0.9565217391304348,0.88,189,191,0.9523809523809523,0.9424083769633508,75,82,0.9866666666666667,0.9024390243902439,14,14,1.0,1.0
percent,barcode86,0p5pct,0.5,153,30397,1130,0.9177467010298577,0.9398425105177824,0.9640898814892739,0.10363748868054906,0.0893117082376003,0.014325780442948757,0.03401571090579449,0.025680316944714388,0.008335393961080104,0.007820490509021111,227,325,0.8986784140969163,0.6276923076923077,128,219,0.9609375,0.5616438356164384,51,95,0.9803921568627451,0.5263157894736842,18,18,1.0,1.0
percent,barcode86,10pct,10.0,3015,30397,1153,0.993377798599812,0.9970355717544314,0.998245307411897,0.08775366684172545,0.08914506147636034,-0.0013913946346348904,0.025512259237870514,0.025581727566894356,-6.94683290238425e-05,0.0011402713719073417,232,250,0.9741379310344828,0.904,131,135,0.9465648854961832,0.9185185185185185,52,53,0.9615384615384616,0.9433962264150944,18,18,1.0,1.0
percent,barcode86,1pct,1.0,304,30397,1132,0.9581011743675788,0.9795002528709762,0.9898616349475212,0.09088633561716958,0.08919698543510832,0.001689350182061261,0.027994252683176523,0.025643503449528718,0.002350749233647805,0.003968307942440943,227,303,0.9162995594713657,0.6864686468646864,128,151,0.90625,0.7682119205298014,51,62,0.9607843137254902,0.7903225806451613,18,18,1.0,1.0
percent,barcode86,20pct,20.0,6069,30397,1153,0.9961533313707653,0.9978850619945935,0.9989309330977653,0.08936088056212613,0.08914506147636034,0.00021581908576578934,0.025799824868930354,0.025581727566894356,0.00021809730203599734,0.000870849408935631,232,244,0.9655172413793104,0.9180327868852459,131,135,0.9694656488549618,0.9407407407407408,52,51,0.9807692307692307,1.0,18,18,1.0,1.0
percent,barcode86,2pct,2.0,575,30397,1136,0.9713113827102542,0.9875713959690974,0.9944704307306361,0.08530167912664914,0.0891919803305364,-0.003890301203887253,0.025454093800746473,0.02562098626703212,-0.00016689246628564733,0.0027316888700310436,227,245,0.8942731277533039,0.8285714285714286,128,138,0.90625,0.8405797101449275,51,51,0.9215686274509803,0.9215686274509803,18,19,1.0,0.9473684210526315
percent,barcode86,40pct,40.0,12072,30397,1153,0.998338771197835,0.9991501314165891,0.9996012361634711,0.08963763755529527,0.08914506147636034,0.0004925760789349365,0.025775613683237927,0.025581727566894356,0.00019388611634357095,0.0005033121189601045,232,245,0.9913793103448276,0.9387755102040817,131,132,0.9770992366412213,0.9696969696969697,52,52,1.0,1.0,18,18,1.0,1.0
percent,barcode86,5pct,5.0,1491,30397,1153,0.982285476045255,0.9893906174068073,0.9955815628748496,0.08640810548252685,0.08914506147636034,-0.002736955993833487,0.025398315003976414,0.025581727566894356,-0.00018341256291794228,0.0018024438660448625,232,233,0.9224137931034483,0.9184549356223176,131,133,0.916030534351145,0.9022556390977443,52,55,0.9423076923076923,0.8909090909090909,18,18,1.0,1.0
percent,barcode87,0p5pct,0.5,210,41007,1138,0.917945683915062,0.9504821628577738,0.9743441735308834,0.08948227250675772,0.08981102049473975,-0.00032874798798203375,0.027520922635121254,0.02473827507085893,0.0027826475642623236,0.0052989530706096305,242,344,0.8925619834710744,0.627906976744186,131,176,0.8396946564885496,0.625,46,63,0.9565217391304348,0.6984126984126984,9,9,0.8888888888888888,0.8888888888888888
percent,barcode87,10pct,10.0,4189,41007,1175,0.9837429561559784,0.9890177307515017,0.9937033629839072,0.09009891186324576,0.09270543043026254,-0.002606518567016783,0.025218234893436855,0.025759012999629252,-0.0005407781061923973,0.001368677362498878,259,267,0.9575289575289575,0.9288389513108615,140,136,0.9214285714285714,0.9485294117647058,52,48,0.8846153846153846,0.9583333333333334,9,9,0.8888888888888888,0.8888888888888888
percent,barcode87,1pct,1.0,409,41007,1175,0.9152723396978824,0.9063428235967871,0.9432705721429744,0.08849007940202003,0.09270543043026254,-0.004215351028242512,0.02728836607475199,0.025759012999629252,0.0015293530751227385,0.004676584240317708,259,273,0.8378378378378378,0.7948717948717948,140,153,0.8428571428571429,0.7712418300653595,52,62,0.8653846153846154,0.7258064516129032,9,14,1.0,0.6428571428571429
percent,barcode87,20pct,20.0,8286,41007,1175,0.9931449992132954,0.9960571673491188,0.9980898070218721,0.09095336033704114,0.09270543043026254,-0.0017520700932213973,0.025385249495707165,0.025759012999629252,-0.00037376350392208726,0.0008485499625629794,259,254,0.9498069498069498,0.968503937007874,140,134,0.9285714285714286,0.9701492537313433,52,48,0.9230769230769231,1.0,9,9,1.0,1.0
percent,barcode87,2pct,2.0,835,41007,1175,0.935479170274707,0.9585781487184002,0.9743172586388259,0.08635537655252333,0.09270543043026254,-0.006350053877739209,0.02499814790012668,0.025759012999629252,-0.0007608650995025723,0.0029540941807958214,259,253,0.8571428571428571,0.8774703557312253,140,142,0.8857142857142857,0.8732394366197183,52,51,0.8846153846153846,0.9019607843137255,9,11,1.0,0.8181818181818182
percent,barcode87,40pct,40.0,16436,41007,1175,0.9982130463210012,0.9989028775192704,0.9992791291781765,0.09208102170913204,0.09270543043026254,-0.0006244087211304955,0.02563119713382977,0.025759012999629252,-0.0001278158657994806,0.0005205146335369638,259,262,0.9806949806949807,0.9694656488549618,140,136,0.95,0.9779411764705882,52,51,0.9807692307692307,1.0,9,9,1.0,1.0
percent,barcode87,5pct,5.0,2123,41007,1175,0.9774716480188005,0.9859744336232583,0.9918812301028058,0.08914811925735878,0.09270543043026254,-0.0035573111729037543,0.02518100323229105,0.025759012999629252,-0.0005780097673382008,0.0017288773390469723,259,265,0.9305019305019305,0.909433962264151,140,146,0.9214285714285714,0.8835616438356164,52,51,0.9230769230769231,0.9411764705882353,9,9,0.7777777777777778,0.7777777777777778
percent,barcode88,0p5pct,0.5,158,32016,1129,0.9476703197075732,0.9723345914014875,0.975344226543269,0.08718178111338186,0.0942102945216772,-0.007028513408295342,0.027870612555363303,0.027157126842673535,0.0007134857126897681,0.005144612380705628,224,278,0.8258928571428571,0.6654676258992805,140,164,0.9214285714285714,0.7865853658536586,61,64,0.8360655737704918,0.796875,13,22,1.0,0.5909090909090909
percent,barcode88,10pct,10.0,3245,32016,1129,0.9963937982395696,0.9983190824600646,0.9984363746150675,0.09515134517586377,0.0942102945216772,0.0009410506541865649,0.02765983966828261,0.027157126842673535,0.0005027128256090731,0.00113724359212269,224,236,0.9776785714285714,0.9279661016949152,140,145,1.0,0.9655172413793104,61,61,0.9672131147540983,0.9672131147540983,13,14,1.0,0.9285714285714286
percent,barcode88,1pct,1.0,323,32016,1129,0.970085002847087,0.9864550478505569,0.9902992595877071,0.089653536873978,0.0942102945216772,-0.004556757647699208,0.02747765081495928,0.027157126842673535,0.0003205239722857446,0.003291701575081083,224,258,0.8660714285714286,0.751937984496124,140,150,0.9428571428571428,0.88,61,58,0.8360655737704918,0.8793103448275862,13,13,1.0,1.0
percent,barcode88,20pct,20.0,6328,32016,1129,0.9982166686997203,0.9991128229333115,0.9993285302610507,0.09484964952317161,0.0942102945216772,0.0006393550014944099,0.02746506002065548,0.027157126842673535,0.00030793317798194497,0.0007714448613932497,224,229,0.9776785714285714,0.9563318777292577,140,144,0.9928571428571429,0.9652777777777778,61,61,1.0,1.0,13,14,1.0,0.9285714285714286
percent,barcode88,2pct,2.0,632,32016,1129,0.9810708255028442,0.9910021267163656,0.9935916356595876,0.08929198868854091,0.0942102945216772,-0.004918305833136294,0.02672122635477413,0.027157126842673535,-0.0004359004878994044,0.0026478692604387983,224,241,0.90625,0.8423236514522822,140,139,0.9357142857142857,0.9424460431654677,61,48,0.7540983606557377,0.9583333333333334,13,16,1.0,0.8125
percent,barcode88,40pct,40.0,12715,32016,1129,0.9993328176386538,0.9996908446208581,0.9997943310842343,0.09291832144486255,0.0942102945216772,-0.0012919730768146537,0.026755362400557318,0.027157126842673535,-0.00040176444211621753,0.0005004867687330734,224,222,0.9821428571428571,0.990990990990991,140,140,1.0,1.0,61,60,0.9836065573770492,1.0,13,13,1.0,1.0
percent,barcode88,5pct,5.0,1596,32016,1129,0.9917255378751919,0.9960262263369585,0.997564799322302,0.09638982329674393,0.0942102945216772,0.002179528775066733,0.02820198449501237,0.027157126842673535,0.0010448576523388355,0.0016336720092537743,224,240,0.9419642857142857,0.8791666666666667,140,153,1.0,0.9150326797385621,61,65,0.9508196721311475,0.8923076923076924,13,13,1.0,1.0
percent,barcode89,0p5pct,0.5,62,9567,1175,0.8104137497639488,0.7775783264086631,0.7899668337567259,0.11784367618008693,0.17639975357228788,-0.05855607739220095,0.04339685400253517,0.05833073108171462,-0.014933877079179446,0.01644027169066947,445,448,0.755056179775281,0.75,326,305,0.6901840490797546,0.7377049180327869,173,152,0.6994219653179191,0.7960526315789473,44,21,0.3409090909090909,0.7142857142857143
percent,barcode89,10pct,10.0,983,9567,1180,0.9815293513635833,0.9825827811104932,0.9813230462911219,0.18065325391229256,0.17697507102157528,0.0036781828907172798,0.06175966097578604,0.058492486308543104,0.003267174667242939,0.004765099617457709,449,462,0.955456570155902,0.9285714285714286,330,350,0.9575757575757575,0.9028571428571428,176,192,0.9715909090909091,0.890625,44,51,0.9772727272727273,0.8431372549019608
percent,barcode89,1pct,1.0,122,9567,1180,0.8993074699406356,0.8982791441407011,0.919406335225485,0.13500387354484708,0.17697507102157528,-0.0419711974767282,0.04774110714775747,0.058492486308543104,-0.010751379160785633,0.012095029201894855,449,462,0.7750556792873051,0.7532467532467533,330,288,0.7666666666666667,0.8784722222222222,176,160,0.7954545454545454,0.875,44,25,0.5454545454545454,0.96
percent,barcode89,20pct,20.0,1981,9567,1180,0.9911503617015219,0.9925143057854348,0.9932280342271765,0.17648609737003224,0.17697507102157528,-0.0004889736515430454,0.05903693119631599,0.058492486308543104,0.000544444887772888,0.0026147156102936417,449,461,0.9665924276169265,0.9414316702819957,330,339,0.9696969696969697,0.943952802359882,176,181,0.9772727272727273,0.9502762430939227,44,45,1.0,0.9777777777777777
percent,barcode89,2pct,2.0,200,9567,1180,0.9475495570660813,0.9461876012694198,0.9507411817670139,0.16530792696307126,0.17697507102157528,-0.011667144058504025,0.05829460896386567,0.058492486308543104,-0.0001978773446774315,0.008372874605252979,449,492,0.9131403118040089,0.8333333333333334,330,333,0.8909090909090909,0.8828828828828829,176,185,0.9090909090909091,0.8648648648648649,44,43,0.8409090909090909,0.8604651162790697
percent,barcode89,40pct,40.0,3906,9567,1180,0.9969139355647508,0.9976845072256062,0.9979863174916255,0.17744477061427696,0.17697507102157528,0.0004696995927016834,0.058976574390641745,0.058492486308543104,0.00048408808209864096,0.0016379902147282566,449,453,0.9710467706013363,0.9624724061810155,330,337,0.9787878787878788,0.9584569732937686,176,177,0.9886363636363636,0.9830508474576272,44,45,1.0,0.9777777777777777
percent,barcode89,5pct,5.0,484,9567,1180,0.9672493456510968,0.9668387097216858,0.969562012836201,0.17821759578811708,0.17697507102157528,0.0012425247665417971,0.061979922649098476,0.058492486308543104,0.003487436340555372,0.006608203475117075,449,465,0.9175946547884187,0.886021505376344,330,342,0.9212121212121213,0.8888888888888888,176,203,0.9715909090909091,0.8423645320197044,44,51,0.9772727272727273,0.8431372549019608
percent,barcode90,0p5pct,0.5,33,6327,1129,0.9305439579691822,0.9437100575516788,0.948371249351969,0.19617932764190557,0.20561960838603285,-0.009440280744127283,0.082519764673087,0.07283131479097103,0.009688449882115965,0.02013439374664662,440,423,0.7727272727272727,0.8037825059101655,338,423,0.8875739644970414,0.7092198581560284,210,246,0.9,0.7682926829268293,84,106,0.9404761904761905,0.7452830188679245
percent,barcode90,10pct,10.0,656,6327,1293,0.9738737764629057,0.9768730103460246,0.9724819634200583,0.21571022267929646,0.2232220389801099,-0.007511816300813434,0.08018924946693005,0.08019726630000192,-8.016833071861074e-06,0.007570272647216477,539,527,0.9257884972170687,0.9468690702087287,420,419,0.9333333333333333,0.9355608591885441,261,273,0.9386973180076629,0.8974358974358975,108,107,0.9259259259259259,0.9345794392523364
percent,barcode90,1pct,1.0,66,6327,1282,0.9136363331089161,0.9032485298774512,0.9198675445551627,0.2126888249385449,0.22376635280980356,-0.011077527871258652,0.0912575471801689,0.0803391619045777,0.010918385275591205,0.020107312011680846,537,581,0.8063314711359404,0.7452667814113597,418,422,0.8038277511961722,0.7962085308056872,259,297,0.8803088803088803,0.7676767676767676,107,132,0.9439252336448598,0.7651515151515151
percent,barcode90,20pct,20.0,1262,6327,1293,0.9871361416075594,0.9903502528079288,0.9905085452208362,0.21742202760279566,0.2232220389801099,-0.005800011377314229,0.07932004879234929,0.08019726630000192,-0.0008772175076526278,0.004992009099267307,539,542,0.9554730983302412,0.9501845018450185,420,426,0.9404761904761905,0.9272300469483568,261,262,0.9540229885057471,0.950381679389313,108,108,0.9537037037037037,0.9537037037037037
percent,barcode90,2pct,2.0,140,6327,1282,0.935927426018843,0.9104126507445721,0.9203175669025454,0.20286173824519635,0.22376635280980356,-0.02090461456460721,0.08307750693253693,0.0803391619045777,0.0027383450279592353,0.014686957363501126,537,486,0.7951582867783985,0.8786008230452675,418,395,0.8301435406698564,0.8784810126582279,259,260,0.8764478764478765,0.8730769230769231,107,115,0.897196261682243,0.8347826086956521
percent,barcode90,40pct,40.0,2484,6327,1293,0.9946099504560919,0.9955097984386599,0.9952423919790435,0.2198109616027584,0.2232220389801099,-0.0034110773773514957,0.07944098418184366,0.08019726630000192,-0.000756282118158258,0.0031439168340622247,539,547,0.9777365491651205,0.9634369287020109,420,426,0.9809523809523809,0.9671361502347418,261,260,0.9693486590038314,0.9730769230769231,108,107,0.9629629629629629,0.9719626168224299
percent,barcode90,5pct,5.0,323,6327,1293,0.963123742240251,0.966380945789835,0.957856512064129,0.2168306900412256,0.2232220389801099,-0.006391348938884295,0.0832288960551431,0.08019726630000192,0.0030316297551411797,0.0105084050151572,539,530,0.87569573283859,0.8905660377358491,420,406,0.8809523809523809,0.9113300492610837,261,279,0.9348659003831418,0.8745519713261649,108,117,0.9259259259259259,0.8547008547008547
percent,barcode91,0p5pct,0.5,35,6190,1128,0.9103414216967414,0.9310234507619697,0.9367628843411081,0.1534675001595135,0.1896676059682713,-0.03620010580875782,0.06088738808985986,0.06483411756453526,-0.003946729474675399,0.014536081113222422,450,384,0.7022222222222222,0.8229166666666666,334,384,0.8473053892215568,0.7369791666666666,198,213,0.8838383838383839,0.8215962441314554,55,51,0.7090909090909091,0.7647058823529411
percent,barcode91,10pct,10.0,617,6190,1220,0.9735855952177028,0.9764330949724759,0.9735802492248655,0.20961206349934758,0.2082231339624331,0.0013889295369144683,0.07572959114468643,0.07219705596079992,0.0035325351838865066,0.007440669963114534,518,521,0.9382239382239382,0.9328214971209213,391,401,0.9462915601023018,0.9226932668329177,240,262,0.9583333333333334,0.8778625954198473,67,72,0.9552238805970149,0.8888888888888888
percent,barcode91,1pct,1.0,63,6190,1129,0.9477221343180332,0.953504933648742,0.9583473802402253,0.18208948657263688,0.18971481389643985,-0.007625327323802972,0.07029270188193285,0.06483425495150608,0.005458446930426769,0.012618746614434911,451,509,0.8514412416851441,0.7544204322200393,334,380,0.874251497005988,0.7684210526315789,198,223,0.9393939393939394,0.8340807174887892,55,66,0.9272727272727272,0.7727272727272727
percent,barcode91,20pct,20.0,1221,6190,1220,0.9908671013454092,0.9927067465453674,0.990159377378841,0.20746031802717996,0.2082231339624331,-0.0007628159352531527,0.07359158365670826,0.07219705596079992,0.0013945276959083375,0.004384055337703217,518,515,0.9555984555984556,0.9611650485436893,391,402,0.9718670076726342,0.945273631840796,240,252,0.9791666666666666,0.9325396825396826,67,70,0.9850746268656716,0.9428571428571428
percent,barcode91,2pct,2.0,134,6190,1204,0.9001868476546822,0.8700960311389224,0.8954803343940346,0.18508027932448032,0.20720521826611882,-0.0221249389416385,0.07377574586545821,0.07177954875465298,0.001996197110805231,0.013407923237996803,510,479,0.8019607843137255,0.8538622129436325,385,359,0.8181818181818182,0.8774373259052924,235,226,0.8595744680851064,0.8938053097345132,66,84,0.8939393939393939,0.7023809523809523
percent,barcode91,40pct,40.0,2444,6190,1220,0.9959583285355089,0.9969609491162453,0.9967839146027384,0.20720504479110627,0.2082231339624331,-0.0010180891713268414,0.07258557494324609,0.07219705596079992,0.00038851898244617045,0.002686350401270766,518,526,0.9826254826254827,0.967680608365019,391,398,0.979539641943734,0.9623115577889447,240,240,0.9791666666666666,0.9791666666666666,67,67,0.9552238805970149,0.9552238805970149
percent,barcode91,5pct,5.0,309,6190,1220,0.9599815086256636,0.967988887070398,0.9694557542935853,0.20170532349747491,0.2082231339624331,-0.006517810464958196,0.07436126198177916,0.07219705596079992,0.002164206020979234,0.008217883925322196,518,524,0.8938223938223938,0.8835877862595419,391,410,0.9335038363171355,0.8902439024390244,240,259,0.95,0.8803088803088803,67,74,0.9701492537313433,0.8783783783783784
percent,barcode92,0p5pct,0.5,174,36203,1129,0.9171845703686198,0.9451264757726586,0.9630495184366743,0.0828718127732563,0.08423839299303881,-0.0013665802197825178,0.02454028222436288,0.021916088220013754,0.002624194004349125,0.004863821710765775,234,314,0.8760683760683761,0.6528662420382165,137,181,0.9124087591240876,0.6906077348066298,54,67,0.9814814814814815,0.7910447761194029,3,3,1.0,1.0
percent,barcode92,10pct,10.0,3568,36203,1158,0.9879070641325645,0.9929670745565665,0.9962605367237106,0.08175677493610577,0.08364997124511209,-0.0018931963090063203,0.02142083051016072,0.021721119965137002,-0.00030028945497628107,0.0010706491753392688,239,239,0.9163179916317992,0.9163179916317992,138,144,0.9637681159420289,0.9236111111111112,54,53,0.9814814814814815,1.0,3,3,1.0,1.0
percent,barcode92,1pct,1.0,383,36203,1158,0.9438934775127347,0.9664038653704827,0.9803952072305879,0.08245886285722726,0.08364997124511209,-0.0011911083878848316,0.023142531525395037,0.021721119965137002,0.0014214115602580353,0.003255193696538182,239,276,0.8786610878661087,0.7608695652173914,138,151,0.927536231884058,0.847682119205298,54,67,1.0,0.8059701492537313,3,2,0.6666666666666666,1.0
percent,barcode92,20pct,20.0,7180,36203,1158,0.9954652518312492,0.9974782191820178,0.998652502667359,0.08308904572389975,0.08364997124511209,-0.000560925521212341,0.021650504591396127,0.021721119965137002,-7.061537374087462e-05,0.0006837037906239703,239,237,0.9372384937238494,0.9451476793248945,138,144,0.9782608695652174,0.9375,54,54,1.0,1.0,3,3,1.0,1.0
percent,barcode92,2pct,2.0,721,36203,1158,0.9644854769448534,0.9788181917375346,0.9869771134551552,0.08367658885519658,0.08364997124511209,2.6617610084489485e-05,0.02293059633802484,0.021721119965137002,0.0012094763728878362,0.0024883586163453415,239,257,0.9079497907949791,0.8443579766536965,138,149,0.9347826086956522,0.8657718120805369,54,62,1.0,0.8709677419354839,3,3,1.0,1.0
percent,barcode92,40pct,40.0,14459,36203,1160,0.9981637237824875,0.9990892881130639,0.9995123437464423,0.08383419615588138,0.08350574715675846,0.00032844899912291836,0.021848588505067094,0.02168366975830056,0.00016491874676653404,0.00042358594436187633,239,238,0.9665271966527197,0.9705882352941176,138,145,0.9855072463768116,0.9379310344827586,54,55,1.0,0.9818181818181818,3,3,1.0,1.0
percent,barcode92,5pct,5.0,1759,36203,1158,0.9807523742882094,0.9872446961614427,0.9903819965312887,0.08104630754816965,0.08364997124511209,-0.0026036636969424404,0.021541117713198228,0.021721119965137002,-0.00018000225193877395,0.0014580948845437144,239,238,0.9121338912133892,0.9159663865546218,138,144,0.9420289855072463,0.9027777777777778,54,59,1.0,0.9152542372881356,3,3,1.0,1.0
percent,barcode93,0p5pct,0.5,162,34345,1130,0.9235328026550153,0.9490177216044119,0.9718117207282171,0.08326704530777498,0.1076152439842679,-0.02434819867649292,0.02750420386608359,0.0323302598878613,-0.004826056021777707,0.006480776316027725,267,265,0.7490636704119851,0.7547169811320755,179,140,0.6312849162011173,0.8071428571428572,79,67,0.7721518987341772,0.9104477611940298,19,18,0.8947368421052632,0.9444444444444444
percent,barcode93,10pct,10.0,3480,34345,1187,0.9822037227449515,0.9898156841306871,0.9969489710812589,0.10313628631801697,0.1084695120753336,-0.005333225757316637,0.03143951916468967,0.032573559407495824,-0.001134040242806153,0.0017445254642552293,288,278,0.9166666666666666,0.9496402877697842,191,181,0.9057591623036649,0.9558011049723757,83,77,0.9036144578313253,0.974025974025974,20,20,1.0,1.0
percent,barcode93,1pct,1.0,336,34345,1131,0.9490985052166994,0.9664233458261516,0.9793635631307249,0.09382309142537806,0.10817926042885372,-0.014356169003475652,0.029606454555134283,0.03259810896781025,-0.002991654412675966,0.0048600474478090365,268,287,0.8507462686567164,0.794425087108014,180,155,0.75,0.8709677419354839,80,62,0.75,0.967741935483871,20,18,0.9,1.0
percent,barcode93,20pct,20.0,6940,34345,1187,0.9884299201169193,0.993614635809994,0.997793244540027,0.10694711859205432,0.1084695120753336,-0.0015223934832792885,0.03237293089052476,0.032573559407495824,-0.00020062851697106449,0.0013005493273055523,288,293,0.9548611111111112,0.9385665529010239,191,195,0.93717277486911,0.9179487179487179,83,83,0.963855421686747,0.963855421686747,20,20,1.0,1.0
percent,barcode93,2pct,2.0,686,34345,1149,0.975821784820135,0.9880174725025168,0.9928615033092639,0.09976377456534705,0.10818025856010369,-0.00841648399475664,0.03088417589837771,0.032514362089291614,-0.001630186190913905,0.003135239176436949,274,291,0.9014598540145985,0.8487972508591065,183,170,0.8415300546448088,0.9058823529411765,80,72,0.875,0.9722222222222222,20,18,0.9,1.0
percent,barcode93,40pct,40.0,13785,34345,1187,0.9957068081519598,0.9976824920528021,0.9989650721663074,0.10748678642297423,0.1084695120753336,-0.0009827256523593786,0.03235383004580253,0.032573559407495824,-0.0002197293616932952,0.0008009943851864708,288,293,0.9722222222222222,0.9556313993174061,191,191,0.9633507853403142,0.9633507853403142,83,82,0.9879518072289156,1.0,20,20,1.0,1.0
percent,barcode93,5pct,5.0,1782,34345,1187,0.963220757090884,0.9651882547599019,0.9862441651346606,0.10547737761341286,0.1084695120753336,-0.002992134461920745,0.03263370982814521,0.032573559407495824,6.015042064938525e-05,0.002578179827570452,288,285,0.9131944444444444,0.9228070175438596,191,185,0.9109947643979057,0.9405405405405406,83,90,0.963855421686747,0.8888888888888888,20,18,0.9,1.0
percent,barcode94,0p5pct,0.5,132,23663,1128,0.9033984917065374,0.9285637212701529,0.9515483482661842,0.079176147336704,0.08083259618344192,-0.0016564488467379207,0.025180150448812718,0.021745012524965638,0.00343513792384708,0.006275750133743743,196,284,0.9132653061224489,0.6302816901408451,130,175,0.9538461538461539,0.7085714285714285,38,87,0.9210526315789473,0.40229885057471265,7,8,1.0,0.875
percent,barcode94,10pct,10.0,2371,23663,1129,0.9918818807792796,0.9963157925395127,0.9980700994885132,0.07684109559991487,0.08076099955263286,-0.00391990395271799,0.02094738941854388,0.021725752106431566,-0.0007783626878876855,0.0011952812330122053,196,190,0.9030612244897959,0.9315789473684211,130,124,0.9384615384615385,0.9838709677419355,38,41,1.0,0.926829268292683,7,7,1.0,1.0
percent,barcode94,1pct,1.0,252,23663,1129,0.9423497938083085,0.9651932594687026,0.9789244097841714,0.07408201893012793,0.08076099955263286,-0.006678980622504924,0.02204792577375289,0.021725752106431566,0.0003221736673213252,0.003775010078135035,196,236,0.8826530612244898,0.7330508474576272,130,149,0.9461538461538461,0.825503355704698,38,50,0.9210526315789473,0.7,7,7,1.0,1.0
percent,barcode94,20pct,20.0,4715,23663,1129,0.9960198355188711,0.9982159665442093,0.9990979149031342,0.07824956727025813,0.08076099955263286,-0.0025114322823747287,0.02114021129228262,0.021725752106431566,-0.0005855408141489452,0.000838871474389021,196,187,0.9336734693877551,0.9786096256684492,130,120,0.9230769230769231,1.0,38,39,1.0,0.9743589743589743,7,7,1.0,1.0
percent,barcode94,2pct,2.0,475,23663,1129,0.9666461867365266,0.9837388507065008,0.9917504263804667,0.07450070680259939,0.08076099955263286,-0.0062602927500334665,0.02122215139706603,0.021725752106431566,-0.0005036007093655349,0.0025023996378426452,196,213,0.8928571428571429,0.8215962441314554,130,129,0.9153846153846154,0.9224806201550387,38,39,0.9473684210526315,0.9230769230769231,7,7,1.0,1.0
percent,barcode94,40pct,40.0,9445,23663,1129,0.998612541711829,0.9993432129382592,0.999599470277954,0.07929826383585299,0.08076099955263286,-0.0014627357167798644,0.021335106222254516,0.021725752106431566,-0.0003906458841770495,0.0005348444183265341,196,192,0.9540816326530612,0.9739583333333334,130,124,0.9538461538461539,1.0,38,38,1.0,1.0,7,7,1.0,1.0
percent,barcode94,5pct,5.0,1197,23663,1129,0.9815428414506439,0.9915390675760719,0.9958523791418346,0.07177934717513959,0.08076099955263286,-0.008981652377493266,0.01969745571232258,0.021725752106431566,-0.0020282963941089874,0.001861297106517071,196,183,0.8673469387755102,0.9289617486338798,130,117,0.8538461538461538,0.9487179487179487,38,38,0.9473684210526315,0.9473684210526315,7,7,1.0,1.0
percent,barcode95,0p5pct,0.5,115,29623,1128,0.9340827394550659,0.9521131959239768,0.9632813286751111,0.10510499006157728,0.10239232422333444,0.0027126658382428392,0.035383116194162845,0.02974120468924142,0.005641911504921424,0.0077960640254208634,245,390,0.9142857142857143,0.5743589743589743,166,224,0.9518072289156626,0.7053571428571429,72,110,0.9861111111111112,0.6454545454545455,14,17,0.9285714285714286,0.7647058823529411
percent,barcode95,10pct,10.0,2970,29623,1129,0.9962428351429483,0.9981654008249398,0.9989468621607368,0.10444670671058373,0.10230163128779561,0.0021450754227881202,0.030701243054993867,0.029714861726717733,0.0009863813282761334,0.0013112911370850601,245,259,0.9877551020408163,0.9343629343629344,166,165,0.9578313253012049,0.9636363636363636,72,81,1.0,0.8888888888888888,14,14,1.0,1.0
percent,barcode95,1pct,1.0,269,29623,1129,0.9645577301232346,0.9811925832950248,0.9871871418369549,0.0973464862092903,0.10230163128779561,-0.0049551450785053075,0.030571855041298935,0.029714861726717733,0.0008569933145812017,0.004234441400955145,245,288,0.8857142857142857,0.7534722222222222,166,169,0.8975903614457831,0.8816568047337278,72,86,0.9861111111111112,0.8255813953488372,14,16,0.9285714285714286,0.8125
percent,barcode95,20pct,20.0,5881,29623,1129,0.9982633131894041,0.9991702775140772,0.9995153632745778,0.10382310088183062,0.10230163128779561,0.0015214695940350131,0.030309144753821897,0.029714861726717733,0.0005942830271041637,0.000843698130308783,245,253,0.9836734693877551,0.9525691699604744,166,165,0.9819277108433735,0.9878787878787879,72,80,1.0,0.9,14,14,1.0,1.0
percent,barcode95,2pct,2.0,547,29623,1129,0.9788757937493802,0.9889574023455544,0.99294462854456,0.1036345790801405,0.10230163128779561,0.0013329477923448851,0.031869470653035505,0.029714861726717733,0.0021546089263177713,0.0034108002319435922,245,294,0.9428571428571428,0.7857142857142857,166,181,0.9397590361445783,0.861878453038674,72,89,0.9861111111111112,0.797752808988764,14,16,0.9285714285714286,0.8125
percent,barcode95,40pct,40.0,11845,29623,1130,0.9993939740834602,0.9997094308238673,0.9998189900180118,0.10290432729203798,0.10221109887072677,0.0006932284213112122,0.029960202198220515,0.02968856538890648,0.00027163680931403464,0.0005037858131634302,245,254,0.9959183673469387,0.9606299212598425,166,163,0.9759036144578314,0.9938650306748467,72,74,0.9861111111111112,0.9594594594594594,14,13,0.9285714285714286,1.0
percent,barcode95,5pct,5.0,1435,29623,1129,0.992257259553486,0.9960305453217722,0.9973950498491589,0.10369742225024907,0.10230163128779561,0.0013957909624534581,0.03079932047061431,0.029714861726717733,0.0010844587438965762,0.0019284086757231614,245,266,0.9795918367346939,0.9022556390977443,166,168,0.9518072289156626,0.9404761904761905,72,82,0.9861111111111112,0.8658536585365854,14,14,0.9285714285714286,0.9285714285714286
percent,barcode96,0p5pct,0.5,272,52761,1185,0.9906325179261357,0.9910617421772046,0.9950212420446063,0.7070397262424112,0.7265125752553506,-0.01947284901293944,0.3378970992802289,0.33982401494423276,-0.001926915664003881,0.012824287728994592,882,879,0.9693877551020408,0.9726962457337884,851,856,0.9847238542890717,0.9789719626168224,836,834,0.9952153110047847,0.9976019184652278,799,813,0.9987484355444305,0.981549815498155
percent,barcode96,10pct,10.0,5330,52761,1205,0.9990556371410578,0.9994389684911483,0.9992796802665824,0.7276303354700107,0.7265219938744356,0.0011083415955750464,0.3407790437601178,0.3395829769518513,0.001196066808266505,0.0031810240219666726,898,912,0.9966592427616926,0.981359649122807,866,869,0.9965357967667436,0.9930955120828538,851,850,0.9988249118683902,1.0,812,811,0.9987684729064039,1.0
percent,barcode96,1pct,1.0,541,52761,1194,0.9962707639505651,0.9938338099446891,0.9969366378434499,0.7216520077518105,0.7282889195029002,-0.0066369117510897135,0.34182550198314243,0.34038241961881094,0.0014430823643314938,0.006162147009970134,890,906,0.9853932584269663,0.9679911699779249,859,868,0.9883585564610011,0.978110599078341,844,847,0.9988151658767772,0.9952774498229043,806,805,0.9987593052109182,1.0
percent,barcode96,20pct,20.0,10475,52761,1205,0.999480519324821,0.9995313166317166,0.9993657479065607,0.7283002192543128,0.7265219938744356,0.001778225379877152,0.34084032911167633,0.3395829769518513,0.0012573521598250315,0.002336236698587063,898,910,0.9966592427616926,0.9835164835164835,866,870,0.9988452655889145,0.9942528735632183,851,851,1.0,1.0,812,812,1.0,1.0
percent,barcode96,2pct,2.0,1091,52761,1201,0.9891537336481034,0.9898358045355751,0.9924996444510881,0.7248534713955672,0.7286940302829106,-0.0038405588873433594,0.3416779623031094,0.34062633144803167,0.001051630855077701,0.008537690544115508,897,896,0.9843924191750278,0.9854910714285714,865,859,0.9872832369942196,0.9941792782305006,850,845,0.9929411764705882,0.9988165680473373,812,806,0.9926108374384236,1.0
percent,barcode96,40pct,40.0,20968,52761,1205,0.999710684540684,0.999752035642776,0.9996538522831051,0.7279013055325282,0.7265219938744356,0.0013793116580925746,0.3401591114379306,0.3395829769518513,0.0005761344860792939,0.0012790517605025563,898,903,0.9977728285077951,0.9922480620155039,866,869,0.9988452655889145,0.9953970080552359,851,851,1.0,1.0,812,812,1.0,1.0
percent,barcode96,5pct,5.0,2663,52761,1201,0.9985896293968668,0.9989400814876471,0.9986543079681585,0.7305352357776318,0.7286940302829106,0.0018412054947212209,0.34225414706419993,0.34062633144803167,0.00162781561616826,0.003291240775908406,897,908,0.9955406911928651,0.9834801762114538,865,870,0.9976878612716763,0.9919540229885058,850,851,1.0,0.9988249118683902,812,812,1.0,1.0
